1|0|0.000000|1380|4|6|185.4.1.150|192.168.43.153|443|54088|filetransfer
2|1|0.000080|44|4|6|192.168.43.153|185.4.1.150|54088|443|filetransfer
3|0|0.000280|1380|4|6|185.4.1.150|192.168.43.153|443|54088|filetransfer
4|1|0.000301|44|4|6|192.168.43.153|185.4.1.150|54088|443|filetransfer
5|0|0.032349|1380|4|6|185.4.1.150|192.168.43.153|443|54088|filetransfer
6|1|0.032404|44|4|6|192.168.43.153|185.4.1.150|54088|443|filetransfer
7|0|0.032621|1380|4|6|185.4.1.150|192.168.43.153|443|54088|filetransfer
8|1|0.032630|44|4|6|192.168.43.153|185.4.1.150|54088|443|filetransfer
9|0|0.085170|1380|4|6|185.4.1.150|192.168.43.153|443|54088|filetransfer
10|1|0.085244|44|4|6|192.168.43.153|185.4.1.150|54088|443|filetransfer
11|0|0.115791|1380|4|6|185.4.1.150|192.168.43.153|443|54088|filetransfer
12|1|0.115904|32|4|6|192.168.43.153|185.4.1.150|54088|443|filetransfer
13|0|0.531930|1380|4|6|185.4.1.150|192.168.43.153|443|54088|filetransfer
14|0|0.541833|1380|4|6|185.4.1.150|192.168.43.153|443|54088|filetransfer
15|1|0.541853|32|4|6|192.168.43.153|185.4.1.150|54088|443|filetransfer
16|0|0.543370|1380|4|6|185.4.1.150|192.168.43.153|443|54088|filetransfer
17|1|0.586767|32|4|6|192.168.43.153|185.4.1.150|54088|443|filetransfer
18|0|0.604344|1380|4|6|185.4.1.150|192.168.43.153|443|54088|filetransfer
19|1|0.604368|44|4|6|192.168.43.153|185.4.1.150|54088|443|filetransfer
20|0|0.605897|1380|4|6|185.4.1.150|192.168.43.153|443|54088|filetransfer
21|1|0.605929|32|4|6|192.168.43.153|185.4.1.150|54088|443|filetransfer
22|0|1.035193|1380|4|6|185.4.1.150|192.168.43.153|443|54088|filetransfer
23|1|1.035233|44|4|6|192.168.43.153|185.4.1.150|54088|443|filetransfer
24|0|1.035778|1380|4|6|185.4.1.150|192.168.43.153|443|54088|filetransfer
25|1|1.035839|32|4|6|192.168.43.153|185.4.1.150|54088|443|filetransfer
26|0|1.077737|1380|4|6|185.4.1.150|192.168.43.153|443|54088|filetransfer
27|0|1.079234|1380|4|6|185.4.1.150|192.168.43.153|443|54088|filetransfer
28|1|1.079265|32|4|6|192.168.43.153|185.4.1.150|54088|443|filetransfer
29|0|1.162606|1380|4|6|185.4.1.150|192.168.43.153|443|54088|filetransfer
30|1|1.162650|44|4|6|192.168.43.153|185.4.1.150|54088|443|filetransfer
31|0|1.164191|1380|4|6|185.4.1.150|192.168.43.153|443|54088|filetransfer
32|1|1.164234|32|4|6|192.168.43.153|185.4.1.150|54088|443|filetransfer
33|0|1.508513|1380|4|6|185.4.1.150|192.168.43.153|443|54088|filetransfer
34|0|1.508743|1380|4|6|185.4.1.150|192.168.43.153|443|54088|filetransfer
35|1|1.508773|32|4|6|192.168.43.153|185.4.1.150|54088|443|filetransfer
36|0|1.532645|1380|4|6|185.4.1.150|192.168.43.153|443|54088|filetransfer
37|1|1.582773|32|4|6|192.168.43.153|185.4.1.150|54088|443|filetransfer
38|0|1.585343|1380|4|6|185.4.1.150|192.168.43.153|443|54088|filetransfer
39|1|1.585372|44|4|6|192.168.43.153|185.4.1.150|54088|443|filetransfer
40|0|1.586849|1380|4|6|185.4.1.150|192.168.43.153|443|54088|filetransfer
41|1|1.586891|32|4|6|192.168.43.153|185.4.1.150|54088|443|filetransfer
42|0|1.938607|1380|4|6|185.4.1.150|192.168.43.153|443|54088|filetransfer
43|1|1.938648|44|4|6|192.168.43.153|185.4.1.150|54088|443|filetransfer
44|0|1.938919|1380|4|6|185.4.1.150|192.168.43.153|443|54088|filetransfer
45|1|1.938947|44|4|6|192.168.43.153|185.4.1.150|54088|443|filetransfer
46|0|2.019294|1380|4|6|185.4.1.150|192.168.43.153|443|54088|filetransfer
47|1|2.019334|44|4|6|192.168.43.153|185.4.1.150|54088|443|filetransfer
48|0|2.021909|1380|4|6|185.4.1.150|192.168.43.153|443|54088|filetransfer
49|1|2.023099|44|4|6|192.168.43.153|185.4.1.150|54088|443|filetransfer
50|0|2.049238|1380|4|6|185.4.1.150|192.168.43.153|443|54088|filetransfer
51|1|2.050444|52|4|6|192.168.43.153|185.4.1.150|54088|443|filetransfer
52|0|2.058296|1380|4|6|185.4.1.150|192.168.43.153|443|54088|filetransfer
53|1|2.059507|44|4|6|192.168.43.153|185.4.1.150|54088|443|filetransfer
54|0|2.385728|1380|4|6|185.4.1.150|192.168.43.153|443|54088|filetransfer
55|0|2.386110|1380|4|6|185.4.1.150|192.168.43.153|443|54088|filetransfer
56|1|2.386883|44|4|6|192.168.43.153|185.4.1.150|54088|443|filetransfer
57|0|2.415724|1380|4|6|185.4.1.150|192.168.43.153|443|54088|filetransfer
58|1|2.416921|44|4|6|192.168.43.153|185.4.1.150|54088|443|filetransfer
59|0|2.469368|1380|4|6|185.4.1.150|192.168.43.153|443|54088|filetransfer
60|1|2.470600|44|4|6|192.168.43.153|185.4.1.150|54088|443|filetransfer
61|0|2.483242|1380|4|6|185.4.1.150|192.168.43.153|443|54088|filetransfer
62|1|2.484449|44|4|6|192.168.43.153|185.4.1.150|54088|443|filetransfer
63|0|2.513629|1380|4|6|185.4.1.150|192.168.43.153|443|54088|filetransfer
64|1|2.514809|44|4|6|192.168.43.153|185.4.1.150|54088|443|filetransfer
65|0|2.524397|1380|4|6|185.4.1.150|192.168.43.153|443|54088|filetransfer
66|1|2.524448|44|4|6|192.168.43.153|185.4.1.150|54088|443|filetransfer
67|0|2.885628|1380|4|6|185.4.1.150|192.168.43.153|443|54088|filetransfer
68|1|2.885683|32|4|6|192.168.43.153|185.4.1.150|54088|443|filetransfer
69|0|2.911141|1380|4|6|185.4.1.150|192.168.43.153|443|54088|filetransfer
70|0|2.960275|1380|4|6|185.4.1.150|192.168.43.153|443|54088|filetransfer
71|1|2.960312|32|4|6|192.168.43.153|185.4.1.150|54088|443|filetransfer
72|0|2.979703|1380|4|6|185.4.1.150|192.168.43.153|443|54088|filetransfer
73|0|3.010886|1380|4|6|185.4.1.150|192.168.43.153|443|54088|filetransfer
74|1|3.010923|32|4|6|192.168.43.153|185.4.1.150|54088|443|filetransfer
75|0|3.030462|1380|4|6|185.4.1.150|192.168.43.153|443|54088|filetransfer
76|1|3.082801|32|4|6|192.168.43.153|185.4.1.150|54088|443|filetransfer
77|0|3.582495|1380|4|6|185.4.1.150|192.168.43.153|443|54088|filetransfer
78|0|3.583917|1380|4|6|185.4.1.150|192.168.43.153|443|54088|filetransfer
79|1|3.584081|32|4|6|192.168.43.153|185.4.1.150|54088|443|filetransfer
80|0|3.623537|1380|4|6|185.4.1.150|192.168.43.153|443|54088|filetransfer
81|1|3.623577|44|4|6|192.168.43.153|185.4.1.150|54088|443|filetransfer
82|0|3.623745|1380|4|6|185.4.1.150|192.168.43.153|443|54088|filetransfer
83|1|3.623775|32|4|6|192.168.43.153|185.4.1.150|54088|443|filetransfer
84|0|3.703728|1380|4|6|185.4.1.150|192.168.43.153|443|54088|filetransfer
85|1|3.703783|44|4|6|192.168.43.153|185.4.1.150|54088|443|filetransfer
86|0|3.704003|1380|4|6|185.4.1.150|192.168.43.153|443|54088|filetransfer
87|1|3.704059|32|4|6|192.168.43.153|185.4.1.150|54088|443|filetransfer
88|0|4.088025|1380|4|6|185.4.1.150|192.168.43.153|443|54088|filetransfer
89|0|4.090717|1380|4|6|185.4.1.150|192.168.43.153|443|54088|filetransfer
90|1|4.090754|32|4|6|192.168.43.153|185.4.1.150|54088|443|filetransfer
91|0|4.139682|1380|4|6|185.4.1.150|192.168.43.153|443|54088|filetransfer
92|0|4.139971|1380|4|6|185.4.1.150|192.168.43.153|443|54088|filetransfer
93|1|4.140000|32|4|6|192.168.43.153|185.4.1.150|54088|443|filetransfer
94|0|4.192862|1380|4|6|185.4.1.150|192.168.43.153|443|54088|filetransfer
95|1|4.274837|32|4|6|192.168.43.153|185.4.1.150|54088|443|filetransfer
96|0|4.508952|1380|4|6|185.4.1.150|192.168.43.153|443|54088|filetransfer
97|1|4.508987|44|4|6|192.168.43.153|185.4.1.150|54088|443|filetransfer
98|0|4.612742|1380|4|6|185.4.1.150|192.168.43.153|443|54088|filetransfer
99|1|4.612777|32|4|6|192.168.43.153|185.4.1.150|54088|443|filetransfer
100|0|4.614221|1380|4|6|185.4.1.150|192.168.43.153|443|54088|filetransfer
101|1|4.614255|32|4|6|192.168.43.153|185.4.1.150|54088|443|filetransfer
102|0|4.655720|1380|4|6|185.4.1.150|192.168.43.153|443|54088|filetransfer
103|1|4.655756|32|4|6|192.168.43.153|185.4.1.150|54088|443|filetransfer
104|0|4.655856|1380|4|6|185.4.1.150|192.168.43.153|443|54088|filetransfer
105|1|4.655876|32|4|6|192.168.43.153|185.4.1.150|54088|443|filetransfer
106|0|5.209176|1380|4|6|185.4.1.150|192.168.43.153|443|54088|filetransfer
107|1|5.209216|44|4|6|192.168.43.153|185.4.1.150|54088|443|filetransfer
108|0|5.209318|1380|4|6|185.4.1.150|192.168.43.153|443|54088|filetransfer
109|1|5.209330|44|4|6|192.168.43.153|185.4.1.150|54088|443|filetransfer
110|0|5.280674|1380|4|6|185.4.1.150|192.168.43.153|443|54088|filetransfer
111|1|5.280722|44|4|6|192.168.43.153|185.4.1.150|54088|443|filetransfer
112|0|5.282163|1380|4|6|185.4.1.150|192.168.43.153|443|54088|filetransfer
113|1|5.282205|44|4|6|192.168.43.153|185.4.1.150|54088|443|filetransfer
114|0|5.357285|1380|4|6|185.4.1.150|192.168.43.153|443|54088|filetransfer
115|1|5.357325|44|4|6|192.168.43.153|185.4.1.150|54088|443|filetransfer
116|0|5.357785|1380|4|6|185.4.1.150|192.168.43.153|443|54088|filetransfer
117|1|5.357831|44|4|6|192.168.43.153|185.4.1.150|54088|443|filetransfer
118|0|5.705597|1380|4|6|185.4.1.150|192.168.43.153|443|54088|filetransfer
119|1|5.705637|44|4|6|192.168.43.153|185.4.1.150|54088|443|filetransfer
120|0|5.815392|1380|4|6|185.4.1.150|192.168.43.153|443|54088|filetransfer
121|1|5.815432|44|4|6|192.168.43.153|185.4.1.150|54088|443|filetransfer
122|0|5.815684|1380|4|6|185.4.1.150|192.168.43.153|443|54088|filetransfer
123|1|5.815709|44|4|6|192.168.43.153|185.4.1.150|54088|443|filetransfer
124|0|5.818554|1380|4|6|185.4.1.150|192.168.43.153|443|54088|filetransfer
125|1|5.818586|44|4|6|192.168.43.153|185.4.1.150|54088|443|filetransfer
126|0|6.325186|1380|4|6|185.4.1.150|192.168.43.153|443|54088|filetransfer
127|1|6.325239|44|4|6|192.168.43.153|185.4.1.150|54088|443|filetransfer
128|0|6.335343|1380|4|6|185.4.1.150|192.168.43.153|443|54088|filetransfer
129|1|6.335388|32|4|6|192.168.43.153|185.4.1.150|54088|443|filetransfer
130|0|6.360665|1380|4|6|185.4.1.150|192.168.43.153|443|54088|filetransfer
131|1|6.360697|32|4|6|192.168.43.153|185.4.1.150|54088|443|filetransfer
132|0|6.362042|1380|4|6|185.4.1.150|192.168.43.153|443|54088|filetransfer
133|1|6.362075|32|4|6|192.168.43.153|185.4.1.150|54088|443|filetransfer
134|0|6.409513|1380|4|6|185.4.1.150|192.168.43.153|443|54088|filetransfer
135|1|6.409549|32|4|6|192.168.43.153|185.4.1.150|54088|443|filetransfer
136|0|6.855135|1380|4|6|185.4.1.150|192.168.43.153|443|54088|filetransfer
137|1|6.855168|32|4|6|192.168.43.153|185.4.1.150|54088|443|filetransfer
138|0|6.855407|1380|4|6|185.4.1.150|192.168.43.153|443|54088|filetransfer
139|1|6.855426|32|4|6|192.168.43.153|185.4.1.150|54088|443|filetransfer
140|0|6.920779|1380|4|6|185.4.1.150|192.168.43.153|443|54088|filetransfer
141|1|6.920875|44|4|6|192.168.43.153|185.4.1.150|54088|443|filetransfer
142|0|6.923371|1380|4|6|185.4.1.150|192.168.43.153|443|54088|filetransfer
143|1|6.923422|32|4|6|192.168.43.153|185.4.1.150|54088|443|filetransfer
144|0|7.031287|1380|4|6|185.4.1.150|192.168.43.153|443|54088|filetransfer
145|1|7.031323|32|4|6|192.168.43.153|185.4.1.150|54088|443|filetransfer
146|0|7.031563|1380|4|6|185.4.1.150|192.168.43.153|443|54088|filetransfer
147|1|7.031592|32|4|6|192.168.43.153|185.4.1.150|54088|443|filetransfer
148|0|7.434478|1380|4|6|185.4.1.150|192.168.43.153|443|54088|filetransfer
149|1|7.434515|44|4|6|192.168.43.153|185.4.1.150|54088|443|filetransfer
150|0|7.434764|1380|4|6|185.4.1.150|192.168.43.153|443|54088|filetransfer
151|1|7.434796|32|4|6|192.168.43.153|185.4.1.150|54088|443|filetransfer
152|0|7.474576|1380|4|6|185.4.1.150|192.168.43.153|443|54088|filetransfer
153|1|7.474608|32|4|6|192.168.43.153|185.4.1.150|54088|443|filetransfer
154|0|7.518440|1380|4|6|185.4.1.150|192.168.43.153|443|54088|filetransfer
155|1|7.518479|44|4|6|192.168.43.153|185.4.1.150|54088|443|filetransfer
156|0|7.519867|1380|4|6|185.4.1.150|192.168.43.153|443|54088|filetransfer
157|1|7.519931|32|4|6|192.168.43.153|185.4.1.150|54088|443|filetransfer
158|0|7.929042|1380|4|6|185.4.1.150|192.168.43.153|443|54088|filetransfer
159|1|7.929076|44|4|6|192.168.43.153|185.4.1.150|54088|443|filetransfer
160|0|7.929390|1380|4|6|185.4.1.150|192.168.43.153|443|54088|filetransfer
161|1|7.929421|32|4|6|192.168.43.153|185.4.1.150|54088|443|filetransfer
162|0|7.974905|1380|4|6|185.4.1.150|192.168.43.153|443|54088|filetransfer
163|1|8.018835|32|4|6|192.168.43.153|185.4.1.150|54088|443|filetransfer
164|0|8.479734|1380|4|6|185.4.1.150|192.168.43.153|443|54088|filetransfer
165|1|8.479776|44|4|6|192.168.43.153|185.4.1.150|54088|443|filetransfer
166|0|8.480184|1380|4|6|185.4.1.150|192.168.43.153|443|54088|filetransfer
167|1|8.480223|32|4|6|192.168.43.153|185.4.1.150|54088|443|filetransfer
168|0|8.502653|1380|4|6|185.4.1.150|192.168.43.153|443|54088|filetransfer
169|0|8.503989|1380|4|6|185.4.1.150|192.168.43.153|443|54088|filetransfer
170|1|8.504028|32|4|6|192.168.43.153|185.4.1.150|54088|443|filetransfer
171|0|8.592465|1380|4|6|185.4.1.150|192.168.43.153|443|54088|filetransfer
172|0|8.632079|1380|4|6|185.4.1.150|192.168.43.153|443|54088|filetransfer
173|1|8.632118|44|4|6|192.168.43.153|185.4.1.150|54088|443|filetransfer
174|0|8.634706|1380|4|6|185.4.1.150|192.168.43.153|443|54088|filetransfer
175|1|8.634769|32|4|6|192.168.43.153|185.4.1.150|54088|443|filetransfer
176|0|10.241836|1380|4|6|185.4.1.150|192.168.43.153|443|54088|filetransfer
177|1|10.241872|44|4|6|192.168.43.153|185.4.1.150|54088|443|filetransfer
178|0|13.263212|1380|4|6|185.4.1.150|192.168.43.153|443|54088|filetransfer
179|1|13.263250|44|4|6|192.168.43.153|185.4.1.150|54088|443|filetransfer
180|0|14.082816|1380|4|6|185.4.1.150|192.168.43.153|443|54088|filetransfer
181|1|14.082850|44|4|6|192.168.43.153|185.4.1.150|54088|443|filetransfer
182|0|14.082955|1380|4|6|185.4.1.150|192.168.43.153|443|54088|filetransfer
183|1|14.082973|44|4|6|192.168.43.153|185.4.1.150|54088|443|filetransfer
184|0|14.083112|1380|4|6|185.4.1.150|192.168.43.153|443|54088|filetransfer
185|1|14.083125|44|4|6|192.168.43.153|185.4.1.150|54088|443|filetransfer
186|0|14.121627|1380|4|6|185.4.1.150|192.168.43.153|443|54088|filetransfer
187|1|14.121674|44|4|6|192.168.43.153|185.4.1.150|54088|443|filetransfer
188|0|14.121911|1380|4|6|185.4.1.150|192.168.43.153|443|54088|filetransfer
189|1|14.121937|44|4|6|192.168.43.153|185.4.1.150|54088|443|filetransfer
190|0|14.638780|1380|4|6|185.4.1.150|192.168.43.153|443|54088|filetransfer
191|1|14.638828|44|4|6|192.168.43.153|185.4.1.150|54088|443|filetransfer
192|0|14.638927|1380|4|6|185.4.1.150|192.168.43.153|443|54088|filetransfer
193|1|14.638937|44|4|6|192.168.43.153|185.4.1.150|54088|443|filetransfer
194|0|14.669437|1380|4|6|185.4.1.150|192.168.43.153|443|54088|filetransfer
195|1|14.669480|44|4|6|192.168.43.153|185.4.1.150|54088|443|filetransfer
196|0|15.133951|1380|4|6|185.4.1.150|192.168.43.153|443|54088|filetransfer
197|1|15.134011|44|4|6|192.168.43.153|185.4.1.150|54088|443|filetransfer
198|0|15.173372|1380|4|6|185.4.1.150|192.168.43.153|443|54088|filetransfer
199|1|15.173429|32|4|6|192.168.43.153|185.4.1.150|54088|443|filetransfer
200|0|15.229826|1380|4|6|185.4.1.150|192.168.43.153|443|54088|filetransfer
201|1|15.229862|32|4|6|192.168.43.153|185.4.1.150|54088|443|filetransfer
202|0|15.282004|1380|4|6|185.4.1.150|192.168.43.153|443|54088|filetransfer
203|1|15.282042|44|4|6|192.168.43.153|185.4.1.150|54088|443|filetransfer
204|0|15.282137|1380|4|6|185.4.1.150|192.168.43.153|443|54088|filetransfer
205|1|15.282163|32|4|6|192.168.43.153|185.4.1.150|54088|443|filetransfer
206|0|15.694348|1380|4|6|185.4.1.150|192.168.43.153|443|54088|filetransfer
207|1|15.694379|32|4|6|192.168.43.153|185.4.1.150|54088|443|filetransfer
208|0|15.695346|1380|4|6|185.4.1.150|192.168.43.153|443|54088|filetransfer
209|1|15.695378|32|4|6|192.168.43.153|185.4.1.150|54088|443|filetransfer
210|0|15.797089|1380|4|6|185.4.1.150|192.168.43.153|443|54088|filetransfer
211|1|15.797125|32|4|6|192.168.43.153|185.4.1.150|54088|443|filetransfer
212|0|15.797365|1380|4|6|185.4.1.150|192.168.43.153|443|54088|filetransfer
213|1|15.797389|32|4|6|192.168.43.153|185.4.1.150|54088|443|filetransfer
214|0|15.994035|1380|4|6|185.4.1.150|192.168.43.153|443|54088|filetransfer
215|1|15.994054|32|4|6|192.168.43.153|185.4.1.150|54088|443|filetransfer
216|0|16.194593|1380|4|6|185.4.1.150|192.168.43.153|443|54088|filetransfer
217|1|16.194616|32|4|6|192.168.43.153|185.4.1.150|54088|443|filetransfer
218|0|16.194809|1380|4|6|185.4.1.150|192.168.43.153|443|54088|filetransfer
219|1|16.194817|32|4|6|192.168.43.153|185.4.1.150|54088|443|filetransfer
220|0|16.513469|1380|4|6|185.4.1.150|192.168.43.153|443|54088|filetransfer
221|1|16.513496|44|4|6|192.168.43.153|185.4.1.150|54088|443|filetransfer
222|0|16.523345|1380|4|6|185.4.1.150|192.168.43.153|443|54088|filetransfer
223|1|16.523383|32|4|6|192.168.43.153|185.4.1.150|54088|443|filetransfer
224|0|16.714359|1380|4|6|185.4.1.150|192.168.43.153|443|54088|filetransfer
225|1|16.714395|44|4|6|192.168.43.153|185.4.1.150|54088|443|filetransfer
226|0|16.715211|1380|4|6|185.4.1.150|192.168.43.153|443|54088|filetransfer
227|1|16.715246|44|4|6|192.168.43.153|185.4.1.150|54088|443|filetransfer
228|0|21.659997|1380|4|6|185.4.1.150|192.168.43.153|443|54088|filetransfer
229|1|21.660032|52|4|6|192.168.43.153|185.4.1.150|54088|443|filetransfer
230|0|30.399502|1380|4|6|185.4.1.150|192.168.43.153|443|54088|filetransfer
231|1|30.399537|52|4|6|192.168.43.153|185.4.1.150|54088|443|filetransfer
232|0|30.976993|1380|4|6|185.4.1.150|192.168.43.153|443|54088|filetransfer
233|1|30.977043|52|4|6|192.168.43.153|185.4.1.150|54088|443|filetransfer
234|0|30.977140|1380|4|6|185.4.1.150|192.168.43.153|443|54088|filetransfer
235|1|30.977160|52|4|6|192.168.43.153|185.4.1.150|54088|443|filetransfer
236|0|31.340810|1380|4|6|185.4.1.150|192.168.43.153|443|54088|filetransfer
237|1|31.340851|52|4|6|192.168.43.153|185.4.1.150|54088|443|filetransfer
238|0|31.535005|1380|4|6|185.4.1.150|192.168.43.153|443|54088|filetransfer
239|1|31.535042|52|4|6|192.168.43.153|185.4.1.150|54088|443|filetransfer
240|0|31.635150|1380|4|6|185.4.1.150|192.168.43.153|443|54088|filetransfer
241|1|31.635190|52|4|6|192.168.43.153|185.4.1.150|54088|443|filetransfer
242|0|32.314876|1380|4|6|185.4.1.150|192.168.43.153|443|54088|filetransfer
243|1|32.314932|52|4|6|192.168.43.153|185.4.1.150|54088|443|filetransfer
244|0|32.960328|1380|4|6|185.4.1.150|192.168.43.153|443|54088|filetransfer
245|1|32.960382|52|4|6|192.168.43.153|185.4.1.150|54088|443|filetransfer
246|0|33.608827|1380|4|6|185.4.1.150|192.168.43.153|443|54088|filetransfer
247|1|33.608857|52|4|6|192.168.43.153|185.4.1.150|54088|443|filetransfer
248|0|33.609197|1380|4|6|185.4.1.150|192.168.43.153|443|54088|filetransfer
249|1|33.609217|44|4|6|192.168.43.153|185.4.1.150|54088|443|filetransfer
250|0|33.639392|1380|4|6|185.4.1.150|192.168.43.153|443|54088|filetransfer
251|1|33.639425|44|4|6|192.168.43.153|185.4.1.150|54088|443|filetransfer
252|0|34.157055|1380|4|6|185.4.1.150|192.168.43.153|443|54088|filetransfer
253|1|34.157097|44|4|6|192.168.43.153|185.4.1.150|54088|443|filetransfer
254|0|34.157323|1380|4|6|185.4.1.150|192.168.43.153|443|54088|filetransfer
255|1|34.157341|44|4|6|192.168.43.153|185.4.1.150|54088|443|filetransfer
256|0|34.198656|1380|4|6|185.4.1.150|192.168.43.153|443|54088|filetransfer
257|1|34.198698|44|4|6|192.168.43.153|185.4.1.150|54088|443|filetransfer
258|0|34.880469|1380|4|6|185.4.1.150|192.168.43.153|443|54088|filetransfer
259|1|34.880507|44|4|6|192.168.43.153|185.4.1.150|54088|443|filetransfer
260|0|34.880813|1380|4|6|185.4.1.150|192.168.43.153|443|54088|filetransfer
261|1|34.880852|44|4|6|192.168.43.153|185.4.1.150|54088|443|filetransfer
262|0|34.884727|1380|4|6|185.4.1.150|192.168.43.153|443|54088|filetransfer
263|1|34.884773|44|4|6|192.168.43.153|185.4.1.150|54088|443|filetransfer
264|0|35.522423|1380|4|6|185.4.1.150|192.168.43.153|443|54088|filetransfer
265|1|35.522463|44|4|6|192.168.43.153|185.4.1.150|54088|443|filetransfer
266|0|35.522717|1380|4|6|185.4.1.150|192.168.43.153|443|54088|filetransfer
267|1|35.522742|44|4|6|192.168.43.153|185.4.1.150|54088|443|filetransfer
268|0|35.522829|1380|4|6|185.4.1.150|192.168.43.153|443|54088|filetransfer
269|1|35.522841|44|4|6|192.168.43.153|185.4.1.150|54088|443|filetransfer
270|0|36.009483|1380|4|6|185.4.1.150|192.168.43.153|443|54088|filetransfer
271|1|36.009523|44|4|6|192.168.43.153|185.4.1.150|54088|443|filetransfer
272|0|36.024064|1380|4|6|185.4.1.150|192.168.43.153|443|54088|filetransfer
273|1|36.024103|44|4|6|192.168.43.153|185.4.1.150|54088|443|filetransfer
274|0|36.044284|1380|4|6|185.4.1.150|192.168.43.153|443|54088|filetransfer
275|1|36.044327|44|4|6|192.168.43.153|185.4.1.150|54088|443|filetransfer
276|0|36.521033|1380|4|6|185.4.1.150|192.168.43.153|443|54088|filetransfer
277|1|36.521074|44|4|6|192.168.43.153|185.4.1.150|54088|443|filetransfer
278|0|36.521443|1380|4|6|185.4.1.150|192.168.43.153|443|54088|filetransfer
279|1|36.521521|44|4|6|192.168.43.153|185.4.1.150|54088|443|filetransfer
280|0|36.553369|1380|4|6|185.4.1.150|192.168.43.153|443|54088|filetransfer
281|1|36.554577|44|4|6|192.168.43.153|185.4.1.150|54088|443|filetransfer
282|0|37.037560|1380|4|6|185.4.1.150|192.168.43.153|443|54088|filetransfer
283|0|37.037897|1380|4|6|185.4.1.150|192.168.43.153|443|54088|filetransfer
284|1|37.038791|44|4|6|192.168.43.153|185.4.1.150|54088|443|filetransfer
285|0|37.074775|1380|4|6|185.4.1.150|192.168.43.153|443|54088|filetransfer
286|1|37.075984|44|4|6|192.168.43.153|185.4.1.150|54088|443|filetransfer
287|0|37.557902|1380|4|6|185.4.1.150|192.168.43.153|443|54088|filetransfer
288|0|37.558113|1380|4|6|185.4.1.150|192.168.43.153|443|54088|filetransfer
289|1|37.559080|44|4|6|192.168.43.153|185.4.1.150|54088|443|filetransfer
290|0|37.593695|1380|4|6|185.4.1.150|192.168.43.153|443|54088|filetransfer
291|1|37.594841|44|4|6|192.168.43.153|185.4.1.150|54088|443|filetransfer
292|0|38.042441|1380|4|6|185.4.1.150|192.168.43.153|443|54088|filetransfer
293|1|38.043657|44|4|6|192.168.43.153|185.4.1.150|54088|443|filetransfer
294|0|38.044246|1380|4|6|185.4.1.150|192.168.43.153|443|54088|filetransfer
295|1|38.045454|44|4|6|192.168.43.153|185.4.1.150|54088|443|filetransfer
296|0|38.074925|1380|4|6|185.4.1.150|192.168.43.153|443|54088|filetransfer
297|1|38.076135|44|4|6|192.168.43.153|185.4.1.150|54088|443|filetransfer
298|0|38.554487|1380|4|6|185.4.1.150|192.168.43.153|443|54088|filetransfer
299|0|38.554590|1380|4|6|185.4.1.150|192.168.43.153|443|54088|filetransfer
300|1|38.555661|44|4|6|192.168.43.153|185.4.1.150|54088|443|filetransfer
301|0|38.602640|1380|4|6|185.4.1.150|192.168.43.153|443|54088|filetransfer
302|1|38.603848|44|4|6|192.168.43.153|185.4.1.150|54088|443|filetransfer
303|0|39.082808|1380|4|6|185.4.1.150|192.168.43.153|443|54088|filetransfer
304|0|39.083003|1380|4|6|185.4.1.150|192.168.43.153|443|54088|filetransfer
305|1|39.084058|44|4|6|192.168.43.153|185.4.1.150|54088|443|filetransfer
306|0|39.598244|1380|4|6|185.4.1.150|192.168.43.153|443|54088|filetransfer
307|0|39.598533|1380|4|6|185.4.1.150|192.168.43.153|443|54088|filetransfer
308|0|39.598651|1380|4|6|185.4.1.150|192.168.43.153|443|54088|filetransfer
309|1|39.599424|44|4|6|192.168.43.153|185.4.1.150|54088|443|filetransfer
310|0|40.321709|1380|4|6|185.4.1.150|192.168.43.153|443|54088|filetransfer
311|0|40.321966|1380|4|6|185.4.1.150|192.168.43.153|443|54088|filetransfer
312|0|40.322066|1380|4|6|185.4.1.150|192.168.43.153|443|54088|filetransfer
313|1|40.322863|44|4|6|192.168.43.153|185.4.1.150|54088|443|filetransfer
314|0|40.821020|1380|4|6|185.4.1.150|192.168.43.153|443|54088|filetransfer
315|1|40.822215|52|4|6|192.168.43.153|185.4.1.150|54088|443|filetransfer
316|0|40.822723|1380|4|6|185.4.1.150|192.168.43.153|443|54088|filetransfer
317|0|40.823744|1380|4|6|185.4.1.150|192.168.43.153|443|54088|filetransfer
318|1|40.823871|44|4|6|192.168.43.153|185.4.1.150|54088|443|filetransfer
319|0|41.596798|1380|4|6|185.4.1.150|192.168.43.153|443|54088|filetransfer
320|1|41.597944|52|4|6|192.168.43.153|185.4.1.150|54088|443|filetransfer
321|0|41.598266|1380|4|6|185.4.1.150|192.168.43.153|443|54088|filetransfer
322|1|41.599432|52|4|6|192.168.43.153|185.4.1.150|54088|443|filetransfer
323|0|41.607692|1380|4|6|185.4.1.150|192.168.43.153|443|54088|filetransfer
324|1|41.608901|44|4|6|192.168.43.153|185.4.1.150|54088|443|filetransfer
325|0|42.238249|1380|4|6|185.4.1.150|192.168.43.153|443|54088|filetransfer
326|0|42.238537|1380|4|6|185.4.1.150|192.168.43.153|443|54088|filetransfer
327|1|42.239427|44|4|6|192.168.43.153|185.4.1.150|54088|443|filetransfer
328|0|42.240861|1380|4|6|185.4.1.150|192.168.43.153|443|54088|filetransfer
329|1|42.242068|44|4|6|192.168.43.153|185.4.1.150|54088|443|filetransfer
330|0|42.731793|1380|4|6|185.4.1.150|192.168.43.153|443|54088|filetransfer
331|0|42.732199|1380|4|6|185.4.1.150|192.168.43.153|443|54088|filetransfer
332|1|42.732990|52|4|6|192.168.43.153|185.4.1.150|54088|443|filetransfer
333|0|42.734372|1380|4|6|185.4.1.150|192.168.43.153|443|54088|filetransfer
334|1|42.735587|44|4|6|192.168.43.153|185.4.1.150|54088|443|filetransfer
335|0|43.526694|1380|4|6|185.4.1.150|192.168.43.153|443|54088|filetransfer
336|0|43.527044|1380|4|6|185.4.1.150|192.168.43.153|443|54088|filetransfer
337|0|43.527177|1380|4|6|185.4.1.150|192.168.43.153|443|54088|filetransfer
338|1|43.527875|44|4|6|192.168.43.153|185.4.1.150|54088|443|filetransfer
339|0|44.161293|1380|4|6|185.4.1.150|192.168.43.153|443|54088|filetransfer
340|0|44.161579|1380|4|6|185.4.1.150|192.168.43.153|443|54088|filetransfer
341|1|44.162500|52|4|6|192.168.43.153|185.4.1.150|54088|443|filetransfer
342|0|44.162645|1380|4|6|185.4.1.150|192.168.43.153|443|54088|filetransfer
343|1|44.163841|44|4|6|192.168.43.153|185.4.1.150|54088|443|filetransfer
344|0|44.716745|1380|4|6|185.4.1.150|192.168.43.153|443|54088|filetransfer
345|0|44.716966|1380|4|6|185.4.1.150|192.168.43.153|443|54088|filetransfer
346|0|44.717100|1380|4|6|185.4.1.150|192.168.43.153|443|54088|filetransfer
347|1|44.717959|44|4|6|192.168.43.153|185.4.1.150|54088|443|filetransfer
348|0|45.441325|1380|4|6|185.4.1.150|192.168.43.153|443|54088|filetransfer
349|0|45.441651|1380|4|6|185.4.1.150|192.168.43.153|443|54088|filetransfer
350|0|45.441806|1380|4|6|185.4.1.150|192.168.43.153|443|54088|filetransfer
351|1|45.442495|44|4|6|192.168.43.153|185.4.1.150|54088|443|filetransfer
352|0|45.930805|1380|4|6|185.4.1.150|192.168.43.153|443|54088|filetransfer
353|0|45.931012|1380|4|6|185.4.1.150|192.168.43.153|443|54088|filetransfer
354|1|45.932019|44|4|6|192.168.43.153|185.4.1.150|54088|443|filetransfer
355|0|46.713446|1380|4|6|185.4.1.150|192.168.43.153|443|54088|filetransfer
356|0|46.713665|1380|4|6|185.4.1.150|192.168.43.153|443|54088|filetransfer
357|1|46.714654|52|4|6|192.168.43.153|185.4.1.150|54088|443|filetransfer
358|0|47.156198|1380|4|6|185.4.1.150|192.168.43.153|443|54088|filetransfer
359|0|47.156577|1380|4|6|185.4.1.150|192.168.43.153|443|54088|filetransfer
360|1|47.157391|52|4|6|192.168.43.153|185.4.1.150|54088|443|filetransfer
361|0|49.281456|1380|4|6|185.4.1.150|192.168.43.153|443|54088|filetransfer
362|1|49.281525|44|4|6|192.168.43.153|185.4.1.150|54088|443|filetransfer
363|0|49.769062|1380|4|6|185.4.1.150|192.168.43.153|443|54088|filetransfer
364|1|49.769112|44|4|6|192.168.43.153|185.4.1.150|54088|443|filetransfer
365|0|49.769329|1380|4|6|185.4.1.150|192.168.43.153|443|54088|filetransfer
366|1|49.769361|32|4|6|192.168.43.153|185.4.1.150|54088|443|filetransfer
367|0|49.771807|1380|4|6|185.4.1.150|192.168.43.153|443|54088|filetransfer
368|1|49.771845|32|4|6|192.168.43.153|185.4.1.150|54088|443|filetransfer
369|0|49.862540|1380|4|6|185.4.1.150|192.168.43.153|443|54088|filetransfer
370|1|49.862581|44|4|6|192.168.43.153|185.4.1.150|54088|443|filetransfer
371|0|49.864153|1380|4|6|185.4.1.150|192.168.43.153|443|54088|filetransfer
372|1|49.864207|32|4|6|192.168.43.153|185.4.1.150|54088|443|filetransfer
373|0|50.558417|1380|4|6|185.4.1.150|192.168.43.153|443|54088|filetransfer
374|1|50.558455|44|4|6|192.168.43.153|185.4.1.150|54088|443|filetransfer
375|0|50.559898|1380|4|6|185.4.1.150|192.168.43.153|443|54088|filetransfer
376|1|50.559952|32|4|6|192.168.43.153|185.4.1.150|54088|443|filetransfer
377|0|50.560109|1380|4|6|185.4.1.150|192.168.43.153|443|54088|filetransfer
378|1|50.560124|32|4|6|192.168.43.153|185.4.1.150|54088|443|filetransfer
379|0|50.560301|1380|4|6|185.4.1.150|192.168.43.153|443|54088|filetransfer
380|1|50.560325|32|4|6|192.168.43.153|185.4.1.150|54088|443|filetransfer
381|0|50.560414|1380|4|6|185.4.1.150|192.168.43.153|443|54088|filetransfer
382|1|50.560425|32|4|6|192.168.43.153|185.4.1.150|54088|443|filetransfer
383|0|50.942002|1380|4|6|185.4.1.150|192.168.43.153|443|54088|filetransfer
384|1|50.942039|32|4|6|192.168.43.153|185.4.1.150|54088|443|filetransfer
385|0|50.944644|1380|4|6|185.4.1.150|192.168.43.153|443|54088|filetransfer
386|1|50.944680|32|4|6|192.168.43.153|185.4.1.150|54088|443|filetransfer
387|0|50.997265|1380|4|6|185.4.1.150|192.168.43.153|443|54088|filetransfer
388|1|50.997300|32|4|6|192.168.43.153|185.4.1.150|54088|443|filetransfer
389|0|51.043570|1380|4|6|185.4.1.150|192.168.43.153|443|54088|filetransfer
390|1|51.043606|44|4|6|192.168.43.153|185.4.1.150|54088|443|filetransfer
391|0|51.043913|1380|4|6|185.4.1.150|192.168.43.153|443|54088|filetransfer
392|1|51.043948|32|4|6|192.168.43.153|185.4.1.150|54088|443|filetransfer
393|0|51.137400|1380|4|6|185.4.1.150|192.168.43.153|443|54088|filetransfer
394|0|51.137703|1380|4|6|185.4.1.150|192.168.43.153|443|54088|filetransfer
395|1|51.137733|32|4|6|192.168.43.153|185.4.1.150|54088|443|filetransfer
396|0|51.284724|1380|4|6|185.4.1.150|192.168.43.153|443|54088|filetransfer
397|0|51.284940|1380|4|6|185.4.1.150|192.168.43.153|443|54088|filetransfer
398|1|51.284967|32|4|6|192.168.43.153|185.4.1.150|54088|443|filetransfer
399|0|51.314910|1380|4|6|185.4.1.150|192.168.43.153|443|54088|filetransfer
400|1|51.314950|44|4|6|192.168.43.153|185.4.1.150|54088|443|filetransfer
401|0|51.315178|1380|4|6|185.4.1.150|192.168.43.153|443|54088|filetransfer
402|1|51.315226|32|4|6|192.168.43.153|185.4.1.150|54088|443|filetransfer
403|0|51.394945|1380|4|6|185.4.1.150|192.168.43.153|443|54088|filetransfer
404|1|51.394984|44|4|6|192.168.43.153|185.4.1.150|54088|443|filetransfer
405|0|51.396708|1380|4|6|185.4.1.150|192.168.43.153|443|54088|filetransfer
406|1|51.396767|32|4|6|192.168.43.153|185.4.1.150|54088|443|filetransfer
407|0|51.492911|1380|4|6|185.4.1.150|192.168.43.153|443|54088|filetransfer
408|0|51.493328|1380|4|6|185.4.1.150|192.168.43.153|443|54088|filetransfer
409|1|51.493359|32|4|6|192.168.43.153|185.4.1.150|54088|443|filetransfer
410|0|51.510181|1380|4|6|185.4.1.150|192.168.43.153|443|54088|filetransfer
411|0|51.510506|1380|4|6|185.4.1.150|192.168.43.153|443|54088|filetransfer
412|1|51.510538|32|4|6|192.168.43.153|185.4.1.150|54088|443|filetransfer
413|0|51.608985|1380|4|6|185.4.1.150|192.168.43.153|443|54088|filetransfer
414|0|51.647976|1380|4|6|185.4.1.150|192.168.43.153|443|54088|filetransfer
415|1|51.648016|44|4|6|192.168.43.153|185.4.1.150|54088|443|filetransfer
416|0|51.655952|1380|4|6|185.4.1.150|192.168.43.153|443|54088|filetransfer
417|1|51.655992|44|4|6|192.168.43.153|185.4.1.150|54088|443|filetransfer
418|0|51.725011|1380|4|6|185.4.1.150|192.168.43.153|443|54088|filetransfer
419|1|51.725038|44|4|6|192.168.43.153|185.4.1.150|54088|443|filetransfer
420|0|51.726353|1380|4|6|185.4.1.150|192.168.43.153|443|54088|filetransfer
421|1|51.727503|44|4|6|192.168.43.153|185.4.1.150|54088|443|filetransfer
422|0|51.838722|1380|4|6|185.4.1.150|192.168.43.153|443|54088|filetransfer
423|0|51.839119|1380|4|6|185.4.1.150|192.168.43.153|443|54088|filetransfer
424|0|51.839149|1380|4|6|185.4.1.150|192.168.43.153|443|54088|filetransfer
425|1|51.839901|44|4|6|192.168.43.153|185.4.1.150|54088|443|filetransfer
426|0|51.840193|1380|4|6|185.4.1.150|192.168.43.153|443|54088|filetransfer
427|1|51.841400|44|4|6|192.168.43.153|185.4.1.150|54088|443|filetransfer
428|0|51.853728|1380|4|6|185.4.1.150|192.168.43.153|443|54088|filetransfer
429|0|51.854072|1380|4|6|185.4.1.150|192.168.43.153|443|54088|filetransfer
430|1|51.854875|44|4|6|192.168.43.153|185.4.1.150|54088|443|filetransfer
431|0|51.987226|1380|4|6|185.4.1.150|192.168.43.153|443|54088|filetransfer
432|1|51.988385|44|4|6|192.168.43.153|185.4.1.150|54088|443|filetransfer
433|0|52.012041|1380|4|6|185.4.1.150|192.168.43.153|443|54088|filetransfer
434|0|52.012305|1380|4|6|185.4.1.150|192.168.43.153|443|54088|filetransfer
435|1|52.013228|44|4|6|192.168.43.153|185.4.1.150|54088|443|filetransfer
436|0|52.066290|1380|4|6|185.4.1.150|192.168.43.153|443|54088|filetransfer
437|0|52.066558|1380|4|6|185.4.1.150|192.168.43.153|443|54088|filetransfer
438|1|52.067494|44|4|6|192.168.43.153|185.4.1.150|54088|443|filetransfer
439|0|52.186966|1380|4|6|185.4.1.150|192.168.43.153|443|54088|filetransfer
440|1|52.188120|52|4|6|192.168.43.153|185.4.1.150|54088|443|filetransfer
441|0|52.188208|1380|4|6|185.4.1.150|192.168.43.153|443|54088|filetransfer
442|1|52.189346|44|4|6|192.168.43.153|185.4.1.150|54088|443|filetransfer
443|0|52.318024|1380|4|6|185.4.1.150|192.168.43.153|443|54088|filetransfer
444|1|52.319208|44|4|6|192.168.43.153|185.4.1.150|54088|443|filetransfer
445|0|52.344027|1380|4|6|185.4.1.150|192.168.43.153|443|54088|filetransfer
446|0|52.344335|1380|4|6|185.4.1.150|192.168.43.153|443|54088|filetransfer
447|1|52.345205|44|4|6|192.168.43.153|185.4.1.150|54088|443|filetransfer
448|0|52.396518|1380|4|6|185.4.1.150|192.168.43.153|443|54088|filetransfer
449|0|52.396839|1380|4|6|185.4.1.150|192.168.43.153|443|54088|filetransfer
450|1|52.397716|44|4|6|192.168.43.153|185.4.1.150|54088|443|filetransfer
451|0|52.524913|1380|4|6|185.4.1.150|192.168.43.153|443|54088|filetransfer
452|0|52.525217|1380|4|6|185.4.1.150|192.168.43.153|443|54088|filetransfer
453|1|52.526109|44|4|6|192.168.43.153|185.4.1.150|54088|443|filetransfer
454|0|52.714927|1380|4|6|185.4.1.150|192.168.43.153|443|54088|filetransfer
455|0|52.715215|1380|4|6|185.4.1.150|192.168.43.153|443|54088|filetransfer
456|0|52.715365|1380|4|6|185.4.1.150|192.168.43.153|443|54088|filetransfer
457|1|52.716083|44|4|6|192.168.43.153|185.4.1.150|54088|443|filetransfer
458|0|52.849847|1380|4|6|185.4.1.150|192.168.43.153|443|54088|filetransfer
459|0|52.850154|1380|4|6|185.4.1.150|192.168.43.153|443|54088|filetransfer
460|1|52.851019|52|4|6|192.168.43.153|185.4.1.150|54088|443|filetransfer
461|0|53.122198|1380|4|6|185.4.1.150|192.168.43.153|443|54088|filetransfer
462|0|53.122614|1380|4|6|185.4.1.150|192.168.43.153|443|54088|filetransfer
463|0|53.122640|1380|4|6|185.4.1.150|192.168.43.153|443|54088|filetransfer
464|1|53.123375|52|4|6|192.168.43.153|185.4.1.150|54088|443|filetransfer
465|0|53.455954|1380|4|6|185.4.1.150|192.168.43.153|443|54088|filetransfer
466|0|53.456315|1380|4|6|185.4.1.150|192.168.43.153|443|54088|filetransfer
467|0|53.456371|1380|4|6|185.4.1.150|192.168.43.153|443|54088|filetransfer
468|0|53.456590|1380|4|6|185.4.1.150|192.168.43.153|443|54088|filetransfer
469|0|53.456717|1380|4|6|185.4.1.150|192.168.43.153|443|54088|filetransfer
470|1|53.457123|52|4|6|192.168.43.153|185.4.1.150|54088|443|filetransfer
471|0|53.801572|1380|4|6|185.4.1.150|192.168.43.153|443|54088|filetransfer
472|0|53.801840|1380|4|6|185.4.1.150|192.168.43.153|443|54088|filetransfer
473|0|53.801996|1380|4|6|185.4.1.150|192.168.43.153|443|54088|filetransfer
474|0|53.802155|1380|4|6|185.4.1.150|192.168.43.153|443|54088|filetransfer
475|0|53.802324|1380|4|6|185.4.1.150|192.168.43.153|443|54088|filetransfer
476|0|53.802476|1380|4|6|185.4.1.150|192.168.43.153|443|54088|filetransfer
477|1|53.802725|44|4|6|192.168.43.153|185.4.1.150|54088|443|filetransfer
478|0|53.804072|1380|4|6|185.4.1.150|192.168.43.153|443|54088|filetransfer
479|1|53.805181|44|4|6|192.168.43.153|185.4.1.150|54088|443|filetransfer
480|0|54.143192|1380|4|6|185.4.1.150|192.168.43.153|443|54088|filetransfer
481|0|54.143467|1380|4|6|185.4.1.150|192.168.43.153|443|54088|filetransfer
482|0|54.143626|1380|4|6|185.4.1.150|192.168.43.153|443|54088|filetransfer
483|0|54.143784|1380|4|6|185.4.1.150|192.168.43.153|443|54088|filetransfer
484|0|54.143944|1380|4|6|185.4.1.150|192.168.43.153|443|54088|filetransfer
485|0|54.144301|1380|4|6|185.4.1.150|192.168.43.153|443|54088|filetransfer
486|1|54.144318|44|4|6|192.168.43.153|185.4.1.150|54088|443|filetransfer
487|0|54.144459|1380|4|6|185.4.1.150|192.168.43.153|443|54088|filetransfer
488|1|54.145570|44|4|6|192.168.43.153|185.4.1.150|54088|443|filetransfer
489|0|54.484705|1380|4|6|185.4.1.150|192.168.43.153|443|54088|filetransfer
490|0|54.485012|1380|4|6|185.4.1.150|192.168.43.153|443|54088|filetransfer
491|0|54.485070|1380|4|6|185.4.1.150|192.168.43.153|443|54088|filetransfer
492|0|54.485296|1380|4|6|185.4.1.150|192.168.43.153|443|54088|filetransfer
493|0|54.485426|1380|4|6|185.4.1.150|192.168.43.153|443|54088|filetransfer
494|0|54.485578|1380|4|6|185.4.1.150|192.168.43.153|443|54088|filetransfer
495|1|54.485887|44|4|6|192.168.43.153|185.4.1.150|54088|443|filetransfer
496|0|54.489384|1380|4|6|185.4.1.150|192.168.43.153|443|54088|filetransfer
497|1|54.490593|44|4|6|192.168.43.153|185.4.1.150|54088|443|filetransfer
498|0|54.879504|1380|4|6|185.4.1.150|192.168.43.153|443|54088|filetransfer
499|0|54.879890|1380|4|6|185.4.1.150|192.168.43.153|443|54088|filetransfer
500|0|54.879923|1380|4|6|185.4.1.150|192.168.43.153|443|54088|filetransfer
501|0|54.880077|1380|4|6|185.4.1.150|192.168.43.153|443|54088|filetransfer
502|1|54.880682|44|4|6|192.168.43.153|185.4.1.150|54088|443|filetransfer
503|0|54.881341|1380|4|6|185.4.1.150|192.168.43.153|443|54088|filetransfer
504|0|54.881803|1380|4|6|185.4.1.150|192.168.43.153|443|54088|filetransfer
505|0|54.881866|1380|4|6|185.4.1.150|192.168.43.153|443|54088|filetransfer
506|1|54.882522|44|4|6|192.168.43.153|185.4.1.150|54088|443|filetransfer
507|0|55.215024|1380|4|6|185.4.1.150|192.168.43.153|443|54088|filetransfer
508|1|55.216271|52|4|6|192.168.43.153|185.4.1.150|54088|443|filetransfer
509|0|55.216388|1380|4|6|185.4.1.150|192.168.43.153|443|54088|filetransfer
510|0|55.216809|1380|4|6|185.4.1.150|192.168.43.153|443|54088|filetransfer
511|1|55.217585|52|4|6|192.168.43.153|185.4.1.150|54088|443|filetransfer
512|0|55.599480|1380|4|6|185.4.1.150|192.168.43.153|443|54088|filetransfer
513|0|55.599785|1380|4|6|185.4.1.150|192.168.43.153|443|54088|filetransfer
514|1|55.599829|52|4|6|192.168.43.153|185.4.1.150|54088|443|filetransfer
515|0|55.599916|1380|4|6|185.4.1.150|192.168.43.153|443|54088|filetransfer
516|1|55.601048|52|4|6|192.168.43.153|185.4.1.150|54088|443|filetransfer
517|0|56.081849|1380|4|6|185.4.1.150|192.168.43.153|443|54088|filetransfer
518|0|56.082050|1380|4|6|185.4.1.150|192.168.43.153|443|54088|filetransfer
519|0|56.082186|1380|4|6|185.4.1.150|192.168.43.153|443|54088|filetransfer
520|0|56.082365|1380|4|6|185.4.1.150|192.168.43.153|443|54088|filetransfer
521|0|56.082492|1380|4|6|185.4.1.150|192.168.43.153|443|54088|filetransfer
522|1|56.083027|44|4|6|192.168.43.153|185.4.1.150|54088|443|filetransfer
523|0|56.681666|1380|4|6|185.4.1.150|192.168.43.153|443|54088|filetransfer
524|0|56.682084|1380|4|6|185.4.1.150|192.168.43.153|443|54088|filetransfer
525|0|56.682119|1380|4|6|185.4.1.150|192.168.43.153|443|54088|filetransfer
526|0|56.682265|1380|4|6|185.4.1.150|192.168.43.153|443|54088|filetransfer
527|0|56.682460|1380|4|6|185.4.1.150|192.168.43.153|443|54088|filetransfer
528|0|56.682601|1380|4|6|185.4.1.150|192.168.43.153|443|54088|filetransfer
529|1|56.682811|44|4|6|192.168.43.153|185.4.1.150|54088|443|filetransfer
530|0|57.194005|1380|4|6|185.4.1.150|192.168.43.153|443|54088|filetransfer
531|0|57.194418|1380|4|6|185.4.1.150|192.168.43.153|443|54088|filetransfer
532|1|57.195217|52|4|6|192.168.43.153|185.4.1.150|54088|443|filetransfer
533|0|57.201968|1380|4|6|185.4.1.150|192.168.43.153|443|54088|filetransfer
534|0|57.202138|1380|4|6|185.4.1.150|192.168.43.153|443|54088|filetransfer
535|1|57.203154|44|4|6|192.168.43.153|185.4.1.150|54088|443|filetransfer
536|0|57.203417|1380|4|6|185.4.1.150|192.168.43.153|443|54088|filetransfer
537|0|57.203813|1380|4|6|185.4.1.150|192.168.43.153|443|54088|filetransfer
538|0|57.203842|1380|4|6|185.4.1.150|192.168.43.153|443|54088|filetransfer
539|1|57.204587|44|4|6|192.168.43.153|185.4.1.150|54088|443|filetransfer
540|0|57.718489|1380|4|6|185.4.1.150|192.168.43.153|443|54088|filetransfer
541|0|57.718789|1380|4|6|185.4.1.150|192.168.43.153|443|54088|filetransfer
542|0|57.718916|1380|4|6|185.4.1.150|192.168.43.153|443|54088|filetransfer
543|0|57.719072|1380|4|6|185.4.1.150|192.168.43.153|443|54088|filetransfer
544|1|57.719665|44|4|6|192.168.43.153|185.4.1.150|54088|443|filetransfer
545|0|57.752646|1380|4|6|185.4.1.150|192.168.43.153|443|54088|filetransfer
546|1|57.753857|52|4|6|192.168.43.153|185.4.1.150|54088|443|filetransfer
547|0|58.168903|1380|4|6|185.4.1.150|192.168.43.153|443|54088|filetransfer
548|1|58.169001|44|4|6|192.168.43.153|185.4.1.150|54088|443|filetransfer
549|0|58.273106|1380|4|6|185.4.1.150|192.168.43.153|443|54088|filetransfer
550|1|58.273145|52|4|6|192.168.43.153|185.4.1.150|54088|443|filetransfer
551|0|58.273261|1380|4|6|185.4.1.150|192.168.43.153|443|54088|filetransfer
552|1|58.273274|52|4|6|192.168.43.153|185.4.1.150|54088|443|filetransfer
553|0|58.274877|1380|4|6|185.4.1.150|192.168.43.153|443|54088|filetransfer
554|1|58.274917|44|4|6|192.168.43.153|185.4.1.150|54088|443|filetransfer
555|0|58.275189|1380|4|6|185.4.1.150|192.168.43.153|443|54088|filetransfer
556|1|58.275216|52|4|6|192.168.43.153|185.4.1.150|54088|443|filetransfer
557|0|58.801002|1380|4|6|185.4.1.150|192.168.43.153|443|54088|filetransfer
558|1|58.801042|52|4|6|192.168.43.153|185.4.1.150|54088|443|filetransfer
559|0|58.801227|1380|4|6|185.4.1.150|192.168.43.153|443|54088|filetransfer
560|1|58.801241|52|4|6|192.168.43.153|185.4.1.150|54088|443|filetransfer
561|0|58.814406|1380|4|6|185.4.1.150|192.168.43.153|443|54088|filetransfer
562|1|58.814457|52|4|6|192.168.43.153|185.4.1.150|54088|443|filetransfer
563|0|58.839838|1380|4|6|185.4.1.150|192.168.43.153|443|54088|filetransfer
564|1|58.839879|52|4|6|192.168.43.153|185.4.1.150|54088|443|filetransfer
565|0|58.841474|1380|4|6|185.4.1.150|192.168.43.153|443|54088|filetransfer
566|1|58.841517|52|4|6|192.168.43.153|185.4.1.150|54088|443|filetransfer
567|0|59.318809|1380|4|6|185.4.1.150|192.168.43.153|443|54088|filetransfer
568|1|59.318829|52|4|6|192.168.43.153|185.4.1.150|54088|443|filetransfer
569|0|59.353873|1380|4|6|185.4.1.150|192.168.43.153|443|54088|filetransfer
570|1|59.353942|44|4|6|192.168.43.153|185.4.1.150|54088|443|filetransfer
571|0|59.367948|1380|4|6|185.4.1.150|192.168.43.153|443|54088|filetransfer
572|1|59.367969|52|4|6|192.168.43.153|185.4.1.150|54088|443|filetransfer
573|0|59.368354|1380|4|6|185.4.1.150|192.168.43.153|443|54088|filetransfer
574|1|59.368376|52|4|6|192.168.43.153|185.4.1.150|54088|443|filetransfer
575|0|59.400356|1380|4|6|185.4.1.150|192.168.43.153|443|54088|filetransfer
576|1|59.400415|52|4|6|192.168.43.153|185.4.1.150|54088|443|filetransfer
577|0|59.401755|1380|4|6|185.4.1.150|192.168.43.153|443|54088|filetransfer
578|1|59.401806|44|4|6|192.168.43.153|185.4.1.150|54088|443|filetransfer
579|0|59.830014|1380|4|6|185.4.1.150|192.168.43.153|443|54088|filetransfer
580|1|59.830054|44|4|6|192.168.43.153|185.4.1.150|54088|443|filetransfer
581|0|59.899545|1380|4|6|185.4.1.150|192.168.43.153|443|54088|filetransfer
582|1|59.899596|44|4|6|192.168.43.153|185.4.1.150|54088|443|filetransfer
583|0|59.910012|1380|4|6|185.4.1.150|192.168.43.153|443|54088|filetransfer
584|1|59.910061|44|4|6|192.168.43.153|185.4.1.150|54088|443|filetransfer
