1|1|0.000000|1358|4|17|192.168.43.153|172.217.174.238|38851|443|streaming
2|1|0.001445|95|4|17|192.168.43.153|172.217.174.238|38851|443|streaming
3|1|0.021930|629|4|17|192.168.43.153|172.217.174.238|38851|443|streaming
4|1|0.022173|1354|4|17|192.168.43.153|172.217.174.238|38851|443|streaming
5|1|0.022203|803|4|17|192.168.43.153|172.217.174.238|38851|443|streaming
6|1|0.030838|1354|4|17|192.168.43.153|172.217.174.238|38851|443|streaming
7|1|0.030897|992|4|17|192.168.43.153|172.217.174.238|38851|443|streaming
8|1|0.359891|1358|4|17|192.168.43.153|172.217.174.238|38851|443|streaming
9|0|0.895097|35|4|17|172.217.174.238|192.168.43.153|443|38851|streaming
10|1|0.895229|635|4|17|192.168.43.153|172.217.174.238|38851|443|streaming
11|0|0.896040|35|4|17|172.217.174.238|192.168.43.153|443|38851|streaming
12|0|0.896223|74|4|17|172.217.174.238|192.168.43.153|443|38851|streaming
13|1|0.896337|44|4|17|192.168.43.153|172.217.174.238|38851|443|streaming
14|0|0.896618|33|4|17|172.217.174.238|192.168.43.153|443|38851|streaming
15|0|0.896744|47|4|17|172.217.174.238|192.168.43.153|443|38851|streaming
16|1|0.897829|44|4|17|192.168.43.153|172.217.174.238|38851|443|streaming
17|0|0.897983|33|4|17|172.217.174.238|192.168.43.153|443|38851|streaming
18|0|0.898131|35|4|17|172.217.174.238|192.168.43.153|443|38851|streaming
19|1|0.898395|41|4|17|192.168.43.153|172.217.174.238|38851|443|streaming
20|0|0.913400|33|4|17|172.217.174.238|192.168.43.153|443|38851|streaming
21|0|0.913403|36|4|17|172.217.174.238|192.168.43.153|443|38851|streaming
22|0|0.913404|33|4|17|172.217.174.238|192.168.43.153|443|38851|streaming
23|1|0.939448|41|4|17|192.168.43.153|172.217.174.238|38851|443|streaming
24|0|0.982036|33|4|17|172.217.174.238|192.168.43.153|443|38851|streaming
25|1|0.983743|42|4|17|192.168.43.153|172.217.174.238|38851|443|streaming
26|0|1.063337|34|4|17|172.217.174.238|192.168.43.153|443|38851|streaming
27|0|1.093559|1354|4|17|172.217.174.238|192.168.43.153|443|38851|streaming
28|1|1.093751|46|4|17|192.168.43.153|172.217.174.238|38851|443|streaming
29|0|1.108664|1358|4|17|172.217.174.238|192.168.43.153|443|38851|streaming
30|1|1.108821|42|4|17|192.168.43.153|172.217.174.238|38851|443|streaming
31|0|1.114805|1358|4|17|172.217.174.238|192.168.43.153|443|38851|streaming
32|0|1.133591|1358|4|17|172.217.174.238|192.168.43.153|443|38851|streaming
33|1|1.133839|42|4|17|192.168.43.153|172.217.174.238|38851|443|streaming
34|0|1.137002|1358|4|17|172.217.174.238|192.168.43.153|443|38851|streaming
35|0|1.139954|1358|4|17|172.217.174.238|192.168.43.153|443|38851|streaming
36|1|1.140055|42|4|17|192.168.43.153|172.217.174.238|38851|443|streaming
37|0|1.172167|1358|4|17|172.217.174.238|192.168.43.153|443|38851|streaming
38|0|1.174134|1358|4|17|172.217.174.238|192.168.43.153|443|38851|streaming
39|1|1.174247|42|4|17|192.168.43.153|172.217.174.238|38851|443|streaming
40|0|1.216450|1358|4|17|172.217.174.238|192.168.43.153|443|38851|streaming
41|0|1.218164|1358|4|17|172.217.174.238|192.168.43.153|443|38851|streaming
42|0|1.218303|1358|4|17|172.217.174.238|192.168.43.153|443|38851|streaming
43|1|1.218350|42|4|17|192.168.43.153|172.217.174.238|38851|443|streaming
44|0|1.234858|1358|4|17|172.217.174.238|192.168.43.153|443|38851|streaming
45|1|1.235026|42|4|17|192.168.43.153|172.217.174.238|38851|443|streaming
46|0|1.274262|1358|4|17|172.217.174.238|192.168.43.153|443|38851|streaming
47|1|1.299827|43|4|17|192.168.43.153|172.217.174.238|38851|443|streaming
48|0|1.306476|1358|4|17|172.217.174.238|192.168.43.153|443|38851|streaming
49|1|1.332269|43|4|17|192.168.43.153|172.217.174.238|38851|443|streaming
50|0|1.342825|1358|4|17|172.217.174.238|192.168.43.153|443|38851|streaming
51|1|1.368287|43|4|17|192.168.43.153|172.217.174.238|38851|443|streaming
52|0|1.378769|1358|4|17|172.217.174.238|192.168.43.153|443|38851|streaming
53|0|1.379020|1358|4|17|172.217.174.238|192.168.43.153|443|38851|streaming
54|1|1.379209|42|4|17|192.168.43.153|172.217.174.238|38851|443|streaming
55|0|1.419898|1358|4|17|172.217.174.238|192.168.43.153|443|38851|streaming
56|0|1.427220|1358|4|17|172.217.174.238|192.168.43.153|443|38851|streaming
57|1|1.427389|42|4|17|192.168.43.153|172.217.174.238|38851|443|streaming
58|0|1.471852|1358|4|17|172.217.174.238|192.168.43.153|443|38851|streaming
59|1|1.497538|43|4|17|192.168.43.153|172.217.174.238|38851|443|streaming
60|0|1.497997|1358|4|17|172.217.174.238|192.168.43.153|443|38851|streaming
61|0|1.508848|1358|4|17|172.217.174.238|192.168.43.153|443|38851|streaming
62|1|1.508966|42|4|17|192.168.43.153|172.217.174.238|38851|443|streaming
63|0|1.536791|1358|4|17|172.217.174.238|192.168.43.153|443|38851|streaming
64|1|1.562433|43|4|17|192.168.43.153|172.217.174.238|38851|443|streaming
65|0|1.575426|1358|4|17|172.217.174.238|192.168.43.153|443|38851|streaming
66|0|1.575441|36|4|17|172.217.174.238|192.168.43.153|443|38851|streaming
67|0|1.575577|1358|4|17|172.217.174.238|192.168.43.153|443|38851|streaming
68|0|1.575581|36|4|17|172.217.174.238|192.168.43.153|443|38851|streaming
69|1|1.575637|42|4|17|192.168.43.153|172.217.174.238|38851|443|streaming
70|0|1.580489|1358|4|17|172.217.174.238|192.168.43.153|443|38851|streaming
71|1|1.599966|43|4|17|192.168.43.153|172.217.174.238|38851|443|streaming
72|0|1.631480|1358|4|17|172.217.174.238|192.168.43.153|443|38851|streaming
73|1|1.650685|43|4|17|192.168.43.153|172.217.174.238|38851|443|streaming
74|0|1.741058|1358|4|17|172.217.174.238|192.168.43.153|443|38851|streaming
75|1|1.760094|43|4|17|192.168.43.153|172.217.174.238|38851|443|streaming
76|0|1.825514|1358|4|17|172.217.174.238|192.168.43.153|443|38851|streaming
77|1|1.845228|43|4|17|192.168.43.153|172.217.174.238|38851|443|streaming
78|0|1.980732|1358|4|17|172.217.174.238|192.168.43.153|443|38851|streaming
79|1|1.981013|47|4|17|192.168.43.153|172.217.174.238|38851|443|streaming
80|0|1.985693|1358|4|17|172.217.174.238|192.168.43.153|443|38851|streaming
81|1|1.985871|42|4|17|192.168.43.153|172.217.174.238|38851|443|streaming
82|0|2.015362|1358|4|17|172.217.174.238|192.168.43.153|443|38851|streaming
83|1|2.015535|42|4|17|192.168.43.153|172.217.174.238|38851|443|streaming
84|0|2.059352|1358|4|17|172.217.174.238|192.168.43.153|443|38851|streaming
85|1|2.059688|42|4|17|192.168.43.153|172.217.174.238|38851|443|streaming
86|0|2.136440|1358|4|17|172.217.174.238|192.168.43.153|443|38851|streaming
87|1|2.155701|43|4|17|192.168.43.153|172.217.174.238|38851|443|streaming
88|0|2.180292|1358|4|17|172.217.174.238|192.168.43.153|443|38851|streaming
89|1|2.180529|44|4|17|192.168.43.153|172.217.174.238|38851|443|streaming
90|0|2.219758|1358|4|17|172.217.174.238|192.168.43.153|443|38851|streaming
91|1|2.219984|46|4|17|192.168.43.153|172.217.174.238|38851|443|streaming
92|0|2.258536|1358|4|17|172.217.174.238|192.168.43.153|443|38851|streaming
93|1|2.258811|48|4|17|192.168.43.153|172.217.174.238|38851|443|streaming
94|0|2.262730|1358|4|17|172.217.174.238|192.168.43.153|443|38851|streaming
95|1|2.262987|50|4|17|192.168.43.153|172.217.174.238|38851|443|streaming
96|0|2.296715|1358|4|17|172.217.174.238|192.168.43.153|443|38851|streaming
97|1|2.296963|52|4|17|192.168.43.153|172.217.174.238|38851|443|streaming
98|0|2.298525|1358|4|17|172.217.174.238|192.168.43.153|443|38851|streaming
99|1|2.298894|52|4|17|192.168.43.153|172.217.174.238|38851|443|streaming
100|0|2.316250|1358|4|17|172.217.174.238|192.168.43.153|443|38851|streaming
101|1|2.316537|52|4|17|192.168.43.153|172.217.174.238|38851|443|streaming
102|0|2.345784|1358|4|17|172.217.174.238|192.168.43.153|443|38851|streaming
103|1|2.346020|52|4|17|192.168.43.153|172.217.174.238|38851|443|streaming
104|0|2.381295|1358|4|17|172.217.174.238|192.168.43.153|443|38851|streaming
105|1|2.381533|54|4|17|192.168.43.153|172.217.174.238|38851|443|streaming
106|0|2.416340|1358|4|17|172.217.174.238|192.168.43.153|443|38851|streaming
107|0|2.416624|1358|4|17|172.217.174.238|192.168.43.153|443|38851|streaming
108|1|2.416686|54|4|17|192.168.43.153|172.217.174.238|38851|443|streaming
109|1|2.416895|54|4|17|192.168.43.153|172.217.174.238|38851|443|streaming
110|0|2.419893|99|4|17|172.217.174.238|192.168.43.153|443|38851|streaming
111|0|2.452635|1358|4|17|172.217.174.238|192.168.43.153|443|38851|streaming
112|1|2.452852|56|4|17|192.168.43.153|172.217.174.238|38851|443|streaming
113|0|2.452878|1358|4|17|172.217.174.238|192.168.43.153|443|38851|streaming
114|1|2.452977|58|4|17|192.168.43.153|172.217.174.238|38851|443|streaming
115|0|2.453180|1358|4|17|172.217.174.238|192.168.43.153|443|38851|streaming
116|1|2.453375|58|4|17|192.168.43.153|172.217.174.238|38851|443|streaming
117|0|2.462127|1358|4|17|172.217.174.238|192.168.43.153|443|38851|streaming
118|1|2.462683|60|4|17|192.168.43.153|172.217.174.238|38851|443|streaming
119|0|2.496078|1358|4|17|172.217.174.238|192.168.43.153|443|38851|streaming
120|1|2.496254|65|4|17|192.168.43.153|172.217.174.238|38851|443|streaming
121|0|2.506881|1358|4|17|172.217.174.238|192.168.43.153|443|38851|streaming
122|1|2.507034|60|4|17|192.168.43.153|172.217.174.238|38851|443|streaming
123|0|2.541895|1358|4|17|172.217.174.238|192.168.43.153|443|38851|streaming
124|1|2.542046|60|4|17|192.168.43.153|172.217.174.238|38851|443|streaming
125|0|2.592279|1358|4|17|172.217.174.238|192.168.43.153|443|38851|streaming
126|1|2.612177|61|4|17|192.168.43.153|172.217.174.238|38851|443|streaming
127|0|2.667375|1358|4|17|172.217.174.238|192.168.43.153|443|38851|streaming
128|1|2.686927|61|4|17|192.168.43.153|172.217.174.238|38851|443|streaming
129|0|2.863670|1358|4|17|172.217.174.238|192.168.43.153|443|38851|streaming
130|1|2.864185|62|4|17|192.168.43.153|172.217.174.238|38851|443|streaming
131|0|2.866282|1358|4|17|172.217.174.238|192.168.43.153|443|38851|streaming
132|1|2.885949|59|4|17|192.168.43.153|172.217.174.238|38851|443|streaming
133|0|2.901902|1358|4|17|172.217.174.238|192.168.43.153|443|38851|streaming
134|0|2.902051|1358|4|17|172.217.174.238|192.168.43.153|443|38851|streaming
135|1|2.921811|59|4|17|192.168.43.153|172.217.174.238|38851|443|streaming
136|0|2.922553|1358|4|17|172.217.174.238|192.168.43.153|443|38851|streaming
137|1|2.941684|59|4|17|192.168.43.153|172.217.174.238|38851|443|streaming
138|0|2.945809|1358|4|17|172.217.174.238|192.168.43.153|443|38851|streaming
139|1|2.946053|60|4|17|192.168.43.153|172.217.174.238|38851|443|streaming
140|0|2.975857|1358|4|17|172.217.174.238|192.168.43.153|443|38851|streaming
141|1|2.976100|62|4|17|192.168.43.153|172.217.174.238|38851|443|streaming
142|0|3.020586|1358|4|17|172.217.174.238|192.168.43.153|443|38851|streaming
143|1|3.020748|64|4|17|192.168.43.153|172.217.174.238|38851|443|streaming
144|0|3.058059|1358|4|17|172.217.174.238|192.168.43.153|443|38851|streaming
145|1|3.058349|66|4|17|192.168.43.153|172.217.174.238|38851|443|streaming
146|0|3.068514|1358|4|17|172.217.174.238|192.168.43.153|443|38851|streaming
147|1|3.068723|68|4|17|192.168.43.153|172.217.174.238|38851|443|streaming
148|0|3.072696|1358|4|17|172.217.174.238|192.168.43.153|443|38851|streaming
149|1|3.072863|68|4|17|192.168.43.153|172.217.174.238|38851|443|streaming
150|0|3.095788|1358|4|17|172.217.174.238|192.168.43.153|443|38851|streaming
151|1|3.095986|70|4|17|192.168.43.153|172.217.174.238|38851|443|streaming
152|0|3.111399|1358|4|17|172.217.174.238|192.168.43.153|443|38851|streaming
153|1|3.111636|72|4|17|192.168.43.153|172.217.174.238|38851|443|streaming
154|0|3.112819|1358|4|17|172.217.174.238|192.168.43.153|443|38851|streaming
155|1|3.113055|72|4|17|192.168.43.153|172.217.174.238|38851|443|streaming
156|0|3.115451|1358|4|17|172.217.174.238|192.168.43.153|443|38851|streaming
157|1|3.115664|72|4|17|192.168.43.153|172.217.174.238|38851|443|streaming
158|0|3.141333|1358|4|17|172.217.174.238|192.168.43.153|443|38851|streaming
159|1|3.141573|72|4|17|192.168.43.153|172.217.174.238|38851|443|streaming
160|0|3.148090|1358|4|17|172.217.174.238|192.168.43.153|443|38851|streaming
161|1|3.148262|74|4|17|192.168.43.153|172.217.174.238|38851|443|streaming
162|0|3.154877|1358|4|17|172.217.174.238|192.168.43.153|443|38851|streaming
163|1|3.155030|76|4|17|192.168.43.153|172.217.174.238|38851|443|streaming
164|0|3.181055|1358|4|17|172.217.174.238|192.168.43.153|443|38851|streaming
165|1|3.181302|78|4|17|192.168.43.153|172.217.174.238|38851|443|streaming
166|0|3.183892|1358|4|17|172.217.174.238|192.168.43.153|443|38851|streaming
167|0|3.183933|34|4|17|172.217.174.238|192.168.43.153|443|38851|streaming
168|1|3.184143|80|4|17|192.168.43.153|172.217.174.238|38851|443|streaming
169|1|3.184273|80|4|17|192.168.43.153|172.217.174.238|38851|443|streaming
170|0|3.216519|1358|4|17|172.217.174.238|192.168.43.153|443|38851|streaming
171|1|3.216794|85|4|17|192.168.43.153|172.217.174.238|38851|443|streaming
172|0|3.258897|1358|4|17|172.217.174.238|192.168.43.153|443|38851|streaming
173|0|3.259068|34|4|17|172.217.174.238|192.168.43.153|443|38851|streaming
174|1|3.259209|80|4|17|192.168.43.153|172.217.174.238|38851|443|streaming
175|0|3.261805|1358|4|17|172.217.174.238|192.168.43.153|443|38851|streaming
176|1|3.281309|63|4|17|192.168.43.153|172.217.174.238|38851|443|streaming
177|0|3.635470|34|4|17|172.217.174.238|192.168.43.153|443|38851|streaming
178|0|3.635652|1358|4|17|172.217.174.238|192.168.43.153|443|38851|streaming
179|0|3.635800|1358|4|17|172.217.174.238|192.168.43.153|443|38851|streaming
180|1|3.655902|63|4|17|192.168.43.153|172.217.174.238|38851|443|streaming
181|0|3.657874|1358|4|17|172.217.174.238|192.168.43.153|443|38851|streaming
182|0|3.661825|1358|4|17|172.217.174.238|192.168.43.153|443|38851|streaming
183|0|3.673892|1358|4|17|172.217.174.238|192.168.43.153|443|38851|streaming
184|1|3.677368|63|4|17|192.168.43.153|172.217.174.238|38851|443|streaming
185|0|3.697475|1358|4|17|172.217.174.238|192.168.43.153|443|38851|streaming
186|0|3.697762|1358|4|17|172.217.174.238|192.168.43.153|443|38851|streaming
187|1|3.716792|63|4|17|192.168.43.153|172.217.174.238|38851|443|streaming
188|0|3.735619|1358|4|17|172.217.174.238|192.168.43.153|443|38851|streaming
189|1|3.754764|63|4|17|192.168.43.153|172.217.174.238|38851|443|streaming
190|0|3.775451|1358|4|17|172.217.174.238|192.168.43.153|443|38851|streaming
191|0|3.777017|1358|4|17|172.217.174.238|192.168.43.153|443|38851|streaming
192|0|3.792834|1358|4|17|172.217.174.238|192.168.43.153|443|38851|streaming
193|1|3.794470|63|4|17|192.168.43.153|172.217.174.238|38851|443|streaming
194|0|3.814656|1358|4|17|172.217.174.238|192.168.43.153|443|38851|streaming
195|0|3.815367|1358|4|17|172.217.174.238|192.168.43.153|443|38851|streaming
196|0|3.820713|1358|4|17|172.217.174.238|192.168.43.153|443|38851|streaming
197|0|3.826322|1358|4|17|172.217.174.238|192.168.43.153|443|38851|streaming
198|1|3.833781|63|4|17|192.168.43.153|172.217.174.238|38851|443|streaming
199|0|3.855337|1358|4|17|172.217.174.238|192.168.43.153|443|38851|streaming
200|0|3.873346|1358|4|17|172.217.174.238|192.168.43.153|443|38851|streaming
201|1|3.874835|63|4|17|192.168.43.153|172.217.174.238|38851|443|streaming
202|0|3.894906|1358|4|17|172.217.174.238|192.168.43.153|443|38851|streaming
203|0|3.901540|1358|4|17|172.217.174.238|192.168.43.153|443|38851|streaming
204|0|3.906559|1358|4|17|172.217.174.238|192.168.43.153|443|38851|streaming
205|1|3.914403|63|4|17|192.168.43.153|172.217.174.238|38851|443|streaming
206|0|3.937930|1358|4|17|172.217.174.238|192.168.43.153|443|38851|streaming
207|0|3.941214|1358|4|17|172.217.174.238|192.168.43.153|443|38851|streaming
208|0|3.946031|1358|4|17|172.217.174.238|192.168.43.153|443|38851|streaming
209|1|3.956951|63|4|17|192.168.43.153|172.217.174.238|38851|443|streaming
210|0|3.975501|1358|4|17|172.217.174.238|192.168.43.153|443|38851|streaming
211|0|3.993305|1358|4|17|172.217.174.238|192.168.43.153|443|38851|streaming
212|0|3.993557|1358|4|17|172.217.174.238|192.168.43.153|443|38851|streaming
213|0|3.993566|52|4|17|172.217.174.238|192.168.43.153|443|38851|streaming
214|1|3.994657|41|4|17|192.168.43.153|172.217.174.238|38851|443|streaming
215|1|4.030790|717|4|17|192.168.43.153|172.217.174.238|38851|443|streaming
216|1|4.039646|575|4|17|192.168.43.153|172.217.174.238|38851|443|streaming
217|0|4.266409|37|4|17|172.217.174.238|192.168.43.153|443|38851|streaming
218|1|4.292168|41|4|17|192.168.43.153|172.217.174.238|38851|443|streaming
219|0|4.307911|78|4|17|172.217.174.238|192.168.43.153|443|38851|streaming
220|0|4.308042|34|4|17|172.217.174.238|192.168.43.153|443|38851|streaming
221|1|4.308419|44|4|17|192.168.43.153|172.217.174.238|38851|443|streaming
222|1|4.327941|41|4|17|192.168.43.153|172.217.174.238|38851|443|streaming
223|0|4.336311|37|4|17|172.217.174.238|192.168.43.153|443|38851|streaming
224|1|4.356266|41|4|17|192.168.43.153|172.217.174.238|38851|443|streaming
225|0|4.894042|1353|4|17|172.217.174.238|192.168.43.153|443|38851|streaming
226|0|4.894188|1358|4|17|172.217.174.238|192.168.43.153|443|38851|streaming
227|1|4.894248|44|4|17|192.168.43.153|172.217.174.238|38851|443|streaming
228|0|4.906687|1358|4|17|172.217.174.238|192.168.43.153|443|38851|streaming
229|1|4.914102|41|4|17|192.168.43.153|172.217.174.238|38851|443|streaming
230|0|4.936273|1358|4|17|172.217.174.238|192.168.43.153|443|38851|streaming
231|1|4.955528|41|4|17|192.168.43.153|172.217.174.238|38851|443|streaming
232|0|4.956267|1358|4|17|172.217.174.238|192.168.43.153|443|38851|streaming
233|0|4.956528|1358|4|17|172.217.174.238|192.168.43.153|443|38851|streaming
234|0|4.956692|1358|4|17|172.217.174.238|192.168.43.153|443|38851|streaming
235|1|4.975561|41|4|17|192.168.43.153|172.217.174.238|38851|443|streaming
236|0|5.022534|1358|4|17|172.217.174.238|192.168.43.153|443|38851|streaming
237|1|5.042410|41|4|17|192.168.43.153|172.217.174.238|38851|443|streaming
238|0|5.059027|1358|4|17|172.217.174.238|192.168.43.153|443|38851|streaming
239|1|5.078470|41|4|17|192.168.43.153|172.217.174.238|38851|443|streaming
240|0|5.109266|394|4|17|172.217.174.238|192.168.43.153|443|38851|streaming
241|1|5.128986|41|4|17|192.168.43.153|172.217.174.238|38851|443|streaming
242|0|5.614697|34|4|17|172.217.174.238|192.168.43.153|443|38851|streaming
243|1|7.308278|1351|4|17|192.168.43.153|172.217.174.238|38851|443|streaming
244|1|7.308329|1358|4|17|192.168.43.153|172.217.174.238|38851|443|streaming
245|1|7.308363|1358|4|17|192.168.43.153|172.217.174.238|38851|443|streaming
246|1|7.308375|1358|4|17|192.168.43.153|172.217.174.238|38851|443|streaming
247|1|7.308407|1358|4|17|192.168.43.153|172.217.174.238|38851|443|streaming
248|1|7.308435|1358|4|17|192.168.43.153|172.217.174.238|38851|443|streaming
249|1|7.308464|1358|4|17|192.168.43.153|172.217.174.238|38851|443|streaming
250|1|7.308495|1358|4|17|192.168.43.153|172.217.174.238|38851|443|streaming
251|1|7.308527|1358|4|17|192.168.43.153|172.217.174.238|38851|443|streaming
252|1|7.308560|1358|4|17|192.168.43.153|172.217.174.238|38851|443|streaming
253|1|7.308583|1358|4|17|192.168.43.153|172.217.174.238|38851|443|streaming
254|1|7.317895|1358|4|17|192.168.43.153|172.217.174.238|38851|443|streaming
255|1|7.327371|1358|4|17|192.168.43.153|172.217.174.238|38851|443|streaming
256|1|7.336087|1358|4|17|192.168.43.153|172.217.174.238|38851|443|streaming
257|1|7.345313|1358|4|17|192.168.43.153|172.217.174.238|38851|443|streaming
258|1|7.354528|1358|4|17|192.168.43.153|172.217.174.238|38851|443|streaming
259|1|7.363688|1358|4|17|192.168.43.153|172.217.174.238|38851|443|streaming
260|1|7.372950|1358|4|17|192.168.43.153|172.217.174.238|38851|443|streaming
261|1|7.381245|1358|4|17|192.168.43.153|172.217.174.238|38851|443|streaming
262|1|7.390506|1358|4|17|192.168.43.153|172.217.174.238|38851|443|streaming
263|1|7.399693|1358|4|17|192.168.43.153|172.217.174.238|38851|443|streaming
264|1|7.408999|1109|4|17|192.168.43.153|172.217.174.238|38851|443|streaming
265|0|7.824013|37|4|17|172.217.174.238|192.168.43.153|443|38851|streaming
266|0|7.824206|34|4|17|172.217.174.238|192.168.43.153|443|38851|streaming
267|0|7.824211|34|4|17|172.217.174.238|192.168.43.153|443|38851|streaming
268|1|7.825494|694|4|17|192.168.43.153|172.217.174.238|38851|443|streaming
269|1|7.829993|236|4|17|192.168.43.153|172.217.174.238|38851|443|streaming
270|0|7.833715|34|4|17|172.217.174.238|192.168.43.153|443|38851|streaming
271|0|7.914816|34|4|17|172.217.174.238|192.168.43.153|443|38851|streaming
272|0|7.987069|34|4|17|172.217.174.238|192.168.43.153|443|38851|streaming
273|0|8.092671|34|4|17|172.217.174.238|192.168.43.153|443|38851|streaming
274|0|8.173739|34|4|17|172.217.174.238|192.168.43.153|443|38851|streaming
275|0|8.272633|34|4|17|172.217.174.238|192.168.43.153|443|38851|streaming
276|0|8.381323|34|4|17|172.217.174.238|192.168.43.153|443|38851|streaming
277|0|8.393566|34|4|17|172.217.174.238|192.168.43.153|443|38851|streaming
278|1|8.393684|42|4|17|192.168.43.153|172.217.174.238|38851|443|streaming
279|0|8.588029|34|4|17|172.217.174.238|192.168.43.153|443|38851|streaming
280|0|8.660469|34|4|17|172.217.174.238|192.168.43.153|443|38851|streaming
281|0|8.772413|34|4|17|172.217.174.238|192.168.43.153|443|38851|streaming
282|0|8.852645|34|4|17|172.217.174.238|192.168.43.153|443|38851|streaming
283|0|9.013422|34|4|17|172.217.174.238|192.168.43.153|443|38851|streaming
284|0|9.054483|39|4|17|172.217.174.238|192.168.43.153|443|38851|streaming
285|1|9.054667|1358|4|17|192.168.43.153|172.217.174.238|38851|443|streaming
286|0|9.067534|39|4|17|172.217.174.238|192.168.43.153|443|38851|streaming
287|1|9.079898|1358|4|17|192.168.43.153|172.217.174.238|38851|443|streaming
288|1|9.105184|1358|4|17|192.168.43.153|172.217.174.238|38851|443|streaming
289|0|9.145830|76|4|17|172.217.174.238|192.168.43.153|443|38851|streaming
290|0|9.145987|34|4|17|172.217.174.238|192.168.43.153|443|38851|streaming
291|1|9.146000|42|4|17|192.168.43.153|172.217.174.238|38851|443|streaming
292|1|9.165602|43|4|17|192.168.43.153|172.217.174.238|38851|443|streaming
293|0|9.172056|47|4|17|172.217.174.238|192.168.43.153|443|38851|streaming
294|0|9.172119|34|4|17|172.217.174.238|192.168.43.153|443|38851|streaming
295|1|9.191363|43|4|17|192.168.43.153|172.217.174.238|38851|443|streaming
296|0|9.338099|34|4|17|172.217.174.238|192.168.43.153|443|38851|streaming
297|1|9.338481|1358|4|17|192.168.43.153|172.217.174.238|38851|443|streaming
298|1|9.361869|1358|4|17|192.168.43.153|172.217.174.238|38851|443|streaming
299|1|9.384233|1358|4|17|192.168.43.153|172.217.174.238|38851|443|streaming
300|1|9.406984|1133|4|17|192.168.43.153|172.217.174.238|38851|443|streaming
301|0|9.415852|34|4|17|172.217.174.238|192.168.43.153|443|38851|streaming
302|0|9.496962|34|4|17|172.217.174.238|192.168.43.153|443|38851|streaming
303|0|9.735651|34|4|17|172.217.174.238|192.168.43.153|443|38851|streaming
304|0|9.735717|34|4|17|172.217.174.238|192.168.43.153|443|38851|streaming
305|0|9.736038|34|4|17|172.217.174.238|192.168.43.153|443|38851|streaming
306|0|9.852694|34|4|17|172.217.174.238|192.168.43.153|443|38851|streaming
307|0|9.894677|408|4|17|172.217.174.238|192.168.43.153|443|38851|streaming
308|0|9.894797|70|4|17|172.217.174.238|192.168.43.153|443|38851|streaming
309|1|9.895055|44|4|17|192.168.43.153|172.217.174.238|38851|443|streaming
310|1|9.915050|41|4|17|192.168.43.153|172.217.174.238|38851|443|streaming
311|0|10.116210|34|4|17|172.217.174.238|192.168.43.153|443|38851|streaming
312|1|11.558811|1351|4|17|192.168.43.153|172.217.174.238|38851|443|streaming
313|1|11.558872|1240|4|17|192.168.43.153|172.217.174.238|38851|443|streaming
314|0|11.871128|37|4|17|172.217.174.238|192.168.43.153|443|38851|streaming
315|1|11.890856|41|4|17|192.168.43.153|172.217.174.238|38851|443|streaming
316|1|12.026566|617|4|17|192.168.43.153|172.217.174.238|38851|443|streaming
317|0|12.175191|34|4|17|172.217.174.238|192.168.43.153|443|38851|streaming
318|0|12.212548|79|4|17|172.217.174.238|192.168.43.153|443|38851|streaming
319|0|12.212708|34|4|17|172.217.174.238|192.168.43.153|443|38851|streaming
320|1|12.212836|44|4|17|192.168.43.153|172.217.174.238|38851|443|streaming
321|1|12.232518|41|4|17|192.168.43.153|172.217.174.238|38851|443|streaming
322|0|12.932207|34|4|17|172.217.174.238|192.168.43.153|443|38851|streaming
323|1|12.932382|42|4|17|192.168.43.153|172.217.174.238|38851|443|streaming
324|0|13.014767|37|4|17|172.217.174.238|192.168.43.153|443|38851|streaming
325|1|13.015429|42|4|17|192.168.43.153|172.217.174.238|38851|443|streaming
326|0|13.032363|34|4|17|172.217.174.238|192.168.43.153|443|38851|streaming
327|0|13.093225|78|4|17|172.217.174.238|192.168.43.153|443|38851|streaming
328|0|13.093241|34|4|17|172.217.174.238|192.168.43.153|443|38851|streaming
329|1|13.093418|46|4|17|192.168.43.153|172.217.174.238|38851|443|streaming
330|1|13.113275|43|4|17|192.168.43.153|172.217.174.238|38851|443|streaming
331|0|13.388229|34|4|17|172.217.174.238|192.168.43.153|443|38851|streaming
332|1|14.025527|598|4|17|192.168.43.153|172.217.174.238|38851|443|streaming
333|0|14.575542|37|4|17|172.217.174.238|192.168.43.153|443|38851|streaming
334|0|14.575886|81|4|17|172.217.174.238|192.168.43.153|443|38851|streaming
335|0|14.575893|34|4|17|172.217.174.238|192.168.43.153|443|38851|streaming
336|1|14.576054|44|4|17|192.168.43.153|172.217.174.238|38851|443|streaming
337|1|14.595189|41|4|17|192.168.43.153|172.217.174.238|38851|443|streaming
338|1|15.679863|41|4|17|192.168.43.153|172.217.174.238|38851|443|streaming
339|0|15.897302|35|4|17|172.217.174.238|192.168.43.153|443|38851|streaming
340|1|22.025342|621|4|17|192.168.43.153|172.217.174.238|38851|443|streaming
341|1|22.133975|1351|4|17|192.168.43.153|172.217.174.238|38851|443|streaming
342|1|22.134016|1358|4|17|192.168.43.153|172.217.174.238|38851|443|streaming
343|1|22.134029|1358|4|17|192.168.43.153|172.217.174.238|38851|443|streaming
344|1|22.134066|1244|4|17|192.168.43.153|172.217.174.238|38851|443|streaming
345|0|22.864433|39|4|17|172.217.174.238|192.168.43.153|443|38851|streaming
346|1|22.865389|42|4|17|192.168.43.153|172.217.174.238|38851|443|streaming
347|0|22.976176|80|4|17|172.217.174.238|192.168.43.153|443|38851|streaming
348|1|22.976393|46|4|17|192.168.43.153|172.217.174.238|38851|443|streaming
349|0|22.978086|34|4|17|172.217.174.238|192.168.43.153|443|38851|streaming
350|1|22.978182|42|4|17|192.168.43.153|172.217.174.238|38851|443|streaming
351|0|23.028594|39|4|17|172.217.174.238|192.168.43.153|443|38851|streaming
352|0|23.028698|35|4|17|172.217.174.238|192.168.43.153|443|38851|streaming
353|1|23.047900|43|4|17|192.168.43.153|172.217.174.238|38851|443|streaming
354|0|23.140824|34|4|17|172.217.174.238|192.168.43.153|443|38851|streaming
355|0|23.140903|36|4|17|172.217.174.238|192.168.43.153|443|38851|streaming
356|1|23.140952|44|4|17|192.168.43.153|172.217.174.238|38851|443|streaming
357|0|23.291677|36|4|17|172.217.174.238|192.168.43.153|443|38851|streaming
358|0|23.378253|430|4|17|172.217.174.238|192.168.43.153|443|38851|streaming
359|1|23.378393|48|4|17|192.168.43.153|172.217.174.238|38851|443|streaming
360|0|23.378396|174|4|17|172.217.174.238|192.168.43.153|443|38851|streaming
361|1|23.397742|45|4|17|192.168.43.153|172.217.174.238|38851|443|streaming
362|0|23.540201|34|4|17|172.217.174.238|192.168.43.153|443|38851|streaming
363|0|23.665611|34|4|17|172.217.174.238|192.168.43.153|443|38851|streaming
364|1|24.114584|1351|4|17|192.168.43.153|172.217.174.238|38851|443|streaming
365|1|24.114863|289|4|17|192.168.43.153|172.217.174.238|38851|443|streaming
366|0|24.735334|37|4|17|172.217.174.238|192.168.43.153|443|38851|streaming
367|0|24.738761|34|4|17|172.217.174.238|192.168.43.153|443|38851|streaming
368|1|24.754397|41|4|17|192.168.43.153|172.217.174.238|38851|443|streaming
369|1|24.939882|41|4|17|192.168.43.153|172.217.174.238|38851|443|streaming
370|0|24.945202|436|4|17|172.217.174.238|192.168.43.153|443|38851|streaming
371|1|24.945429|44|4|17|192.168.43.153|172.217.174.238|38851|443|streaming
372|0|24.950737|131|4|17|172.217.174.238|192.168.43.153|443|38851|streaming
373|1|24.970181|41|4|17|192.168.43.153|172.217.174.238|38851|443|streaming
374|0|25.576838|34|4|17|172.217.174.238|192.168.43.153|443|38851|streaming
375|1|32.025801|769|4|17|192.168.43.153|172.217.174.238|38851|443|streaming
376|0|32.938078|84|4|17|172.217.174.238|192.168.43.153|443|38851|streaming
377|0|32.938087|34|4|17|172.217.174.238|192.168.43.153|443|38851|streaming
378|1|32.938465|46|4|17|192.168.43.153|172.217.174.238|38851|443|streaming
379|1|32.938537|42|4|17|192.168.43.153|172.217.174.238|38851|443|streaming
380|0|33.137622|34|4|17|172.217.174.238|192.168.43.153|443|38851|streaming
381|0|33.215578|34|4|17|172.217.174.238|192.168.43.153|443|38851|streaming
382|1|33.234945|41|4|17|192.168.43.153|172.217.174.238|38851|443|streaming
383|1|39.767042|1351|4|17|192.168.43.153|172.217.174.238|38851|443|streaming
384|1|39.767113|1197|4|17|192.168.43.153|172.217.174.238|38851|443|streaming
385|0|40.341112|37|4|17|172.217.174.238|192.168.43.153|443|38851|streaming
386|0|40.342222|34|4|17|172.217.174.238|192.168.43.153|443|38851|streaming
387|0|40.342431|439|4|17|172.217.174.238|192.168.43.153|443|38851|streaming
388|0|40.342459|280|4|17|172.217.174.238|192.168.43.153|443|38851|streaming
389|1|40.342555|44|4|17|192.168.43.153|172.217.174.238|38851|443|streaming
390|1|40.361662|41|4|17|192.168.43.153|172.217.174.238|38851|443|streaming
391|0|40.748181|34|4|17|172.217.174.238|192.168.43.153|443|38851|streaming
392|1|44.025408|642|4|17|192.168.43.153|172.217.174.238|38851|443|streaming
393|0|44.820719|37|4|17|172.217.174.238|192.168.43.153|443|38851|streaming
394|1|44.839726|41|4|17|192.168.43.153|172.217.174.238|38851|443|streaming
395|0|45.014966|88|4|17|172.217.174.238|192.168.43.153|443|38851|streaming
396|0|45.014972|34|4|17|172.217.174.238|192.168.43.153|443|38851|streaming
397|1|45.015294|44|4|17|192.168.43.153|172.217.174.238|38851|443|streaming
398|1|45.034546|41|4|17|192.168.43.153|172.217.174.238|38851|443|streaming
399|0|45.805334|34|4|17|172.217.174.238|192.168.43.153|443|38851|streaming
400|0|45.840417|34|4|17|172.217.174.238|192.168.43.153|443|38851|streaming
401|1|45.840569|42|4|17|192.168.43.153|172.217.174.238|38851|443|streaming
402|1|52.104850|926|4|17|192.168.43.153|172.217.174.238|38851|443|streaming
403|0|52.212863|37|4|17|172.217.174.238|192.168.43.153|443|38851|streaming
404|1|52.232165|41|4|17|192.168.43.153|172.217.174.238|38851|443|streaming
405|0|52.253899|439|4|17|172.217.174.238|192.168.43.153|443|38851|streaming
406|0|52.253965|98|4|17|172.217.174.238|192.168.43.153|443|38851|streaming
407|1|52.254113|44|4|17|192.168.43.153|172.217.174.238|38851|443|streaming
408|1|52.273237|41|4|17|192.168.43.153|172.217.174.238|38851|443|streaming
409|0|52.333937|34|4|17|172.217.174.238|192.168.43.153|443|38851|streaming
