1|1|0.000000|309|4|6|192.168.43.153|23.192.97.69|56696|443|browsing
2|0|0.133989|32|4|6|23.192.97.69|192.168.43.153|443|56696|browsing
3|0|0.266063|455|4|6|23.192.97.69|192.168.43.153|443|56696|browsing
4|1|0.266102|32|4|6|192.168.43.153|23.192.97.69|56696|443|browsing
5|1|0.375272|299|4|6|192.168.43.153|23.192.97.69|56696|443|browsing
6|0|0.458439|32|4|6|23.192.97.69|192.168.43.153|443|56696|browsing
7|0|0.698506|1110|4|6|23.192.97.69|192.168.43.153|443|56696|browsing
8|1|0.698569|32|4|6|192.168.43.153|23.192.97.69|56696|443|browsing
9|1|1.214558|188|4|6|192.168.43.153|23.192.97.69|56696|443|browsing
10|0|2.054128|32|4|6|23.192.97.69|192.168.43.153|443|56696|browsing
11|0|2.232058|1380|4|6|23.192.97.69|192.168.43.153|443|56696|browsing
12|1|2.232085|32|4|6|192.168.43.153|23.192.97.69|56696|443|browsing
13|0|2.232628|1380|4|6|23.192.97.69|192.168.43.153|443|56696|browsing
14|1|2.232648|32|4|6|192.168.43.153|23.192.97.69|56696|443|browsing
15|0|2.236181|1380|4|6|23.192.97.69|192.168.43.153|443|56696|browsing
16|1|2.236204|32|4|6|192.168.43.153|23.192.97.69|56696|443|browsing
17|0|2.236445|1380|4|6|23.192.97.69|192.168.43.153|443|56696|browsing
18|1|2.236457|32|4|6|192.168.43.153|23.192.97.69|56696|443|browsing
19|0|2.236531|585|4|6|23.192.97.69|192.168.43.153|443|56696|browsing
20|1|2.236539|32|4|6|192.168.43.153|23.192.97.69|56696|443|browsing
21|0|2.236548|173|4|6|23.192.97.69|192.168.43.153|443|56696|browsing
22|1|2.236572|32|4|6|192.168.43.153|23.192.97.69|56696|443|browsing
23|0|2.236699|1380|4|6|23.192.97.69|192.168.43.153|443|56696|browsing
24|1|2.236708|32|4|6|192.168.43.153|23.192.97.69|56696|443|browsing
25|0|2.237996|1380|4|6|23.192.97.69|192.168.43.153|443|56696|browsing
26|1|2.238027|32|4|6|192.168.43.153|23.192.97.69|56696|443|browsing
27|0|2.239583|1380|4|6|23.192.97.69|192.168.43.153|443|56696|browsing
28|1|2.239599|32|4|6|192.168.43.153|23.192.97.69|56696|443|browsing
29|0|2.263593|1380|4|6|23.192.97.69|192.168.43.153|443|56696|browsing
30|1|2.263622|32|4|6|192.168.43.153|23.192.97.69|56696|443|browsing
31|0|2.263929|902|4|6|23.192.97.69|192.168.43.153|443|56696|browsing
32|1|2.263941|32|4|6|192.168.43.153|23.192.97.69|56696|443|browsing
33|0|2.264084|1380|4|6|23.192.97.69|192.168.43.153|443|56696|browsing
34|1|2.264092|32|4|6|192.168.43.153|23.192.97.69|56696|443|browsing
35|0|2.268265|1380|4|6|23.192.97.69|192.168.43.153|443|56696|browsing
36|0|2.268576|1380|4|6|23.192.97.69|192.168.43.153|443|56696|browsing
37|1|2.268598|32|4|6|192.168.43.153|23.192.97.69|56696|443|browsing
38|0|2.273818|1380|4|6|23.192.97.69|192.168.43.153|443|56696|browsing
39|0|2.277972|1061|4|6|23.192.97.69|192.168.43.153|443|56696|browsing
40|1|2.278024|32|4|6|192.168.43.153|23.192.97.69|56696|443|browsing
41|0|2.340499|1380|4|6|23.192.97.69|192.168.43.153|443|56696|browsing
42|0|2.340642|1380|4|6|23.192.97.69|192.168.43.153|443|56696|browsing
43|1|2.340684|32|4|6|192.168.43.153|23.192.97.69|56696|443|browsing
44|0|2.341340|1380|4|6|23.192.97.69|192.168.43.153|443|56696|browsing
45|0|2.344061|1380|4|6|23.192.97.69|192.168.43.153|443|56696|browsing
46|1|2.344130|32|4|6|192.168.43.153|23.192.97.69|56696|443|browsing
47|0|2.346185|1380|4|6|23.192.97.69|192.168.43.153|443|56696|browsing
48|0|2.348224|1380|4|6|23.192.97.69|192.168.43.153|443|56696|browsing
49|1|2.348296|32|4|6|192.168.43.153|23.192.97.69|56696|443|browsing
50|0|2.350871|1380|4|6|23.192.97.69|192.168.43.153|443|56696|browsing
51|0|2.353518|1380|4|6|23.192.97.69|192.168.43.153|443|56696|browsing
52|1|2.353556|32|4|6|192.168.43.153|23.192.97.69|56696|443|browsing
53|0|2.354853|1380|4|6|23.192.97.69|192.168.43.153|443|56696|browsing
54|0|2.359424|1380|4|6|23.192.97.69|192.168.43.153|443|56696|browsing
55|1|2.359493|32|4|6|192.168.43.153|23.192.97.69|56696|443|browsing
56|0|2.374158|1380|4|6|23.192.97.69|192.168.43.153|443|56696|browsing
57|0|2.374701|1380|4|6|23.192.97.69|192.168.43.153|443|56696|browsing
58|1|2.374772|32|4|6|192.168.43.153|23.192.97.69|56696|443|browsing
59|0|2.379812|1380|4|6|23.192.97.69|192.168.43.153|443|56696|browsing
60|0|2.380075|1380|4|6|23.192.97.69|192.168.43.153|443|56696|browsing
61|1|2.380277|32|4|6|192.168.43.153|23.192.97.69|56696|443|browsing
62|0|2.392246|1380|4|6|23.192.97.69|192.168.43.153|443|56696|browsing
63|0|2.392881|1380|4|6|23.192.97.69|192.168.43.153|443|56696|browsing
64|1|2.392941|32|4|6|192.168.43.153|23.192.97.69|56696|443|browsing
65|0|2.393188|1380|4|6|23.192.97.69|192.168.43.153|443|56696|browsing
66|0|2.393337|1380|4|6|23.192.97.69|192.168.43.153|443|56696|browsing
67|1|2.393366|32|4|6|192.168.43.153|23.192.97.69|56696|443|browsing
68|0|2.393376|422|4|6|23.192.97.69|192.168.43.153|443|56696|browsing
69|0|2.393408|174|4|6|23.192.97.69|192.168.43.153|443|56696|browsing
70|1|2.393425|32|4|6|192.168.43.153|23.192.97.69|56696|443|browsing
71|0|2.394003|1380|4|6|23.192.97.69|192.168.43.153|443|56696|browsing
72|0|2.396067|1380|4|6|23.192.97.69|192.168.43.153|443|56696|browsing
73|1|2.396143|32|4|6|192.168.43.153|23.192.97.69|56696|443|browsing
74|0|2.399500|1380|4|6|23.192.97.69|192.168.43.153|443|56696|browsing
75|0|2.413781|1380|4|6|23.192.97.69|192.168.43.153|443|56696|browsing
76|1|2.413885|32|4|6|192.168.43.153|23.192.97.69|56696|443|browsing
77|0|2.414239|851|4|6|23.192.97.69|192.168.43.153|443|56696|browsing
78|1|2.414307|32|4|6|192.168.43.153|23.192.97.69|56696|443|browsing
79|0|2.416493|1380|4|6|23.192.97.69|192.168.43.153|443|56696|browsing
80|0|2.419720|1380|4|6|23.192.97.69|192.168.43.153|443|56696|browsing
81|1|2.419833|32|4|6|192.168.43.153|23.192.97.69|56696|443|browsing
82|0|2.423874|1380|4|6|23.192.97.69|192.168.43.153|443|56696|browsing
83|0|2.425237|1380|4|6|23.192.97.69|192.168.43.153|443|56696|browsing
84|1|2.427032|32|4|6|192.168.43.153|23.192.97.69|56696|443|browsing
85|0|2.428177|1380|4|6|23.192.97.69|192.168.43.153|443|56696|browsing
86|0|2.428487|307|4|6|23.192.97.69|192.168.43.153|443|56696|browsing
87|0|2.428500|145|4|6|23.192.97.69|192.168.43.153|443|56696|browsing
88|1|2.429681|32|4|6|192.168.43.153|23.192.97.69|56696|443|browsing
89|0|2.431378|1380|4|6|23.192.97.69|192.168.43.153|443|56696|browsing
90|0|2.431594|138|4|6|23.192.97.69|192.168.43.153|443|56696|browsing
91|0|2.432981|1380|4|6|23.192.97.69|192.168.43.153|443|56696|browsing
92|0|2.434511|857|4|6|23.192.97.69|192.168.43.153|443|56696|browsing
93|1|2.440762|32|4|6|192.168.43.153|23.192.97.69|56696|443|browsing
94|0|2.450532|1264|4|6|23.192.97.69|192.168.43.153|443|56696|browsing
95|0|2.454608|1234|4|6|23.192.97.69|192.168.43.153|443|56696|browsing
96|0|2.454814|229|4|6|23.192.97.69|192.168.43.153|443|56696|browsing
97|1|2.456423|32|4|6|192.168.43.153|23.192.97.69|56696|443|browsing
98|0|2.468793|1380|4|6|23.192.97.69|192.168.43.153|443|56696|browsing
99|0|2.479595|975|4|6|23.192.97.69|192.168.43.153|443|56696|browsing
100|1|2.479881|32|4|6|192.168.43.153|23.192.97.69|56696|443|browsing
101|1|2.480955|312|4|6|192.168.43.153|23.192.97.69|56696|443|browsing
102|0|2.492367|1380|4|6|23.192.97.69|192.168.43.153|443|56696|browsing
103|0|2.492443|794|4|6|23.192.97.69|192.168.43.153|443|56696|browsing
104|1|2.492512|32|4|6|192.168.43.153|23.192.97.69|56696|443|browsing
105|0|2.497744|1380|4|6|23.192.97.69|192.168.43.153|443|56696|browsing
106|0|2.503111|1380|4|6|23.192.97.69|192.168.43.153|443|56696|browsing
107|1|2.505570|32|4|6|192.168.43.153|23.192.97.69|56696|443|browsing
108|0|2.507632|1380|4|6|23.192.97.69|192.168.43.153|443|56696|browsing
109|0|2.508998|352|4|6|23.192.97.69|192.168.43.153|443|56696|browsing
110|1|2.511033|32|4|6|192.168.43.153|23.192.97.69|56696|443|browsing
111|0|2.519976|1380|4|6|23.192.97.69|192.168.43.153|443|56696|browsing
112|0|2.530450|1380|4|6|23.192.97.69|192.168.43.153|443|56696|browsing
113|1|2.530683|32|4|6|192.168.43.153|23.192.97.69|56696|443|browsing
114|0|2.533575|1380|4|6|23.192.97.69|192.168.43.153|443|56696|browsing
115|0|2.547387|1380|4|6|23.192.97.69|192.168.43.153|443|56696|browsing
116|1|2.547988|32|4|6|192.168.43.153|23.192.97.69|56696|443|browsing
117|0|2.550406|1380|4|6|23.192.97.69|192.168.43.153|443|56696|browsing
118|0|2.555568|1380|4|6|23.192.97.69|192.168.43.153|443|56696|browsing
119|1|2.556020|32|4|6|192.168.43.153|23.192.97.69|56696|443|browsing
120|0|2.556056|1377|4|6|23.192.97.69|192.168.43.153|443|56696|browsing
121|1|2.556137|32|4|6|192.168.43.153|23.192.97.69|56696|443|browsing
122|0|2.580044|1380|4|6|23.192.97.69|192.168.43.153|443|56696|browsing
123|0|2.584823|1380|4|6|23.192.97.69|192.168.43.153|443|56696|browsing
124|1|2.586447|32|4|6|192.168.43.153|23.192.97.69|56696|443|browsing
125|0|2.627617|1380|4|6|23.192.97.69|192.168.43.153|443|56696|browsing
126|0|2.632973|1380|4|6|23.192.97.69|192.168.43.153|443|56696|browsing
127|1|2.633464|32|4|6|192.168.43.153|23.192.97.69|56696|443|browsing
128|0|2.654338|1380|4|6|23.192.97.69|192.168.43.153|443|56696|browsing
129|0|2.665870|1380|4|6|23.192.97.69|192.168.43.153|443|56696|browsing
130|1|2.665947|32|4|6|192.168.43.153|23.192.97.69|56696|443|browsing
131|0|2.666164|1380|4|6|23.192.97.69|192.168.43.153|443|56696|browsing
132|0|2.678727|1380|4|6|23.192.97.69|192.168.43.153|443|56696|browsing
133|1|2.682922|32|4|6|192.168.43.153|23.192.97.69|56696|443|browsing
134|0|2.690165|1380|4|6|23.192.97.69|192.168.43.153|443|56696|browsing
135|0|2.699968|1380|4|6|23.192.97.69|192.168.43.153|443|56696|browsing
136|1|2.700275|32|4|6|192.168.43.153|23.192.97.69|56696|443|browsing
137|0|2.703969|1380|4|6|23.192.97.69|192.168.43.153|443|56696|browsing
138|0|2.713169|1380|4|6|23.192.97.69|192.168.43.153|443|56696|browsing
139|1|2.713235|32|4|6|192.168.43.153|23.192.97.69|56696|443|browsing
140|0|2.714765|1380|4|6|23.192.97.69|192.168.43.153|443|56696|browsing
141|0|2.731574|1380|4|6|23.192.97.69|192.168.43.153|443|56696|browsing
142|1|2.731654|32|4|6|192.168.43.153|23.192.97.69|56696|443|browsing
143|0|2.735793|1380|4|6|23.192.97.69|192.168.43.153|443|56696|browsing
144|1|2.781780|32|4|6|192.168.43.153|23.192.97.69|56696|443|browsing
145|0|2.823923|1380|4|6|23.192.97.69|192.168.43.153|443|56696|browsing
146|0|2.828649|1380|4|6|23.192.97.69|192.168.43.153|443|56696|browsing
147|1|2.828730|32|4|6|192.168.43.153|23.192.97.69|56696|443|browsing
148|0|2.833575|1380|4|6|23.192.97.69|192.168.43.153|443|56696|browsing
149|0|2.838567|968|4|6|23.192.97.69|192.168.43.153|443|56696|browsing
150|1|2.838671|32|4|6|192.168.43.153|23.192.97.69|56696|443|browsing
151|0|2.838749|32|4|6|23.192.97.69|192.168.43.153|443|56696|browsing
152|0|2.899115|514|4|6|23.192.97.69|192.168.43.153|443|56696|browsing
153|1|2.899154|32|4|6|192.168.43.153|23.192.97.69|56696|443|browsing
154|1|3.261790|615|4|6|192.168.43.153|23.192.97.69|56696|443|browsing
155|1|3.284548|431|4|6|192.168.43.153|23.192.97.69|56696|443|browsing
156|1|3.284663|400|4|6|192.168.43.153|23.192.97.69|56696|443|browsing
157|0|3.358822|32|4|6|23.192.97.69|192.168.43.153|443|56696|browsing
158|0|3.358835|32|4|6|23.192.97.69|192.168.43.153|443|56696|browsing
159|0|3.374086|32|4|6|23.192.97.69|192.168.43.153|443|56696|browsing
160|0|3.533343|1380|4|6|23.192.97.69|192.168.43.153|443|56696|browsing
161|0|3.533604|474|4|6|23.192.97.69|192.168.43.153|443|56696|browsing
162|1|3.533657|32|4|6|192.168.43.153|23.192.97.69|56696|443|browsing
163|0|3.543327|1380|4|6|23.192.97.69|192.168.43.153|443|56696|browsing
164|0|3.543545|482|4|6|23.192.97.69|192.168.43.153|443|56696|browsing
165|1|3.543720|32|4|6|192.168.43.153|23.192.97.69|56696|443|browsing
166|0|3.574237|1380|4|6|23.192.97.69|192.168.43.153|443|56696|browsing
167|0|3.576622|1354|4|6|23.192.97.69|192.168.43.153|443|56696|browsing
168|1|3.576667|32|4|6|192.168.43.153|23.192.97.69|56696|443|browsing
169|1|5.421994|924|4|6|192.168.43.153|23.192.97.69|56696|443|browsing
170|1|5.427926|137|4|6|192.168.43.153|23.192.97.69|56696|443|browsing
171|1|5.428165|201|4|6|192.168.43.153|23.192.97.69|56696|443|browsing
172|0|5.515377|32|4|6|23.192.97.69|192.168.43.153|443|56696|browsing
173|0|5.696896|455|4|6|23.192.97.69|192.168.43.153|443|56696|browsing
174|1|5.696916|32|4|6|192.168.43.153|23.192.97.69|56696|443|browsing
175|0|5.697063|32|4|6|23.192.97.69|192.168.43.153|443|56696|browsing
176|0|5.697074|32|4|6|23.192.97.69|192.168.43.153|443|56696|browsing
177|0|5.716027|74|4|6|23.192.97.69|192.168.43.153|443|56696|browsing
178|1|5.716046|32|4|6|192.168.43.153|23.192.97.69|56696|443|browsing
179|0|5.902647|1026|4|6|23.192.97.69|192.168.43.153|443|56696|browsing
180|1|5.902671|32|4|6|192.168.43.153|23.192.97.69|56696|443|browsing
181|1|7.620313|120|4|6|192.168.43.153|23.192.97.69|56696|443|browsing
182|0|7.695856|32|4|6|23.192.97.69|192.168.43.153|443|56696|browsing
183|0|7.977382|1112|4|6|23.192.97.69|192.168.43.153|443|56696|browsing
184|1|7.977402|32|4|6|192.168.43.153|23.192.97.69|56696|443|browsing
185|1|10.453425|374|4|6|192.168.43.153|23.192.97.69|56696|443|browsing
186|1|11.173801|374|4|6|192.168.43.153|23.192.97.69|56696|443|browsing
187|0|11.513535|32|4|6|23.192.97.69|192.168.43.153|443|56696|browsing
188|0|11.784868|1380|4|6|23.192.97.69|192.168.43.153|443|56696|browsing
189|1|11.784909|32|4|6|192.168.43.153|23.192.97.69|56696|443|browsing
190|0|11.785714|1380|4|6|23.192.97.69|192.168.43.153|443|56696|browsing
191|1|11.785758|32|4|6|192.168.43.153|23.192.97.69|56696|443|browsing
192|0|11.786070|1380|4|6|23.192.97.69|192.168.43.153|443|56696|browsing
193|1|11.786093|32|4|6|192.168.43.153|23.192.97.69|56696|443|browsing
194|0|11.818810|1380|4|6|23.192.97.69|192.168.43.153|443|56696|browsing
195|1|11.818849|32|4|6|192.168.43.153|23.192.97.69|56696|443|browsing
196|0|11.819099|1380|4|6|23.192.97.69|192.168.43.153|443|56696|browsing
197|1|11.819122|32|4|6|192.168.43.153|23.192.97.69|56696|443|browsing
198|0|11.819249|1380|4|6|23.192.97.69|192.168.43.153|443|56696|browsing
199|1|11.819265|32|4|6|192.168.43.153|23.192.97.69|56696|443|browsing
200|0|11.819410|1380|4|6|23.192.97.69|192.168.43.153|443|56696|browsing
201|1|11.819425|32|4|6|192.168.43.153|23.192.97.69|56696|443|browsing
202|0|11.819572|1380|4|6|23.192.97.69|192.168.43.153|443|56696|browsing
203|1|11.819587|32|4|6|192.168.43.153|23.192.97.69|56696|443|browsing
204|0|11.819721|1380|4|6|23.192.97.69|192.168.43.153|443|56696|browsing
205|1|11.819735|32|4|6|192.168.43.153|23.192.97.69|56696|443|browsing
206|0|11.820375|1308|4|6|23.192.97.69|192.168.43.153|443|56696|browsing
207|1|11.820399|32|4|6|192.168.43.153|23.192.97.69|56696|443|browsing
208|0|11.838574|173|4|6|23.192.97.69|192.168.43.153|443|56696|browsing
209|1|11.838606|32|4|6|192.168.43.153|23.192.97.69|56696|443|browsing
210|0|11.854002|1380|4|6|23.192.97.69|192.168.43.153|443|56696|browsing
211|1|11.854029|32|4|6|192.168.43.153|23.192.97.69|56696|443|browsing
212|0|11.854396|1380|4|6|23.192.97.69|192.168.43.153|443|56696|browsing
213|1|11.854414|32|4|6|192.168.43.153|23.192.97.69|56696|443|browsing
214|0|11.855581|1380|4|6|23.192.97.69|192.168.43.153|443|56696|browsing
215|1|11.855612|32|4|6|192.168.43.153|23.192.97.69|56696|443|browsing
216|0|11.857360|1380|4|6|23.192.97.69|192.168.43.153|443|56696|browsing
217|1|11.857389|32|4|6|192.168.43.153|23.192.97.69|56696|443|browsing
218|0|11.858744|1380|4|6|23.192.97.69|192.168.43.153|443|56696|browsing
219|1|11.858773|32|4|6|192.168.43.153|23.192.97.69|56696|443|browsing
220|0|11.859149|1380|4|6|23.192.97.69|192.168.43.153|443|56696|browsing
221|0|11.868707|1380|4|6|23.192.97.69|192.168.43.153|443|56696|browsing
222|1|11.868728|32|4|6|192.168.43.153|23.192.97.69|56696|443|browsing
223|0|11.868979|1380|4|6|23.192.97.69|192.168.43.153|443|56696|browsing
224|0|11.869133|1380|4|6|23.192.97.69|192.168.43.153|443|56696|browsing
225|1|11.869141|32|4|6|192.168.43.153|23.192.97.69|56696|443|browsing
226|0|11.869293|1380|4|6|23.192.97.69|192.168.43.153|443|56696|browsing
227|0|11.869456|1380|4|6|23.192.97.69|192.168.43.153|443|56696|browsing
228|1|11.869464|32|4|6|192.168.43.153|23.192.97.69|56696|443|browsing
229|0|11.872494|1380|4|6|23.192.97.69|192.168.43.153|443|56696|browsing
230|0|11.872768|1380|4|6|23.192.97.69|192.168.43.153|443|56696|browsing
231|1|11.872780|32|4|6|192.168.43.153|23.192.97.69|56696|443|browsing
232|0|11.877905|1380|4|6|23.192.97.69|192.168.43.153|443|56696|browsing
233|0|11.878288|1380|4|6|23.192.97.69|192.168.43.153|443|56696|browsing
234|0|11.878445|1380|4|6|23.192.97.69|192.168.43.153|443|56696|browsing
235|0|11.878452|84|4|6|23.192.97.69|192.168.43.153|443|56696|browsing
236|1|11.879911|32|4|6|192.168.43.153|23.192.97.69|56696|443|browsing
237|0|11.934451|1380|4|6|23.192.97.69|192.168.43.153|443|56696|browsing
238|0|11.935430|745|4|6|23.192.97.69|192.168.43.153|443|56696|browsing
239|1|11.935475|32|4|6|192.168.43.153|23.192.97.69|56696|443|browsing
240|0|11.936827|1380|4|6|23.192.97.69|192.168.43.153|443|56696|browsing
241|0|11.937101|900|4|6|23.192.97.69|192.168.43.153|443|56696|browsing
242|1|11.937199|32|4|6|192.168.43.153|23.192.97.69|56696|443|browsing
243|0|11.975818|707|4|6|23.192.97.69|192.168.43.153|443|56696|browsing
244|1|11.975909|32|4|6|192.168.43.153|23.192.97.69|56696|443|browsing
245|0|11.984852|1321|4|6|23.192.97.69|192.168.43.153|443|56696|browsing
246|1|11.984936|32|4|6|192.168.43.153|23.192.97.69|56696|443|browsing
247|0|12.052676|1102|4|6|23.192.97.69|192.168.43.153|443|56696|browsing
248|1|12.052796|32|4|6|192.168.43.153|23.192.97.69|56696|443|browsing
249|0|12.054443|1380|4|6|23.192.97.69|192.168.43.153|443|56696|browsing
250|0|12.054626|70|4|6|23.192.97.69|192.168.43.153|443|56696|browsing
251|1|12.054636|32|4|6|192.168.43.153|23.192.97.69|56696|443|browsing
252|0|12.537392|905|4|6|23.192.97.69|192.168.43.153|443|56696|browsing
253|1|12.537544|32|4|6|192.168.43.153|23.192.97.69|56696|443|browsing
254|0|12.549981|175|4|6|23.192.97.69|192.168.43.153|443|56696|browsing
255|1|12.550085|32|4|6|192.168.43.153|23.192.97.69|56696|443|browsing
256|0|12.550324|1380|4|6|23.192.97.69|192.168.43.153|443|56696|browsing
257|0|12.550661|510|4|6|23.192.97.69|192.168.43.153|443|56696|browsing
258|1|12.550712|32|4|6|192.168.43.153|23.192.97.69|56696|443|browsing
259|0|12.550746|730|4|6|23.192.97.69|192.168.43.153|443|56696|browsing
260|1|12.550788|32|4|6|192.168.43.153|23.192.97.69|56696|443|browsing
261|0|12.552398|1380|4|6|23.192.97.69|192.168.43.153|443|56696|browsing
262|0|12.552548|242|4|6|23.192.97.69|192.168.43.153|443|56696|browsing
263|1|12.552562|32|4|6|192.168.43.153|23.192.97.69|56696|443|browsing
264|0|12.552744|1380|4|6|23.192.97.69|192.168.43.153|443|56696|browsing
265|0|12.552780|159|4|6|23.192.97.69|192.168.43.153|443|56696|browsing
266|0|12.552785|363|4|6|23.192.97.69|192.168.43.153|443|56696|browsing
267|1|12.552824|32|4|6|192.168.43.153|23.192.97.69|56696|443|browsing
268|0|12.580392|1380|4|6|23.192.97.69|192.168.43.153|443|56696|browsing
269|0|12.580434|1380|4|6|23.192.97.69|192.168.43.153|443|56696|browsing
270|1|12.580470|32|4|6|192.168.43.153|23.192.97.69|56696|443|browsing
271|0|12.580632|1380|4|6|23.192.97.69|192.168.43.153|443|56696|browsing
272|0|12.581810|1380|4|6|23.192.97.69|192.168.43.153|443|56696|browsing
273|1|12.581843|32|4|6|192.168.43.153|23.192.97.69|56696|443|browsing
274|0|12.587037|1380|4|6|23.192.97.69|192.168.43.153|443|56696|browsing
275|0|12.591020|1380|4|6|23.192.97.69|192.168.43.153|443|56696|browsing
276|1|12.591074|32|4|6|192.168.43.153|23.192.97.69|56696|443|browsing
277|0|12.595385|1380|4|6|23.192.97.69|192.168.43.153|443|56696|browsing
278|0|12.598184|1380|4|6|23.192.97.69|192.168.43.153|443|56696|browsing
279|1|12.598253|32|4|6|192.168.43.153|23.192.97.69|56696|443|browsing
280|0|12.611590|1380|4|6|23.192.97.69|192.168.43.153|443|56696|browsing
281|0|12.615556|1380|4|6|23.192.97.69|192.168.43.153|443|56696|browsing
282|1|12.615732|32|4|6|192.168.43.153|23.192.97.69|56696|443|browsing
283|0|12.621238|1380|4|6|23.192.97.69|192.168.43.153|443|56696|browsing
284|0|12.622597|1380|4|6|23.192.97.69|192.168.43.153|443|56696|browsing
285|1|12.622626|32|4|6|192.168.43.153|23.192.97.69|56696|443|browsing
286|0|12.625802|1380|4|6|23.192.97.69|192.168.43.153|443|56696|browsing
287|0|12.629747|1380|4|6|23.192.97.69|192.168.43.153|443|56696|browsing
288|1|12.629784|32|4|6|192.168.43.153|23.192.97.69|56696|443|browsing
289|0|12.631654|1380|4|6|23.192.97.69|192.168.43.153|443|56696|browsing
290|0|12.633717|1380|4|6|23.192.97.69|192.168.43.153|443|56696|browsing
291|1|12.633814|32|4|6|192.168.43.153|23.192.97.69|56696|443|browsing
292|0|12.634112|176|4|6|23.192.97.69|192.168.43.153|443|56696|browsing
293|1|12.634173|32|4|6|192.168.43.153|23.192.97.69|56696|443|browsing
294|0|12.637061|1380|4|6|23.192.97.69|192.168.43.153|443|56696|browsing
295|0|12.638290|1380|4|6|23.192.97.69|192.168.43.153|443|56696|browsing
296|1|12.638361|32|4|6|192.168.43.153|23.192.97.69|56696|443|browsing
297|0|12.653007|1380|4|6|23.192.97.69|192.168.43.153|443|56696|browsing
298|0|12.655571|1380|4|6|23.192.97.69|192.168.43.153|443|56696|browsing
299|1|12.655669|32|4|6|192.168.43.153|23.192.97.69|56696|443|browsing
300|0|12.656992|1380|4|6|23.192.97.69|192.168.43.153|443|56696|browsing
301|0|12.658431|1380|4|6|23.192.97.69|192.168.43.153|443|56696|browsing
302|1|12.658506|32|4|6|192.168.43.153|23.192.97.69|56696|443|browsing
303|0|12.661065|1380|4|6|23.192.97.69|192.168.43.153|443|56696|browsing
304|0|12.661364|1380|4|6|23.192.97.69|192.168.43.153|443|56696|browsing
305|1|12.661424|32|4|6|192.168.43.153|23.192.97.69|56696|443|browsing
306|0|12.664878|1380|4|6|23.192.97.69|192.168.43.153|443|56696|browsing
307|0|12.667389|1380|4|6|23.192.97.69|192.168.43.153|443|56696|browsing
308|1|12.667450|32|4|6|192.168.43.153|23.192.97.69|56696|443|browsing
309|0|12.668808|1380|4|6|23.192.97.69|192.168.43.153|443|56696|browsing
310|0|12.671447|1380|4|6|23.192.97.69|192.168.43.153|443|56696|browsing
311|1|12.671558|32|4|6|192.168.43.153|23.192.97.69|56696|443|browsing
312|0|12.671580|342|4|6|23.192.97.69|192.168.43.153|443|56696|browsing
313|1|12.671596|32|4|6|192.168.43.153|23.192.97.69|56696|443|browsing
314|0|12.674164|1380|4|6|23.192.97.69|192.168.43.153|443|56696|browsing
315|0|12.674362|232|4|6|23.192.97.69|192.168.43.153|443|56696|browsing
316|1|12.674374|32|4|6|192.168.43.153|23.192.97.69|56696|443|browsing
317|0|12.674390|164|4|6|23.192.97.69|192.168.43.153|443|56696|browsing
318|1|12.674433|32|4|6|192.168.43.153|23.192.97.69|56696|443|browsing
319|0|12.677028|1380|4|6|23.192.97.69|192.168.43.153|443|56696|browsing
320|0|12.678224|1380|4|6|23.192.97.69|192.168.43.153|443|56696|browsing
321|1|12.678369|32|4|6|192.168.43.153|23.192.97.69|56696|443|browsing
322|0|12.693299|1380|4|6|23.192.97.69|192.168.43.153|443|56696|browsing
323|0|12.694624|1380|4|6|23.192.97.69|192.168.43.153|443|56696|browsing
324|1|12.694694|32|4|6|192.168.43.153|23.192.97.69|56696|443|browsing
325|0|12.697053|1380|4|6|23.192.97.69|192.168.43.153|443|56696|browsing
326|0|12.698573|1380|4|6|23.192.97.69|192.168.43.153|443|56696|browsing
327|1|12.698612|32|4|6|192.168.43.153|23.192.97.69|56696|443|browsing
328|0|12.703362|1380|4|6|23.192.97.69|192.168.43.153|443|56696|browsing
329|0|12.707147|1380|4|6|23.192.97.69|192.168.43.153|443|56696|browsing
330|1|12.707215|32|4|6|192.168.43.153|23.192.97.69|56696|443|browsing
331|0|12.708427|1380|4|6|23.192.97.69|192.168.43.153|443|56696|browsing
332|0|12.709802|1380|4|6|23.192.97.69|192.168.43.153|443|56696|browsing
333|1|12.709831|32|4|6|192.168.43.153|23.192.97.69|56696|443|browsing
334|0|12.713542|1380|4|6|23.192.97.69|192.168.43.153|443|56696|browsing
335|0|12.715632|1380|4|6|23.192.97.69|192.168.43.153|443|56696|browsing
336|1|12.715657|32|4|6|192.168.43.153|23.192.97.69|56696|443|browsing
337|0|12.719586|1380|4|6|23.192.97.69|192.168.43.153|443|56696|browsing
338|0|12.733429|1380|4|6|23.192.97.69|192.168.43.153|443|56696|browsing
339|1|12.733505|32|4|6|192.168.43.153|23.192.97.69|56696|443|browsing
340|0|12.745140|1380|4|6|23.192.97.69|192.168.43.153|443|56696|browsing
341|0|12.746149|1380|4|6|23.192.97.69|192.168.43.153|443|56696|browsing
342|1|12.746219|32|4|6|192.168.43.153|23.192.97.69|56696|443|browsing
343|0|12.748745|1184|4|6|23.192.97.69|192.168.43.153|443|56696|browsing
344|1|12.748815|32|4|6|192.168.43.153|23.192.97.69|56696|443|browsing
345|0|12.749117|1380|4|6|23.192.97.69|192.168.43.153|443|56696|browsing
346|0|12.749194|1045|4|6|23.192.97.69|192.168.43.153|443|56696|browsing
347|1|12.749216|32|4|6|192.168.43.153|23.192.97.69|56696|443|browsing
348|0|12.749314|1098|4|6|23.192.97.69|192.168.43.153|443|56696|browsing
349|1|12.749340|32|4|6|192.168.43.153|23.192.97.69|56696|443|browsing
350|0|12.769784|865|4|6|23.192.97.69|192.168.43.153|443|56696|browsing
351|1|12.769855|32|4|6|192.168.43.153|23.192.97.69|56696|443|browsing
352|0|12.771527|334|4|6|23.192.97.69|192.168.43.153|443|56696|browsing
353|1|12.771679|32|4|6|192.168.43.153|23.192.97.69|56696|443|browsing
354|0|12.813267|613|4|6|23.192.97.69|192.168.43.153|443|56696|browsing
355|1|12.813341|32|4|6|192.168.43.153|23.192.97.69|56696|443|browsing
356|0|12.864201|1380|4|6|23.192.97.69|192.168.43.153|443|56696|browsing
357|0|12.865496|210|4|6|23.192.97.69|192.168.43.153|443|56696|browsing
358|1|12.865515|32|4|6|192.168.43.153|23.192.97.69|56696|443|browsing
359|0|13.430501|1380|4|6|23.192.97.69|192.168.43.153|443|56696|browsing
360|0|13.439828|1380|4|6|23.192.97.69|192.168.43.153|443|56696|browsing
361|1|13.439891|32|4|6|192.168.43.153|23.192.97.69|56696|443|browsing
362|0|13.440045|186|4|6|23.192.97.69|192.168.43.153|443|56696|browsing
363|1|13.440114|32|4|6|192.168.43.153|23.192.97.69|56696|443|browsing
364|0|13.451284|1380|4|6|23.192.97.69|192.168.43.153|443|56696|browsing
365|0|13.451601|794|4|6|23.192.97.69|192.168.43.153|443|56696|browsing
366|0|13.451606|173|4|6|23.192.97.69|192.168.43.153|443|56696|browsing
367|1|13.451672|32|4|6|192.168.43.153|23.192.97.69|56696|443|browsing
368|0|13.451754|1380|4|6|23.192.97.69|192.168.43.153|443|56696|browsing
369|0|13.453288|1380|4|6|23.192.97.69|192.168.43.153|443|56696|browsing
370|1|13.453326|32|4|6|192.168.43.153|23.192.97.69|56696|443|browsing
371|0|13.454734|1380|4|6|23.192.97.69|192.168.43.153|443|56696|browsing
372|0|13.457121|1380|4|6|23.192.97.69|192.168.43.153|443|56696|browsing
373|1|13.457232|32|4|6|192.168.43.153|23.192.97.69|56696|443|browsing
374|0|13.458833|1380|4|6|23.192.97.69|192.168.43.153|443|56696|browsing
375|0|13.461281|463|4|6|23.192.97.69|192.168.43.153|443|56696|browsing
376|1|13.461347|32|4|6|192.168.43.153|23.192.97.69|56696|443|browsing
377|0|13.470820|1380|4|6|23.192.97.69|192.168.43.153|443|56696|browsing
378|0|13.470825|136|4|6|23.192.97.69|192.168.43.153|443|56696|browsing
379|1|13.470865|32|4|6|192.168.43.153|23.192.97.69|56696|443|browsing
380|0|13.470985|1380|4|6|23.192.97.69|192.168.43.153|443|56696|browsing
381|0|13.471344|352|4|6|23.192.97.69|192.168.43.153|443|56696|browsing
382|1|13.472018|32|4|6|192.168.43.153|23.192.97.69|56696|443|browsing
383|0|13.473457|472|4|6|23.192.97.69|192.168.43.153|443|56696|browsing
384|1|13.473509|32|4|6|192.168.43.153|23.192.97.69|56696|443|browsing
385|0|13.494170|1380|4|6|23.192.97.69|192.168.43.153|443|56696|browsing
386|0|13.495657|1380|4|6|23.192.97.69|192.168.43.153|443|56696|browsing
387|1|13.495693|32|4|6|192.168.43.153|23.192.97.69|56696|443|browsing
388|0|13.496031|1380|4|6|23.192.97.69|192.168.43.153|443|56696|browsing
389|0|13.496040|479|4|6|23.192.97.69|192.168.43.153|443|56696|browsing
390|1|13.496100|32|4|6|192.168.43.153|23.192.97.69|56696|443|browsing
391|0|13.499943|653|4|6|23.192.97.69|192.168.43.153|443|56696|browsing
392|1|13.500091|32|4|6|192.168.43.153|23.192.97.69|56696|443|browsing
393|0|13.502017|173|4|6|23.192.97.69|192.168.43.153|443|56696|browsing
394|1|13.502099|32|4|6|192.168.43.153|23.192.97.69|56696|443|browsing
395|0|13.503244|1380|4|6|23.192.97.69|192.168.43.153|443|56696|browsing
396|0|13.504736|1380|4|6|23.192.97.69|192.168.43.153|443|56696|browsing
397|1|13.504768|32|4|6|192.168.43.153|23.192.97.69|56696|443|browsing
398|0|13.505154|1380|4|6|23.192.97.69|192.168.43.153|443|56696|browsing
399|0|13.507036|1380|4|6|23.192.97.69|192.168.43.153|443|56696|browsing
400|1|13.507085|32|4|6|192.168.43.153|23.192.97.69|56696|443|browsing
401|0|13.507393|908|4|6|23.192.97.69|192.168.43.153|443|56696|browsing
402|1|13.507439|32|4|6|192.168.43.153|23.192.97.69|56696|443|browsing
403|0|13.513145|173|4|6|23.192.97.69|192.168.43.153|443|56696|browsing
404|1|13.513204|32|4|6|192.168.43.153|23.192.97.69|56696|443|browsing
405|0|13.514223|1380|4|6|23.192.97.69|192.168.43.153|443|56696|browsing
406|0|13.514583|1380|4|6|23.192.97.69|192.168.43.153|443|56696|browsing
407|1|13.514776|32|4|6|192.168.43.153|23.192.97.69|56696|443|browsing
408|0|13.530175|1380|4|6|23.192.97.69|192.168.43.153|443|56696|browsing
409|0|13.531630|1380|4|6|23.192.97.69|192.168.43.153|443|56696|browsing
410|1|13.531667|32|4|6|192.168.43.153|23.192.97.69|56696|443|browsing
411|0|13.532058|1380|4|6|23.192.97.69|192.168.43.153|443|56696|browsing
412|0|13.538659|1380|4|6|23.192.97.69|192.168.43.153|443|56696|browsing
413|1|13.538720|32|4|6|192.168.43.153|23.192.97.69|56696|443|browsing
414|0|13.538801|476|4|6|23.192.97.69|192.168.43.153|443|56696|browsing
415|1|13.538831|32|4|6|192.168.43.153|23.192.97.69|56696|443|browsing
416|0|13.543307|1380|4|6|23.192.97.69|192.168.43.153|443|56696|browsing
417|0|13.548365|1380|4|6|23.192.97.69|192.168.43.153|443|56696|browsing
418|1|13.548412|32|4|6|192.168.43.153|23.192.97.69|56696|443|browsing
419|0|13.548571|146|4|6|23.192.97.69|192.168.43.153|443|56696|browsing
420|1|13.548596|32|4|6|192.168.43.153|23.192.97.69|56696|443|browsing
421|0|13.551377|173|4|6|23.192.97.69|192.168.43.153|443|56696|browsing
422|1|13.551448|32|4|6|192.168.43.153|23.192.97.69|56696|443|browsing
423|0|13.554721|1380|4|6|23.192.97.69|192.168.43.153|443|56696|browsing
424|0|13.554900|1380|4|6|23.192.97.69|192.168.43.153|443|56696|browsing
425|1|13.554922|32|4|6|192.168.43.153|23.192.97.69|56696|443|browsing
426|0|13.572759|1380|4|6|23.192.97.69|192.168.43.153|443|56696|browsing
427|0|13.574097|302|4|6|23.192.97.69|192.168.43.153|443|56696|browsing
428|1|13.574110|32|4|6|192.168.43.153|23.192.97.69|56696|443|browsing
429|0|13.628862|969|4|6|23.192.97.69|192.168.43.153|443|56696|browsing
430|1|13.628916|32|4|6|192.168.43.153|23.192.97.69|56696|443|browsing
431|0|13.629644|174|4|6|23.192.97.69|192.168.43.153|443|56696|browsing
432|1|13.629676|32|4|6|192.168.43.153|23.192.97.69|56696|443|browsing
433|0|13.629941|1380|4|6|23.192.97.69|192.168.43.153|443|56696|browsing
434|0|13.630097|1380|4|6|23.192.97.69|192.168.43.153|443|56696|browsing
435|1|13.630126|32|4|6|192.168.43.153|23.192.97.69|56696|443|browsing
436|0|13.631314|654|4|6|23.192.97.69|192.168.43.153|443|56696|browsing
437|1|13.631446|32|4|6|192.168.43.153|23.192.97.69|56696|443|browsing
438|0|13.653600|173|4|6|23.192.97.69|192.168.43.153|443|56696|browsing
439|1|13.653691|32|4|6|192.168.43.153|23.192.97.69|56696|443|browsing
440|0|13.693380|1380|4|6|23.192.97.69|192.168.43.153|443|56696|browsing
441|0|13.694845|1380|4|6|23.192.97.69|192.168.43.153|443|56696|browsing
442|1|13.694915|32|4|6|192.168.43.153|23.192.97.69|56696|443|browsing
443|0|13.695121|1380|4|6|23.192.97.69|192.168.43.153|443|56696|browsing
444|0|13.695841|1380|4|6|23.192.97.69|192.168.43.153|443|56696|browsing
445|1|13.695906|32|4|6|192.168.43.153|23.192.97.69|56696|443|browsing
446|0|13.697648|1380|4|6|23.192.97.69|192.168.43.153|443|56696|browsing
447|0|13.701015|1380|4|6|23.192.97.69|192.168.43.153|443|56696|browsing
448|1|13.701120|32|4|6|192.168.43.153|23.192.97.69|56696|443|browsing
449|0|13.701281|1380|4|6|23.192.97.69|192.168.43.153|443|56696|browsing
450|0|13.701324|444|4|6|23.192.97.69|192.168.43.153|443|56696|browsing
451|1|13.701339|32|4|6|192.168.43.153|23.192.97.69|56696|443|browsing
452|0|13.980134|182|4|6|23.192.97.69|192.168.43.153|443|56696|browsing
453|0|13.981860|1380|4|6|23.192.97.69|192.168.43.153|443|56696|browsing
454|0|13.982793|1380|4|6|23.192.97.69|192.168.43.153|443|56696|browsing
455|0|13.985965|1380|4|6|23.192.97.69|192.168.43.153|443|56696|browsing
456|0|13.986293|631|4|6|23.192.97.69|192.168.43.153|443|56696|browsing
457|1|13.986315|32|4|6|192.168.43.153|23.192.97.69|56696|443|browsing
458|1|13.986356|32|4|6|192.168.43.153|23.192.97.69|56696|443|browsing
459|0|13.995857|323|4|6|23.192.97.69|192.168.43.153|443|56696|browsing
460|1|13.995924|32|4|6|192.168.43.153|23.192.97.69|56696|443|browsing
461|0|13.996609|173|4|6|23.192.97.69|192.168.43.153|443|56696|browsing
462|1|13.996644|32|4|6|192.168.43.153|23.192.97.69|56696|443|browsing
463|0|14.015383|1380|4|6|23.192.97.69|192.168.43.153|443|56696|browsing
464|0|14.015665|1380|4|6|23.192.97.69|192.168.43.153|443|56696|browsing
465|1|14.015769|32|4|6|192.168.43.153|23.192.97.69|56696|443|browsing
466|0|14.017376|1380|4|6|23.192.97.69|192.168.43.153|443|56696|browsing
467|0|14.017632|1380|4|6|23.192.97.69|192.168.43.153|443|56696|browsing
468|1|14.017661|32|4|6|192.168.43.153|23.192.97.69|56696|443|browsing
469|0|14.018960|1380|4|6|23.192.97.69|192.168.43.153|443|56696|browsing
470|0|14.020501|1380|4|6|23.192.97.69|192.168.43.153|443|56696|browsing
471|1|14.020742|32|4|6|192.168.43.153|23.192.97.69|56696|443|browsing
472|0|14.021806|901|4|6|23.192.97.69|192.168.43.153|443|56696|browsing
473|1|14.021860|32|4|6|192.168.43.153|23.192.97.69|56696|443|browsing
474|0|14.026245|1380|4|6|23.192.97.69|192.168.43.153|443|56696|browsing
475|0|14.029302|1380|4|6|23.192.97.69|192.168.43.153|443|56696|browsing
476|1|14.029626|32|4|6|192.168.43.153|23.192.97.69|56696|443|browsing
477|0|14.031800|1380|4|6|23.192.97.69|192.168.43.153|443|56696|browsing
478|0|14.034778|1380|4|6|23.192.97.69|192.168.43.153|443|56696|browsing
479|0|14.035109|1380|4|6|23.192.97.69|192.168.43.153|443|56696|browsing
480|0|14.035270|1380|4|6|23.192.97.69|192.168.43.153|443|56696|browsing
481|1|14.037964|32|4|6|192.168.43.153|23.192.97.69|56696|443|browsing
482|0|14.038210|1380|4|6|23.192.97.69|192.168.43.153|443|56696|browsing
483|0|14.039662|1380|4|6|23.192.97.69|192.168.43.153|443|56696|browsing
484|1|14.039752|32|4|6|192.168.43.153|23.192.97.69|56696|443|browsing
485|0|14.057295|1380|4|6|23.192.97.69|192.168.43.153|443|56696|browsing
486|0|14.058815|1380|4|6|23.192.97.69|192.168.43.153|443|56696|browsing
487|1|14.058868|32|4|6|192.168.43.153|23.192.97.69|56696|443|browsing
488|0|14.060488|1380|4|6|23.192.97.69|192.168.43.153|443|56696|browsing
489|0|14.063335|1380|4|6|23.192.97.69|192.168.43.153|443|56696|browsing
490|1|14.063432|32|4|6|192.168.43.153|23.192.97.69|56696|443|browsing
491|0|14.064171|1380|4|6|23.192.97.69|192.168.43.153|443|56696|browsing
492|0|14.064470|1380|4|6|23.192.97.69|192.168.43.153|443|56696|browsing
493|1|14.064535|32|4|6|192.168.43.153|23.192.97.69|56696|443|browsing
494|0|14.064903|1380|4|6|23.192.97.69|192.168.43.153|443|56696|browsing
495|0|14.066610|1380|4|6|23.192.97.69|192.168.43.153|443|56696|browsing
496|1|14.066733|32|4|6|192.168.43.153|23.192.97.69|56696|443|browsing
497|0|14.069457|1380|4|6|23.192.97.69|192.168.43.153|443|56696|browsing
498|1|14.109771|32|4|6|192.168.43.153|23.192.97.69|56696|443|browsing
499|1|14.926477|739|4|6|192.168.43.153|23.192.97.69|56696|443|browsing
500|1|14.926525|1102|4|6|192.168.43.153|23.192.97.69|56696|443|browsing
501|1|14.933145|208|4|6|192.168.43.153|23.192.97.69|56696|443|browsing
502|1|14.933224|209|4|6|192.168.43.153|23.192.97.69|56696|443|browsing
503|1|14.933675|207|4|6|192.168.43.153|23.192.97.69|56696|443|browsing
504|0|15.058506|32|4|6|23.192.97.69|192.168.43.153|443|56696|browsing
505|0|15.068463|32|4|6|23.192.97.69|192.168.43.153|443|56696|browsing
506|0|15.104994|74|4|6|23.192.97.69|192.168.43.153|443|56696|browsing
507|1|15.105029|32|4|6|192.168.43.153|23.192.97.69|56696|443|browsing
508|0|15.105361|32|4|6|23.192.97.69|192.168.43.153|443|56696|browsing
509|0|15.105369|32|4|6|23.192.97.69|192.168.43.153|443|56696|browsing
510|0|15.105373|32|4|6|23.192.97.69|192.168.43.153|443|56696|browsing
511|0|15.419479|1380|4|6|23.192.97.69|192.168.43.153|443|56696|browsing
512|0|15.419615|1210|4|6|23.192.97.69|192.168.43.153|443|56696|browsing
513|1|15.419652|32|4|6|192.168.43.153|23.192.97.69|56696|443|browsing
514|1|15.427006|262|4|6|192.168.43.153|23.192.97.69|56696|443|browsing
515|0|15.493636|496|4|6|23.192.97.69|192.168.43.153|443|56696|browsing
516|0|15.530657|496|4|6|23.192.97.69|192.168.43.153|443|56696|browsing
517|1|15.530735|32|4|6|192.168.43.153|23.192.97.69|56696|443|browsing
518|1|15.586433|223|4|6|192.168.43.153|23.192.97.69|56696|443|browsing
519|1|15.602449|208|4|6|192.168.43.153|23.192.97.69|56696|443|browsing
520|0|15.621427|496|4|6|23.192.97.69|192.168.43.153|443|56696|browsing
521|0|15.680076|32|4|6|23.192.97.69|192.168.43.153|443|56696|browsing
522|1|15.689821|32|4|6|192.168.43.153|23.192.97.69|56696|443|browsing
523|0|15.696807|32|4|6|23.192.97.69|192.168.43.153|443|56696|browsing
524|0|15.697037|32|4|6|23.192.97.69|192.168.43.153|443|56696|browsing
525|1|15.758959|236|4|6|192.168.43.153|23.192.97.69|56696|443|browsing
526|0|15.774961|964|4|6|23.192.97.69|192.168.43.153|443|56696|browsing
527|1|15.775029|32|4|6|192.168.43.153|23.192.97.69|56696|443|browsing
528|0|15.775206|113|4|6|23.192.97.69|192.168.43.153|443|56696|browsing
529|1|15.776127|32|4|6|192.168.43.153|23.192.97.69|56696|443|browsing
530|0|15.818504|32|4|6|23.192.97.69|192.168.43.153|443|56696|browsing
531|0|15.855867|1021|4|6|23.192.97.69|192.168.43.153|443|56696|browsing
532|1|15.855999|32|4|6|192.168.43.153|23.192.97.69|56696|443|browsing
533|0|15.894520|1022|4|6|23.192.97.69|192.168.43.153|443|56696|browsing
534|1|15.894626|32|4|6|192.168.43.153|23.192.97.69|56696|443|browsing
535|0|16.014575|659|4|6|23.192.97.69|192.168.43.153|443|56696|browsing
536|1|16.017088|32|4|6|192.168.43.153|23.192.97.69|56696|443|browsing
537|1|16.066941|146|4|6|192.168.43.153|23.192.97.69|56696|443|browsing
538|1|16.068705|155|4|6|192.168.43.153|23.192.97.69|56696|443|browsing
539|1|16.071346|155|4|6|192.168.43.153|23.192.97.69|56696|443|browsing
540|0|16.174292|32|4|6|23.192.97.69|192.168.43.153|443|56696|browsing
541|0|16.338703|969|4|6|23.192.97.69|192.168.43.153|443|56696|browsing
542|1|16.338767|32|4|6|192.168.43.153|23.192.97.69|56696|443|browsing
543|0|16.345503|113|4|6|23.192.97.69|192.168.43.153|443|56696|browsing
544|1|16.345583|32|4|6|192.168.43.153|23.192.97.69|56696|443|browsing
545|0|16.345765|1022|4|6|23.192.97.69|192.168.43.153|443|56696|browsing
546|1|16.346238|32|4|6|192.168.43.153|23.192.97.69|56696|443|browsing
547|0|16.351255|1021|4|6|23.192.97.69|192.168.43.153|443|56696|browsing
548|1|16.352402|32|4|6|192.168.43.153|23.192.97.69|56696|443|browsing
549|1|16.355905|1380|4|6|192.168.43.153|23.192.97.69|56696|443|browsing
550|1|16.355927|748|4|6|192.168.43.153|23.192.97.69|56696|443|browsing
551|1|16.600998|138|4|6|192.168.43.153|23.192.97.69|56696|443|browsing
552|1|16.601086|767|4|6|192.168.43.153|23.192.97.69|56696|443|browsing
553|0|16.615738|32|4|6|23.192.97.69|192.168.43.153|443|56696|browsing
554|1|16.633642|155|4|6|192.168.43.153|23.192.97.69|56696|443|browsing
555|0|16.777287|455|4|6|23.192.97.69|192.168.43.153|443|56696|browsing
556|1|16.777374|32|4|6|192.168.43.153|23.192.97.69|56696|443|browsing
557|0|16.973914|32|4|6|23.192.97.69|192.168.43.153|443|56696|browsing
558|0|16.974382|74|4|6|23.192.97.69|192.168.43.153|443|56696|browsing
559|1|16.974464|32|4|6|192.168.43.153|23.192.97.69|56696|443|browsing
560|0|17.133027|776|4|6|23.192.97.69|192.168.43.153|443|56696|browsing
561|1|17.133143|32|4|6|192.168.43.153|23.192.97.69|56696|443|browsing
562|0|17.135763|1380|4|6|23.192.97.69|192.168.43.153|443|56696|browsing
563|0|17.135885|1285|4|6|23.192.97.69|192.168.43.153|443|56696|browsing
564|0|17.137233|1380|4|6|23.192.97.69|192.168.43.153|443|56696|browsing
565|0|17.137449|897|4|6|23.192.97.69|192.168.43.153|443|56696|browsing
566|0|17.137458|70|4|6|23.192.97.69|192.168.43.153|443|56696|browsing
567|1|17.137764|32|4|6|192.168.43.153|23.192.97.69|56696|443|browsing
568|1|17.338473|253|4|6|192.168.43.153|23.192.97.69|56696|443|browsing
569|0|17.497447|32|4|6|23.192.97.69|192.168.43.153|443|56696|browsing
570|1|17.587315|170|4|6|192.168.43.153|23.192.97.69|56696|443|browsing
571|1|17.587417|91|4|6|192.168.43.153|23.192.97.69|56696|443|browsing
572|0|17.700765|454|4|6|23.192.97.69|192.168.43.153|443|56696|browsing
573|1|17.700790|32|4|6|192.168.43.153|23.192.97.69|56696|443|browsing
574|0|17.751647|32|4|6|23.192.97.69|192.168.43.153|443|56696|browsing
575|0|17.751673|32|4|6|23.192.97.69|192.168.43.153|443|56696|browsing
576|0|17.751676|74|4|6|23.192.97.69|192.168.43.153|443|56696|browsing
577|1|17.752487|32|4|6|192.168.43.153|23.192.97.69|56696|443|browsing
578|0|17.853057|1380|4|6|23.192.97.69|192.168.43.153|443|56696|browsing
579|0|17.853579|238|4|6|23.192.97.69|192.168.43.153|443|56696|browsing
580|1|17.853608|32|4|6|192.168.43.153|23.192.97.69|56696|443|browsing
581|1|21.403480|120|4|6|192.168.43.153|23.192.97.69|56696|443|browsing
582|0|21.494234|32|4|6|23.192.97.69|192.168.43.153|443|56696|browsing
583|0|21.698119|1114|4|6|23.192.97.69|192.168.43.153|443|56696|browsing
584|1|21.698138|32|4|6|192.168.43.153|23.192.97.69|56696|443|browsing
585|1|22.763222|522|4|6|192.168.43.153|23.192.97.69|56696|443|browsing
586|1|23.361801|522|4|6|192.168.43.153|23.192.97.69|56696|443|browsing
587|0|23.904009|32|4|6|23.192.97.69|192.168.43.153|443|56696|browsing
588|0|23.987627|44|4|6|23.192.97.69|192.168.43.153|443|56696|browsing
589|0|24.779586|1380|4|6|23.192.97.69|192.168.43.153|443|56696|browsing
590|1|24.779612|32|4|6|192.168.43.153|23.192.97.69|56696|443|browsing
591|0|24.779887|1380|4|6|23.192.97.69|192.168.43.153|443|56696|browsing
592|1|24.779928|32|4|6|192.168.43.153|23.192.97.69|56696|443|browsing
593|0|24.779940|533|4|6|23.192.97.69|192.168.43.153|443|56696|browsing
594|1|24.779964|32|4|6|192.168.43.153|23.192.97.69|56696|443|browsing
595|0|24.780950|1380|4|6|23.192.97.69|192.168.43.153|443|56696|browsing
596|1|24.780963|32|4|6|192.168.43.153|23.192.97.69|56696|443|browsing
597|0|24.782357|1380|4|6|23.192.97.69|192.168.43.153|443|56696|browsing
598|1|24.782370|32|4|6|192.168.43.153|23.192.97.69|56696|443|browsing
599|0|24.783952|746|4|6|23.192.97.69|192.168.43.153|443|56696|browsing
600|1|24.783963|32|4|6|192.168.43.153|23.192.97.69|56696|443|browsing
601|0|24.785442|1380|4|6|23.192.97.69|192.168.43.153|443|56696|browsing
602|1|24.785448|32|4|6|192.168.43.153|23.192.97.69|56696|443|browsing
603|0|24.785595|77|4|6|23.192.97.69|192.168.43.153|443|56696|browsing
604|1|24.785600|32|4|6|192.168.43.153|23.192.97.69|56696|443|browsing
605|0|24.785607|173|4|6|23.192.97.69|192.168.43.153|443|56696|browsing
606|1|24.785630|32|4|6|192.168.43.153|23.192.97.69|56696|443|browsing
607|0|24.789934|1380|4|6|23.192.97.69|192.168.43.153|443|56696|browsing
608|1|24.789957|32|4|6|192.168.43.153|23.192.97.69|56696|443|browsing
609|1|24.790047|464|4|6|192.168.43.153|23.192.97.69|56696|443|browsing
610|0|24.791611|1380|4|6|23.192.97.69|192.168.43.153|443|56696|browsing
611|1|24.791629|32|4|6|192.168.43.153|23.192.97.69|56696|443|browsing
612|0|24.794344|1380|4|6|23.192.97.69|192.168.43.153|443|56696|browsing
613|1|24.794359|32|4|6|192.168.43.153|23.192.97.69|56696|443|browsing
614|0|24.796464|1380|4|6|23.192.97.69|192.168.43.153|443|56696|browsing
615|1|24.796472|32|4|6|192.168.43.153|23.192.97.69|56696|443|browsing
616|0|24.796864|1380|4|6|23.192.97.69|192.168.43.153|443|56696|browsing
617|1|24.796869|32|4|6|192.168.43.153|23.192.97.69|56696|443|browsing
618|1|24.802405|75|4|6|192.168.43.153|23.192.97.69|56696|443|browsing
619|1|24.802485|117|4|6|192.168.43.153|23.192.97.69|56696|443|browsing
620|0|24.813168|1380|4|6|23.192.97.69|192.168.43.153|443|56696|browsing
621|0|24.815120|1380|4|6|23.192.97.69|192.168.43.153|443|56696|browsing
622|1|24.815224|32|4|6|192.168.43.153|23.192.97.69|56696|443|browsing
623|0|24.815807|1380|4|6|23.192.97.69|192.168.43.153|443|56696|browsing
624|0|24.818647|1380|4|6|23.192.97.69|192.168.43.153|443|56696|browsing
625|1|24.818744|32|4|6|192.168.43.153|23.192.97.69|56696|443|browsing
626|0|24.820075|1380|4|6|23.192.97.69|192.168.43.153|443|56696|browsing
627|0|24.821183|1380|4|6|23.192.97.69|192.168.43.153|443|56696|browsing
628|1|24.821266|32|4|6|192.168.43.153|23.192.97.69|56696|443|browsing
629|0|24.823408|1380|4|6|23.192.97.69|192.168.43.153|443|56696|browsing
630|0|24.824755|1380|4|6|23.192.97.69|192.168.43.153|443|56696|browsing
631|1|24.824843|32|4|6|192.168.43.153|23.192.97.69|56696|443|browsing
632|0|24.825515|1380|4|6|23.192.97.69|192.168.43.153|443|56696|browsing
633|0|24.827528|1380|4|6|23.192.97.69|192.168.43.153|443|56696|browsing
634|1|24.827829|32|4|6|192.168.43.153|23.192.97.69|56696|443|browsing
635|0|24.829046|1380|4|6|23.192.97.69|192.168.43.153|443|56696|browsing
636|0|24.831552|1380|4|6|23.192.97.69|192.168.43.153|443|56696|browsing
637|1|24.831640|32|4|6|192.168.43.153|23.192.97.69|56696|443|browsing
638|0|24.832750|1380|4|6|23.192.97.69|192.168.43.153|443|56696|browsing
639|0|24.834367|1380|4|6|23.192.97.69|192.168.43.153|443|56696|browsing
640|1|24.834430|32|4|6|192.168.43.153|23.192.97.69|56696|443|browsing
641|0|24.835380|1380|4|6|23.192.97.69|192.168.43.153|443|56696|browsing
642|0|24.835751|1380|4|6|23.192.97.69|192.168.43.153|443|56696|browsing
643|0|24.835758|171|4|6|23.192.97.69|192.168.43.153|443|56696|browsing
644|1|24.835800|32|4|6|192.168.43.153|23.192.97.69|56696|443|browsing
645|0|24.856613|32|4|6|23.192.97.69|192.168.43.153|443|56696|browsing
646|0|24.856809|32|4|6|23.192.97.69|192.168.43.153|443|56696|browsing
647|0|24.858030|32|4|6|23.192.97.69|192.168.43.153|443|56696|browsing
648|0|25.998848|1380|4|6|23.192.97.69|192.168.43.153|443|56696|browsing
649|0|25.999254|1194|4|6|23.192.97.69|192.168.43.153|443|56696|browsing
650|0|25.999263|174|4|6|23.192.97.69|192.168.43.153|443|56696|browsing
651|1|25.999284|32|4|6|192.168.43.153|23.192.97.69|56696|443|browsing
652|0|26.013826|1380|4|6|23.192.97.69|192.168.43.153|443|56696|browsing
653|0|26.015143|1380|4|6|23.192.97.69|192.168.43.153|443|56696|browsing
654|1|26.015238|32|4|6|192.168.43.153|23.192.97.69|56696|443|browsing
655|0|26.015434|1380|4|6|23.192.97.69|192.168.43.153|443|56696|browsing
656|0|26.016848|1380|4|6|23.192.97.69|192.168.43.153|443|56696|browsing
657|1|26.016913|32|4|6|192.168.43.153|23.192.97.69|56696|443|browsing
658|0|26.017228|1380|4|6|23.192.97.69|192.168.43.153|443|56696|browsing
659|0|26.017236|70|4|6|23.192.97.69|192.168.43.153|443|56696|browsing
660|1|26.017272|32|4|6|192.168.43.153|23.192.97.69|56696|443|browsing
661|0|26.018658|1380|4|6|23.192.97.69|192.168.43.153|443|56696|browsing
662|0|26.019040|453|4|6|23.192.97.69|192.168.43.153|443|56696|browsing
663|0|26.019081|173|4|6|23.192.97.69|192.168.43.153|443|56696|browsing
664|1|26.019212|32|4|6|192.168.43.153|23.192.97.69|56696|443|browsing
665|0|26.019279|1380|4|6|23.192.97.69|192.168.43.153|443|56696|browsing
666|0|26.019433|1380|4|6|23.192.97.69|192.168.43.153|443|56696|browsing
667|1|26.019522|32|4|6|192.168.43.153|23.192.97.69|56696|443|browsing
668|0|26.020557|1380|4|6|23.192.97.69|192.168.43.153|443|56696|browsing
669|0|26.020955|1380|4|6|23.192.97.69|192.168.43.153|443|56696|browsing
670|1|26.020999|32|4|6|192.168.43.153|23.192.97.69|56696|443|browsing
671|0|26.021101|1380|4|6|23.192.97.69|192.168.43.153|443|56696|browsing
672|0|26.021279|1380|4|6|23.192.97.69|192.168.43.153|443|56696|browsing
673|1|26.021314|32|4|6|192.168.43.153|23.192.97.69|56696|443|browsing
674|0|26.029830|1004|4|6|23.192.97.69|192.168.43.153|443|56696|browsing
675|0|26.030212|1380|4|6|23.192.97.69|192.168.43.153|443|56696|browsing
676|1|26.030246|32|4|6|192.168.43.153|23.192.97.69|56696|443|browsing
677|0|26.030372|1380|4|6|23.192.97.69|192.168.43.153|443|56696|browsing
678|0|26.030531|1380|4|6|23.192.97.69|192.168.43.153|443|56696|browsing
679|1|26.030549|32|4|6|192.168.43.153|23.192.97.69|56696|443|browsing
680|0|26.030698|1380|4|6|23.192.97.69|192.168.43.153|443|56696|browsing
681|0|26.030863|1380|4|6|23.192.97.69|192.168.43.153|443|56696|browsing
682|1|26.031062|32|4|6|192.168.43.153|23.192.97.69|56696|443|browsing
683|0|26.033632|1380|4|6|23.192.97.69|192.168.43.153|443|56696|browsing
684|0|26.033987|1380|4|6|23.192.97.69|192.168.43.153|443|56696|browsing
685|1|26.034019|32|4|6|192.168.43.153|23.192.97.69|56696|443|browsing
686|0|26.034161|1380|4|6|23.192.97.69|192.168.43.153|443|56696|browsing
687|0|26.034321|1380|4|6|23.192.97.69|192.168.43.153|443|56696|browsing
688|1|26.034351|32|4|6|192.168.43.153|23.192.97.69|56696|443|browsing
689|0|26.034488|1380|4|6|23.192.97.69|192.168.43.153|443|56696|browsing
690|0|26.034624|1380|4|6|23.192.97.69|192.168.43.153|443|56696|browsing
691|1|26.034640|32|4|6|192.168.43.153|23.192.97.69|56696|443|browsing
692|0|26.035380|279|4|6|23.192.97.69|192.168.43.153|443|56696|browsing
693|1|26.081807|32|4|6|192.168.43.153|23.192.97.69|56696|443|browsing
694|1|26.247927|258|4|6|192.168.43.153|23.192.97.69|56696|443|browsing
695|1|26.251835|146|4|6|192.168.43.153|23.192.97.69|56696|443|browsing
696|1|26.252833|155|4|6|192.168.43.153|23.192.97.69|56696|443|browsing
697|1|26.255953|156|4|6|192.168.43.153|23.192.97.69|56696|443|browsing
698|0|26.318011|32|4|6|23.192.97.69|192.168.43.153|443|56696|browsing
699|0|26.332377|32|4|6|23.192.97.69|192.168.43.153|443|56696|browsing
700|0|26.337709|32|4|6|23.192.97.69|192.168.43.153|443|56696|browsing
701|0|26.374407|32|4|6|23.192.97.69|192.168.43.153|443|56696|browsing
702|0|26.535863|1380|4|6|23.192.97.69|192.168.43.153|443|56696|browsing
703|0|26.543865|1380|4|6|23.192.97.69|192.168.43.153|443|56696|browsing
704|1|26.544013|32|4|6|192.168.43.153|23.192.97.69|56696|443|browsing
705|0|26.548419|1380|4|6|23.192.97.69|192.168.43.153|443|56696|browsing
706|0|26.552600|1380|4|6|23.192.97.69|192.168.43.153|443|56696|browsing
707|1|26.552857|32|4|6|192.168.43.153|23.192.97.69|56696|443|browsing
708|0|26.556553|1380|4|6|23.192.97.69|192.168.43.153|443|56696|browsing
709|0|26.575539|1380|4|6|23.192.97.69|192.168.43.153|443|56696|browsing
710|1|26.575667|32|4|6|192.168.43.153|23.192.97.69|56696|443|browsing
711|0|26.580221|829|4|6|23.192.97.69|192.168.43.153|443|56696|browsing
712|0|26.580272|496|4|6|23.192.97.69|192.168.43.153|443|56696|browsing
713|1|26.580420|32|4|6|192.168.43.153|23.192.97.69|56696|443|browsing
714|0|26.583271|1380|4|6|23.192.97.69|192.168.43.153|443|56696|browsing
715|0|26.585661|1380|4|6|23.192.97.69|192.168.43.153|443|56696|browsing
716|1|26.585754|32|4|6|192.168.43.153|23.192.97.69|56696|443|browsing
717|0|26.586185|1380|4|6|23.192.97.69|192.168.43.153|443|56696|browsing
718|0|26.589897|1380|4|6|23.192.97.69|192.168.43.153|443|56696|browsing
719|1|26.589999|32|4|6|192.168.43.153|23.192.97.69|56696|443|browsing
720|0|26.591431|1380|4|6|23.192.97.69|192.168.43.153|443|56696|browsing
721|0|26.593148|535|4|6|23.192.97.69|192.168.43.153|443|56696|browsing
722|1|26.593246|32|4|6|192.168.43.153|23.192.97.69|56696|443|browsing
723|0|26.593324|495|4|6|23.192.97.69|192.168.43.153|443|56696|browsing
724|1|26.594520|32|4|6|192.168.43.153|23.192.97.69|56696|443|browsing
725|0|26.595191|1221|4|6|23.192.97.69|192.168.43.153|443|56696|browsing
726|1|26.595456|32|4|6|192.168.43.153|23.192.97.69|56696|443|browsing
727|0|26.597721|1380|4|6|23.192.97.69|192.168.43.153|443|56696|browsing
728|1|26.599435|122|4|6|192.168.43.153|23.192.97.69|56696|443|browsing
729|1|26.599643|767|4|6|192.168.43.153|23.192.97.69|56696|443|browsing
730|0|26.612695|306|4|6|23.192.97.69|192.168.43.153|443|56696|browsing
731|1|26.612784|32|4|6|192.168.43.153|23.192.97.69|56696|443|browsing
732|0|26.615468|1380|4|6|23.192.97.69|192.168.43.153|443|56696|browsing
733|0|26.618596|1380|4|6|23.192.97.69|192.168.43.153|443|56696|browsing
734|1|26.618682|32|4|6|192.168.43.153|23.192.97.69|56696|443|browsing
735|0|26.620005|569|4|6|23.192.97.69|192.168.43.153|443|56696|browsing
736|0|26.620140|496|4|6|23.192.97.69|192.168.43.153|443|56696|browsing
737|1|26.620166|32|4|6|192.168.43.153|23.192.97.69|56696|443|browsing
738|1|26.622400|312|4|6|192.168.43.153|23.192.97.69|56696|443|browsing
739|0|26.623648|1380|4|6|23.192.97.69|192.168.43.153|443|56696|browsing
740|0|26.625502|789|4|6|23.192.97.69|192.168.43.153|443|56696|browsing
741|1|26.625550|32|4|6|192.168.43.153|23.192.97.69|56696|443|browsing
742|0|26.628454|1380|4|6|23.192.97.69|192.168.43.153|443|56696|browsing
743|0|26.631990|1380|4|6|23.192.97.69|192.168.43.153|443|56696|browsing
744|0|26.632767|1348|4|6|23.192.97.69|192.168.43.153|443|56696|browsing
745|1|26.632868|32|4|6|192.168.43.153|23.192.97.69|56696|443|browsing
746|0|26.632951|173|4|6|23.192.97.69|192.168.43.153|443|56696|browsing
747|1|26.632976|32|4|6|192.168.43.153|23.192.97.69|56696|443|browsing
748|0|26.635554|1380|4|6|23.192.97.69|192.168.43.153|443|56696|browsing
749|0|26.637154|1380|4|6|23.192.97.69|192.168.43.153|443|56696|browsing
750|1|26.637265|32|4|6|192.168.43.153|23.192.97.69|56696|443|browsing
751|0|26.661912|1380|4|6|23.192.97.69|192.168.43.153|443|56696|browsing
752|0|26.661921|381|4|6|23.192.97.69|192.168.43.153|443|56696|browsing
753|0|26.662101|1380|4|6|23.192.97.69|192.168.43.153|443|56696|browsing
754|0|26.662241|1346|4|6|23.192.97.69|192.168.43.153|443|56696|browsing
755|0|26.662403|1380|4|6|23.192.97.69|192.168.43.153|443|56696|browsing
756|0|26.662481|753|4|6|23.192.97.69|192.168.43.153|443|56696|browsing
757|0|26.662506|173|4|6|23.192.97.69|192.168.43.153|443|56696|browsing
758|1|26.662663|32|4|6|192.168.43.153|23.192.97.69|56696|443|browsing
759|0|26.663585|1380|4|6|23.192.97.69|192.168.43.153|443|56696|browsing
760|0|26.663963|1380|4|6|23.192.97.69|192.168.43.153|443|56696|browsing
761|1|26.666894|32|4|6|192.168.43.153|23.192.97.69|56696|443|browsing
762|0|26.673892|1380|4|6|23.192.97.69|192.168.43.153|443|56696|browsing
763|0|26.675874|1380|4|6|23.192.97.69|192.168.43.153|443|56696|browsing
764|1|26.675948|32|4|6|192.168.43.153|23.192.97.69|56696|443|browsing
765|0|26.676272|1380|4|6|23.192.97.69|192.168.43.153|443|56696|browsing
766|0|26.679329|1380|4|6|23.192.97.69|192.168.43.153|443|56696|browsing
767|1|26.679418|32|4|6|192.168.43.153|23.192.97.69|56696|443|browsing
768|0|26.692164|1380|4|6|23.192.97.69|192.168.43.153|443|56696|browsing
769|0|26.692438|1380|4|6|23.192.97.69|192.168.43.153|443|56696|browsing
770|1|26.692473|32|4|6|192.168.43.153|23.192.97.69|56696|443|browsing
771|0|26.692598|1380|4|6|23.192.97.69|192.168.43.153|443|56696|browsing
772|0|26.692744|1380|4|6|23.192.97.69|192.168.43.153|443|56696|browsing
773|1|26.692765|32|4|6|192.168.43.153|23.192.97.69|56696|443|browsing
774|0|26.692903|1380|4|6|23.192.97.69|192.168.43.153|443|56696|browsing
775|0|26.693444|1380|4|6|23.192.97.69|192.168.43.153|443|56696|browsing
776|1|26.693468|32|4|6|192.168.43.153|23.192.97.69|56696|443|browsing
777|0|26.697011|1380|4|6|23.192.97.69|192.168.43.153|443|56696|browsing
778|0|26.699456|1380|4|6|23.192.97.69|192.168.43.153|443|56696|browsing
779|1|26.699533|32|4|6|192.168.43.153|23.192.97.69|56696|443|browsing
780|0|26.701309|1380|4|6|23.192.97.69|192.168.43.153|443|56696|browsing
781|0|26.701578|259|4|6|23.192.97.69|192.168.43.153|443|56696|browsing
782|1|26.701590|32|4|6|192.168.43.153|23.192.97.69|56696|443|browsing
783|0|26.701606|32|4|6|23.192.97.69|192.168.43.153|443|56696|browsing
784|0|26.702091|32|4|6|23.192.97.69|192.168.43.153|443|56696|browsing
785|0|26.702100|74|4|6|23.192.97.69|192.168.43.153|443|56696|browsing
786|1|26.702508|32|4|6|192.168.43.153|23.192.97.69|56696|443|browsing
787|0|26.714906|32|4|6|23.192.97.69|192.168.43.153|443|56696|browsing
788|1|26.883272|221|4|6|192.168.43.153|23.192.97.69|56696|443|browsing
789|1|26.885089|221|4|6|192.168.43.153|23.192.97.69|56696|443|browsing
790|0|26.898693|411|4|6|23.192.97.69|192.168.43.153|443|56696|browsing
791|0|26.900979|1380|4|6|23.192.97.69|192.168.43.153|443|56696|browsing
792|1|26.904623|32|4|6|192.168.43.153|23.192.97.69|56696|443|browsing
793|0|26.935360|1380|4|6|23.192.97.69|192.168.43.153|443|56696|browsing
794|0|26.972026|1380|4|6|23.192.97.69|192.168.43.153|443|56696|browsing
795|1|26.972088|32|4|6|192.168.43.153|23.192.97.69|56696|443|browsing
796|0|26.972217|412|4|6|23.192.97.69|192.168.43.153|443|56696|browsing
797|0|26.972223|70|4|6|23.192.97.69|192.168.43.153|443|56696|browsing
798|1|26.972239|32|4|6|192.168.43.153|23.192.97.69|56696|443|browsing
799|0|26.973153|455|4|6|23.192.97.69|192.168.43.153|443|56696|browsing
800|1|26.973190|32|4|6|192.168.43.153|23.192.97.69|56696|443|browsing
801|1|26.996382|387|4|6|192.168.43.153|23.192.97.69|56696|443|browsing
802|1|26.996469|303|4|6|192.168.43.153|23.192.97.69|56696|443|browsing
803|1|27.012420|242|4|6|192.168.43.153|23.192.97.69|56696|443|browsing
804|1|27.024350|195|4|6|192.168.43.153|23.192.97.69|56696|443|browsing
805|1|27.024434|1066|4|6|192.168.43.153|23.192.97.69|56696|443|browsing
806|0|27.060112|32|4|6|23.192.97.69|192.168.43.153|443|56696|browsing
807|0|27.070723|32|4|6|23.192.97.69|192.168.43.153|443|56696|browsing
808|0|27.112517|32|4|6|23.192.97.69|192.168.43.153|443|56696|browsing
809|0|27.133464|32|4|6|23.192.97.69|192.168.43.153|443|56696|browsing
810|0|27.133882|74|4|6|23.192.97.69|192.168.43.153|443|56696|browsing
811|0|27.135450|32|4|6|23.192.97.69|192.168.43.153|443|56696|browsing
812|0|27.138631|32|4|6|23.192.97.69|192.168.43.153|443|56696|browsing
813|0|27.178466|32|4|6|23.192.97.69|192.168.43.153|443|56696|browsing
814|1|27.181757|32|4|6|192.168.43.153|23.192.97.69|56696|443|browsing
815|1|27.187451|1040|4|6|192.168.43.153|23.192.97.69|56696|443|browsing
816|0|27.190094|74|4|6|23.192.97.69|192.168.43.153|443|56696|browsing
817|1|27.190175|32|4|6|192.168.43.153|23.192.97.69|56696|443|browsing
818|0|27.309619|1380|4|6|23.192.97.69|192.168.43.153|443|56696|browsing
819|0|27.310012|1380|4|6|23.192.97.69|192.168.43.153|443|56696|browsing
820|1|27.310067|32|4|6|192.168.43.153|23.192.97.69|56696|443|browsing
821|0|27.311572|1380|4|6|23.192.97.69|192.168.43.153|443|56696|browsing
822|0|27.311869|876|4|6|23.192.97.69|192.168.43.153|443|56696|browsing
823|1|27.311915|32|4|6|192.168.43.153|23.192.97.69|56696|443|browsing
824|0|27.319259|599|4|6|23.192.97.69|192.168.43.153|443|56696|browsing
825|1|27.319309|32|4|6|192.168.43.153|23.192.97.69|56696|443|browsing
826|0|27.342976|1380|4|6|23.192.97.69|192.168.43.153|443|56696|browsing
827|0|27.351172|1380|4|6|23.192.97.69|192.168.43.153|443|56696|browsing
828|1|27.351244|32|4|6|192.168.43.153|23.192.97.69|56696|443|browsing
829|0|27.351520|1284|4|6|23.192.97.69|192.168.43.153|443|56696|browsing
830|1|27.351555|32|4|6|192.168.43.153|23.192.97.69|56696|443|browsing
831|0|27.351595|484|4|6|23.192.97.69|192.168.43.153|443|56696|browsing
832|1|27.351646|32|4|6|192.168.43.153|23.192.97.69|56696|443|browsing
833|0|27.351696|816|4|6|23.192.97.69|192.168.43.153|443|56696|browsing
834|1|27.352271|32|4|6|192.168.43.153|23.192.97.69|56696|443|browsing
835|0|27.423253|32|4|6|23.192.97.69|192.168.43.153|443|56696|browsing
836|0|27.495464|1380|4|6|23.192.97.69|192.168.43.153|443|56696|browsing
837|0|27.496563|1380|4|6|23.192.97.69|192.168.43.153|443|56696|browsing
838|1|27.497319|32|4|6|192.168.43.153|23.192.97.69|56696|443|browsing
839|0|27.500252|1380|4|6|23.192.97.69|192.168.43.153|443|56696|browsing
840|0|27.500512|1380|4|6|23.192.97.69|192.168.43.153|443|56696|browsing
841|1|27.500542|32|4|6|192.168.43.153|23.192.97.69|56696|443|browsing
842|0|27.555403|1380|4|6|23.192.97.69|192.168.43.153|443|56696|browsing
843|1|27.558017|208|4|6|192.168.43.153|23.192.97.69|56696|443|browsing
844|0|27.572773|1380|4|6|23.192.97.69|192.168.43.153|443|56696|browsing
845|0|27.584323|1380|4|6|23.192.97.69|192.168.43.153|443|56696|browsing
846|1|27.584411|32|4|6|192.168.43.153|23.192.97.69|56696|443|browsing
847|0|27.587183|1380|4|6|23.192.97.69|192.168.43.153|443|56696|browsing
848|1|27.633760|32|4|6|192.168.43.153|23.192.97.69|56696|443|browsing
849|0|27.674517|1380|4|6|23.192.97.69|192.168.43.153|443|56696|browsing
850|0|27.677766|1380|4|6|23.192.97.69|192.168.43.153|443|56696|browsing
851|1|27.677823|32|4|6|192.168.43.153|23.192.97.69|56696|443|browsing
852|0|27.679310|1380|4|6|23.192.97.69|192.168.43.153|443|56696|browsing
853|0|27.693367|506|4|6|23.192.97.69|192.168.43.153|443|56696|browsing
854|1|27.693463|32|4|6|192.168.43.153|23.192.97.69|56696|443|browsing
855|0|27.696379|32|4|6|23.192.97.69|192.168.43.153|443|56696|browsing
856|1|27.832977|208|4|6|192.168.43.153|23.192.97.69|56696|443|browsing
857|1|27.835716|208|4|6|192.168.43.153|23.192.97.69|56696|443|browsing
858|1|27.934047|209|4|6|192.168.43.153|23.192.97.69|56696|443|browsing
859|0|28.094242|32|4|6|23.192.97.69|192.168.43.153|443|56696|browsing
860|0|28.094266|32|4|6|23.192.97.69|192.168.43.153|443|56696|browsing
861|0|28.095828|1019|4|6|23.192.97.69|192.168.43.153|443|56696|browsing
862|1|28.095890|32|4|6|192.168.43.153|23.192.97.69|56696|443|browsing
863|0|28.150360|967|4|6|23.192.97.69|192.168.43.153|443|56696|browsing
864|1|28.150437|32|4|6|192.168.43.153|23.192.97.69|56696|443|browsing
865|0|28.150613|113|4|6|23.192.97.69|192.168.43.153|443|56696|browsing
866|1|28.151708|32|4|6|192.168.43.153|23.192.97.69|56696|443|browsing
867|0|28.217201|1019|4|6|23.192.97.69|192.168.43.153|443|56696|browsing
868|1|28.217260|32|4|6|192.168.43.153|23.192.97.69|56696|443|browsing
869|1|28.220453|209|4|6|192.168.43.153|23.192.97.69|56696|443|browsing
870|0|28.555767|32|4|6|23.192.97.69|192.168.43.153|443|56696|browsing
871|0|29.147650|1019|4|6|23.192.97.69|192.168.43.153|443|56696|browsing
872|1|29.147659|32|4|6|192.168.43.153|23.192.97.69|56696|443|browsing
873|0|29.147984|32|4|6|23.192.97.69|192.168.43.153|443|56696|browsing
874|0|29.158086|1019|4|6|23.192.97.69|192.168.43.153|443|56696|browsing
875|1|29.158106|44|4|6|192.168.43.153|23.192.97.69|56696|443|browsing
876|0|29.178176|496|4|6|23.192.97.69|192.168.43.153|443|56696|browsing
877|1|29.178196|32|4|6|192.168.43.153|23.192.97.69|56696|443|browsing
878|1|33.970904|220|4|6|192.168.43.153|23.192.97.69|56696|443|browsing
879|0|34.059619|32|4|6|23.192.97.69|192.168.43.153|443|56696|browsing
880|0|34.294676|1380|4|6|23.192.97.69|192.168.43.153|443|56696|browsing
881|1|34.294694|32|4|6|192.168.43.153|23.192.97.69|56696|443|browsing
882|0|34.302152|1380|4|6|23.192.97.69|192.168.43.153|443|56696|browsing
883|1|34.302172|32|4|6|192.168.43.153|23.192.97.69|56696|443|browsing
884|0|34.302435|1380|4|6|23.192.97.69|192.168.43.153|443|56696|browsing
885|1|34.302443|32|4|6|192.168.43.153|23.192.97.69|56696|443|browsing
886|0|34.302499|468|4|6|23.192.97.69|192.168.43.153|443|56696|browsing
887|1|34.302505|32|4|6|192.168.43.153|23.192.97.69|56696|443|browsing
888|0|34.302554|484|4|6|23.192.97.69|192.168.43.153|443|56696|browsing
889|1|34.302560|32|4|6|192.168.43.153|23.192.97.69|56696|443|browsing
890|1|36.613606|342|4|6|192.168.43.153|23.192.97.69|56696|443|browsing
891|1|36.613696|287|4|6|192.168.43.153|23.192.97.69|56696|443|browsing
892|0|36.798402|32|4|6|23.192.97.69|192.168.43.153|443|56696|browsing
893|0|36.798669|32|4|6|23.192.97.69|192.168.43.153|443|56696|browsing
894|0|36.814858|74|4|6|23.192.97.69|192.168.43.153|443|56696|browsing
895|1|36.814877|32|4|6|192.168.43.153|23.192.97.69|56696|443|browsing
896|0|36.972875|1380|4|6|23.192.97.69|192.168.43.153|443|56696|browsing
897|1|36.972895|32|4|6|192.168.43.153|23.192.97.69|56696|443|browsing
898|0|36.973141|1380|4|6|23.192.97.69|192.168.43.153|443|56696|browsing
899|1|36.973149|32|4|6|192.168.43.153|23.192.97.69|56696|443|browsing
900|0|36.975253|733|4|6|23.192.97.69|192.168.43.153|443|56696|browsing
901|1|36.975260|32|4|6|192.168.43.153|23.192.97.69|56696|443|browsing
902|0|37.104625|369|4|6|23.192.97.69|192.168.43.153|443|56696|browsing
903|1|37.104647|32|4|6|192.168.43.153|23.192.97.69|56696|443|browsing
904|1|44.945619|546|4|6|192.168.43.153|23.192.97.69|56696|443|browsing
905|0|45.053726|32|4|6|23.192.97.69|192.168.43.153|443|56696|browsing
906|0|45.677319|1380|4|6|23.192.97.69|192.168.43.153|443|56696|browsing
907|1|45.677340|32|4|6|192.168.43.153|23.192.97.69|56696|443|browsing
908|0|45.695454|1380|4|6|23.192.97.69|192.168.43.153|443|56696|browsing
909|1|45.695475|32|4|6|192.168.43.153|23.192.97.69|56696|443|browsing
910|0|45.695750|1380|4|6|23.192.97.69|192.168.43.153|443|56696|browsing
911|1|45.695761|32|4|6|192.168.43.153|23.192.97.69|56696|443|browsing
912|0|45.699162|1380|4|6|23.192.97.69|192.168.43.153|443|56696|browsing
913|1|45.699202|32|4|6|192.168.43.153|23.192.97.69|56696|443|browsing
914|0|45.700662|1380|4|6|23.192.97.69|192.168.43.153|443|56696|browsing
915|1|45.700681|32|4|6|192.168.43.153|23.192.97.69|56696|443|browsing
916|0|45.702231|1380|4|6|23.192.97.69|192.168.43.153|443|56696|browsing
917|1|45.702275|32|4|6|192.168.43.153|23.192.97.69|56696|443|browsing
918|0|45.704374|406|4|6|23.192.97.69|192.168.43.153|443|56696|browsing
919|1|45.704392|32|4|6|192.168.43.153|23.192.97.69|56696|443|browsing
920|1|48.171436|566|4|6|192.168.43.153|23.192.97.69|56696|443|browsing
921|0|48.491985|32|4|6|23.192.97.69|192.168.43.153|443|56696|browsing
922|0|48.732382|687|4|6|23.192.97.69|192.168.43.153|443|56696|browsing
923|1|48.732416|32|4|6|192.168.43.153|23.192.97.69|56696|443|browsing
924|0|48.735231|1380|4|6|23.192.97.69|192.168.43.153|443|56696|browsing
925|1|48.735258|32|4|6|192.168.43.153|23.192.97.69|56696|443|browsing
926|0|48.737035|1380|4|6|23.192.97.69|192.168.43.153|443|56696|browsing
927|1|48.737064|32|4|6|192.168.43.153|23.192.97.69|56696|443|browsing
928|0|48.747173|1380|4|6|23.192.97.69|192.168.43.153|443|56696|browsing
929|1|48.747206|32|4|6|192.168.43.153|23.192.97.69|56696|443|browsing
930|0|48.748540|746|4|6|23.192.97.69|192.168.43.153|443|56696|browsing
931|1|48.748571|32|4|6|192.168.43.153|23.192.97.69|56696|443|browsing
932|0|48.772951|1380|4|6|23.192.97.69|192.168.43.153|443|56696|browsing
933|1|48.772980|32|4|6|192.168.43.153|23.192.97.69|56696|443|browsing
934|0|48.773322|1380|4|6|23.192.97.69|192.168.43.153|443|56696|browsing
935|1|48.773340|32|4|6|192.168.43.153|23.192.97.69|56696|443|browsing
936|0|48.776240|1380|4|6|23.192.97.69|192.168.43.153|443|56696|browsing
937|1|48.776265|32|4|6|192.168.43.153|23.192.97.69|56696|443|browsing
938|0|48.776384|1380|4|6|23.192.97.69|192.168.43.153|443|56696|browsing
939|1|48.776398|32|4|6|192.168.43.153|23.192.97.69|56696|443|browsing
940|0|48.777516|953|4|6|23.192.97.69|192.168.43.153|443|56696|browsing
941|1|48.777540|32|4|6|192.168.43.153|23.192.97.69|56696|443|browsing
942|0|48.865308|1380|4|6|23.192.97.69|192.168.43.153|443|56696|browsing
943|1|48.865327|32|4|6|192.168.43.153|23.192.97.69|56696|443|browsing
944|0|48.865530|540|4|6|23.192.97.69|192.168.43.153|443|56696|browsing
945|1|48.865540|32|4|6|192.168.43.153|23.192.97.69|56696|443|browsing
946|0|48.865698|1380|4|6|23.192.97.69|192.168.43.153|443|56696|browsing
947|1|48.865706|32|4|6|192.168.43.153|23.192.97.69|56696|443|browsing
948|0|48.865756|463|4|6|23.192.97.69|192.168.43.153|443|56696|browsing
949|1|48.865761|32|4|6|192.168.43.153|23.192.97.69|56696|443|browsing
950|0|48.939808|714|4|6|23.192.97.69|192.168.43.153|443|56696|browsing
951|1|48.939817|32|4|6|192.168.43.153|23.192.97.69|56696|443|browsing
952|0|48.944972|174|4|6|23.192.97.69|192.168.43.153|443|56696|browsing
953|1|48.944990|32|4|6|192.168.43.153|23.192.97.69|56696|443|browsing
954|0|48.945305|1380|4|6|23.192.97.69|192.168.43.153|443|56696|browsing
955|0|48.956764|1380|4|6|23.192.97.69|192.168.43.153|443|56696|browsing
956|1|48.956833|32|4|6|192.168.43.153|23.192.97.69|56696|443|browsing
957|0|48.957071|820|4|6|23.192.97.69|192.168.43.153|443|56696|browsing
958|1|48.957093|32|4|6|192.168.43.153|23.192.97.69|56696|443|browsing
959|0|48.970380|1068|4|6|23.192.97.69|192.168.43.153|443|56696|browsing
960|1|48.970407|32|4|6|192.168.43.153|23.192.97.69|56696|443|browsing
961|0|49.057773|1167|4|6|23.192.97.69|192.168.43.153|443|56696|browsing
962|1|49.057853|32|4|6|192.168.43.153|23.192.97.69|56696|443|browsing
963|0|49.057855|174|4|6|23.192.97.69|192.168.43.153|443|56696|browsing
964|1|49.057906|32|4|6|192.168.43.153|23.192.97.69|56696|443|browsing
965|0|49.060361|1380|4|6|23.192.97.69|192.168.43.153|443|56696|browsing
966|0|49.063329|1380|4|6|23.192.97.69|192.168.43.153|443|56696|browsing
967|1|49.063399|32|4|6|192.168.43.153|23.192.97.69|56696|443|browsing
968|0|49.071513|406|4|6|23.192.97.69|192.168.43.153|443|56696|browsing
969|1|49.071550|32|4|6|192.168.43.153|23.192.97.69|56696|443|browsing
970|0|49.074022|1380|4|6|23.192.97.69|192.168.43.153|443|56696|browsing
971|0|49.077920|1380|4|6|23.192.97.69|192.168.43.153|443|56696|browsing
972|1|49.077980|32|4|6|192.168.43.153|23.192.97.69|56696|443|browsing
973|0|49.092868|1380|4|6|23.192.97.69|192.168.43.153|443|56696|browsing
974|0|49.102474|1340|4|6|23.192.97.69|192.168.43.153|443|56696|browsing
975|1|49.102560|32|4|6|192.168.43.153|23.192.97.69|56696|443|browsing
976|0|49.115390|173|4|6|23.192.97.69|192.168.43.153|443|56696|browsing
977|1|49.115446|32|4|6|192.168.43.153|23.192.97.69|56696|443|browsing
978|0|49.130527|1380|4|6|23.192.97.69|192.168.43.153|443|56696|browsing
979|1|49.173831|32|4|6|192.168.43.153|23.192.97.69|56696|443|browsing
980|0|49.218021|1380|4|6|23.192.97.69|192.168.43.153|443|56696|browsing
981|0|49.219492|1380|4|6|23.192.97.69|192.168.43.153|443|56696|browsing
982|1|49.219611|32|4|6|192.168.43.153|23.192.97.69|56696|443|browsing
983|0|49.219820|1380|4|6|23.192.97.69|192.168.43.153|443|56696|browsing
984|0|49.219945|1380|4|6|23.192.97.69|192.168.43.153|443|56696|browsing
985|1|49.219985|32|4|6|192.168.43.153|23.192.97.69|56696|443|browsing
986|0|49.220111|1380|4|6|23.192.97.69|192.168.43.153|443|56696|browsing
987|0|49.220567|1380|4|6|23.192.97.69|192.168.43.153|443|56696|browsing
988|0|49.221074|1380|4|6|23.192.97.69|192.168.43.153|443|56696|browsing
989|0|49.221245|1380|4|6|23.192.97.69|192.168.43.153|443|56696|browsing
990|0|49.221397|1380|4|6|23.192.97.69|192.168.43.153|443|56696|browsing
991|0|49.221558|1380|4|6|23.192.97.69|192.168.43.153|443|56696|browsing
992|0|49.221714|1380|4|6|23.192.97.69|192.168.43.153|443|56696|browsing
993|1|49.224493|32|4|6|192.168.43.153|23.192.97.69|56696|443|browsing
994|0|49.230449|1380|4|6|23.192.97.69|192.168.43.153|443|56696|browsing
995|0|49.231842|1380|4|6|23.192.97.69|192.168.43.153|443|56696|browsing
996|1|49.231903|32|4|6|192.168.43.153|23.192.97.69|56696|443|browsing
997|0|49.234707|1380|4|6|23.192.97.69|192.168.43.153|443|56696|browsing
998|0|49.236275|417|4|6|23.192.97.69|192.168.43.153|443|56696|browsing
999|1|49.236335|32|4|6|192.168.43.153|23.192.97.69|56696|443|browsing
1000|0|49.270203|1380|4|6|23.192.97.69|192.168.43.153|443|56696|browsing
1001|0|49.272423|1380|4|6|23.192.97.69|192.168.43.153|443|56696|browsing
1002|1|49.272531|32|4|6|192.168.43.153|23.192.97.69|56696|443|browsing
1003|0|49.291817|1380|4|6|23.192.97.69|192.168.43.153|443|56696|browsing
1004|0|49.292087|370|4|6|23.192.97.69|192.168.43.153|443|56696|browsing
1005|1|49.292101|32|4|6|192.168.43.153|23.192.97.69|56696|443|browsing
1006|0|49.292116|173|4|6|23.192.97.69|192.168.43.153|443|56696|browsing
1007|1|49.292163|32|4|6|192.168.43.153|23.192.97.69|56696|443|browsing
1008|0|49.292254|1380|4|6|23.192.97.69|192.168.43.153|443|56696|browsing
1009|0|49.293671|1380|4|6|23.192.97.69|192.168.43.153|443|56696|browsing
1010|1|49.293720|32|4|6|192.168.43.153|23.192.97.69|56696|443|browsing
1011|0|49.298419|1380|4|6|23.192.97.69|192.168.43.153|443|56696|browsing
1012|0|49.302700|1380|4|6|23.192.97.69|192.168.43.153|443|56696|browsing
1013|1|49.302773|32|4|6|192.168.43.153|23.192.97.69|56696|443|browsing
1014|0|49.309904|1380|4|6|23.192.97.69|192.168.43.153|443|56696|browsing
1015|0|49.311237|1380|4|6|23.192.97.69|192.168.43.153|443|56696|browsing
1016|1|49.311878|32|4|6|192.168.43.153|23.192.97.69|56696|443|browsing
1017|0|49.312820|1380|4|6|23.192.97.69|192.168.43.153|443|56696|browsing
1018|0|49.315547|1380|4|6|23.192.97.69|192.168.43.153|443|56696|browsing
1019|1|49.315745|32|4|6|192.168.43.153|23.192.97.69|56696|443|browsing
1020|0|49.317455|1380|4|6|23.192.97.69|192.168.43.153|443|56696|browsing
1021|0|49.334846|1380|4|6|23.192.97.69|192.168.43.153|443|56696|browsing
1022|1|49.335014|32|4|6|192.168.43.153|23.192.97.69|56696|443|browsing
1023|0|49.343215|1380|4|6|23.192.97.69|192.168.43.153|443|56696|browsing
1024|0|49.343581|1380|4|6|23.192.97.69|192.168.43.153|443|56696|browsing
1025|1|49.343652|32|4|6|192.168.43.153|23.192.97.69|56696|443|browsing
1026|0|49.345390|1380|4|6|23.192.97.69|192.168.43.153|443|56696|browsing
1027|0|49.350951|1380|4|6|23.192.97.69|192.168.43.153|443|56696|browsing
1028|1|49.351096|32|4|6|192.168.43.153|23.192.97.69|56696|443|browsing
1029|0|49.353723|1380|4|6|23.192.97.69|192.168.43.153|443|56696|browsing
1030|0|49.354014|917|4|6|23.192.97.69|192.168.43.153|443|56696|browsing
1031|0|49.354137|101|4|6|23.192.97.69|192.168.43.153|443|56696|browsing
1032|0|49.355412|382|4|6|23.192.97.69|192.168.43.153|443|56696|browsing
1033|0|49.355481|101|4|6|23.192.97.69|192.168.43.153|443|56696|browsing
1034|1|49.356807|32|4|6|192.168.43.153|23.192.97.69|56696|443|browsing
1035|0|49.518933|1380|4|6|23.192.97.69|192.168.43.153|443|56696|browsing
1036|0|49.519139|398|4|6|23.192.97.69|192.168.43.153|443|56696|browsing
1037|1|49.519165|32|4|6|192.168.43.153|23.192.97.69|56696|443|browsing
1038|0|49.519205|173|4|6|23.192.97.69|192.168.43.153|443|56696|browsing
1039|1|49.519230|32|4|6|192.168.43.153|23.192.97.69|56696|443|browsing
1040|0|49.519499|1380|4|6|23.192.97.69|192.168.43.153|443|56696|browsing
1041|1|49.523094|615|4|6|192.168.43.153|23.192.97.69|56696|443|browsing
1042|0|49.532486|1380|4|6|23.192.97.69|192.168.43.153|443|56696|browsing
1043|0|49.534223|1380|4|6|23.192.97.69|192.168.43.153|443|56696|browsing
1044|1|49.534301|32|4|6|192.168.43.153|23.192.97.69|56696|443|browsing
1045|0|49.546228|1380|4|6|23.192.97.69|192.168.43.153|443|56696|browsing
1046|0|49.549725|1380|4|6|23.192.97.69|192.168.43.153|443|56696|browsing
1047|1|49.549810|32|4|6|192.168.43.153|23.192.97.69|56696|443|browsing
1048|0|49.550018|1380|4|6|23.192.97.69|192.168.43.153|443|56696|browsing
1049|0|49.552499|1380|4|6|23.192.97.69|192.168.43.153|443|56696|browsing
1050|1|49.552569|32|4|6|192.168.43.153|23.192.97.69|56696|443|browsing
1051|0|49.554156|570|4|6|23.192.97.69|192.168.43.153|443|56696|browsing
1052|1|49.554227|32|4|6|192.168.43.153|23.192.97.69|56696|443|browsing
1053|0|49.574252|173|4|6|23.192.97.69|192.168.43.153|443|56696|browsing
1054|1|49.574322|32|4|6|192.168.43.153|23.192.97.69|56696|443|browsing
1055|0|49.583031|1380|4|6|23.192.97.69|192.168.43.153|443|56696|browsing
1056|0|49.586654|1380|4|6|23.192.97.69|192.168.43.153|443|56696|browsing
1057|1|49.586712|32|4|6|192.168.43.153|23.192.97.69|56696|443|browsing
1058|0|49.590368|1380|4|6|23.192.97.69|192.168.43.153|443|56696|browsing
1059|0|49.591088|1380|4|6|23.192.97.69|192.168.43.153|443|56696|browsing
1060|1|49.591163|32|4|6|192.168.43.153|23.192.97.69|56696|443|browsing
1061|0|49.595408|1380|4|6|23.192.97.69|192.168.43.153|443|56696|browsing
1062|0|49.595564|1380|4|6|23.192.97.69|192.168.43.153|443|56696|browsing
1063|1|49.595626|32|4|6|192.168.43.153|23.192.97.69|56696|443|browsing
1064|0|49.625028|1380|4|6|23.192.97.69|192.168.43.153|443|56696|browsing
1065|0|49.627207|659|4|6|23.192.97.69|192.168.43.153|443|56696|browsing
1066|1|49.628285|32|4|6|192.168.43.153|23.192.97.69|56696|443|browsing
1067|0|49.688976|546|4|6|23.192.97.69|192.168.43.153|443|56696|browsing
1068|1|49.689794|32|4|6|192.168.43.153|23.192.97.69|56696|443|browsing
1069|0|49.701267|1380|4|6|23.192.97.69|192.168.43.153|443|56696|browsing
1070|0|49.711669|766|4|6|23.192.97.69|192.168.43.153|443|56696|browsing
1071|1|49.711748|32|4|6|192.168.43.153|23.192.97.69|56696|443|browsing
1072|0|49.712726|1137|4|6|23.192.97.69|192.168.43.153|443|56696|browsing
1073|0|49.712727|1380|4|6|23.192.97.69|192.168.43.153|443|56696|browsing
1074|0|49.712727|650|4|6|23.192.97.69|192.168.43.153|443|56696|browsing
1075|0|49.712727|32|4|6|23.192.97.69|192.168.43.153|443|56696|browsing
1076|1|49.712807|32|4|6|192.168.43.153|23.192.97.69|56696|443|browsing
1077|1|49.820413|178|4|6|192.168.43.153|23.192.97.69|56696|443|browsing
1078|0|49.836212|659|4|6|23.192.97.69|192.168.43.153|443|56696|browsing
1079|1|49.836377|32|4|6|192.168.43.153|23.192.97.69|56696|443|browsing
1080|0|49.855170|1380|4|6|23.192.97.69|192.168.43.153|443|56696|browsing
1081|0|49.859775|531|4|6|23.192.97.69|192.168.43.153|443|56696|browsing
1082|1|49.859920|32|4|6|192.168.43.153|23.192.97.69|56696|443|browsing
1083|0|49.866307|1380|4|6|23.192.97.69|192.168.43.153|443|56696|browsing
1084|0|49.868859|591|4|6|23.192.97.69|192.168.43.153|443|56696|browsing
1085|1|49.868975|32|4|6|192.168.43.153|23.192.97.69|56696|443|browsing
1086|0|49.869109|122|4|6|23.192.97.69|192.168.43.153|443|56696|browsing
1087|0|49.869139|173|4|6|23.192.97.69|192.168.43.153|443|56696|browsing
1088|1|49.869242|32|4|6|192.168.43.153|23.192.97.69|56696|443|browsing
1089|0|49.872732|1380|4|6|23.192.97.69|192.168.43.153|443|56696|browsing
1090|0|49.876272|1380|4|6|23.192.97.69|192.168.43.153|443|56696|browsing
1091|1|49.877728|32|4|6|192.168.43.153|23.192.97.69|56696|443|browsing
1092|0|49.898180|1380|4|6|23.192.97.69|192.168.43.153|443|56696|browsing
1093|0|49.903437|1380|4|6|23.192.97.69|192.168.43.153|443|56696|browsing
1094|1|49.903518|32|4|6|192.168.43.153|23.192.97.69|56696|443|browsing
1095|0|49.908918|1380|4|6|23.192.97.69|192.168.43.153|443|56696|browsing
1096|0|49.912830|1380|4|6|23.192.97.69|192.168.43.153|443|56696|browsing
1097|1|49.913818|32|4|6|192.168.43.153|23.192.97.69|56696|443|browsing
1098|0|49.915860|1380|4|6|23.192.97.69|192.168.43.153|443|56696|browsing
1099|0|49.937030|1380|4|6|23.192.97.69|192.168.43.153|443|56696|browsing
1100|1|49.937108|32|4|6|192.168.43.153|23.192.97.69|56696|443|browsing
1101|0|49.980392|1380|4|6|23.192.97.69|192.168.43.153|443|56696|browsing
1102|0|49.988254|1380|4|6|23.192.97.69|192.168.43.153|443|56696|browsing
1103|1|49.988318|32|4|6|192.168.43.153|23.192.97.69|56696|443|browsing
1104|0|49.995296|1380|4|6|23.192.97.69|192.168.43.153|443|56696|browsing
1105|0|50.025895|1380|4|6|23.192.97.69|192.168.43.153|443|56696|browsing
1106|1|50.025914|32|4|6|192.168.43.153|23.192.97.69|56696|443|browsing
1107|0|50.051387|1380|4|6|23.192.97.69|192.168.43.153|443|56696|browsing
1108|0|50.055082|1380|4|6|23.192.97.69|192.168.43.153|443|56696|browsing
1109|1|50.055102|32|4|6|192.168.43.153|23.192.97.69|56696|443|browsing
1110|0|50.077888|1380|4|6|23.192.97.69|192.168.43.153|443|56696|browsing
1111|0|50.078483|1380|4|6|23.192.97.69|192.168.43.153|443|56696|browsing
1112|1|50.078504|32|4|6|192.168.43.153|23.192.97.69|56696|443|browsing
1113|0|50.112156|1380|4|6|23.192.97.69|192.168.43.153|443|56696|browsing
1114|0|50.112504|1380|4|6|23.192.97.69|192.168.43.153|443|56696|browsing
1115|1|50.112516|32|4|6|192.168.43.153|23.192.97.69|56696|443|browsing
1116|0|50.131231|1380|4|6|23.192.97.69|192.168.43.153|443|56696|browsing
1117|0|50.144756|1380|4|6|23.192.97.69|192.168.43.153|443|56696|browsing
1118|1|50.144775|32|4|6|192.168.43.153|23.192.97.69|56696|443|browsing
1119|0|50.157226|1380|4|6|23.192.97.69|192.168.43.153|443|56696|browsing
1120|0|50.177782|1380|4|6|23.192.97.69|192.168.43.153|443|56696|browsing
1121|1|50.177823|32|4|6|192.168.43.153|23.192.97.69|56696|443|browsing
1122|0|50.187438|1380|4|6|23.192.97.69|192.168.43.153|443|56696|browsing
1123|0|50.187566|82|4|6|23.192.97.69|192.168.43.153|443|56696|browsing
1124|1|50.187577|32|4|6|192.168.43.153|23.192.97.69|56696|443|browsing
1125|0|50.252695|32|4|6|23.192.97.69|192.168.43.153|443|56696|browsing
1126|1|50.370352|314|4|6|192.168.43.153|23.192.97.69|56696|443|browsing
1127|0|50.548370|720|4|6|23.192.97.69|192.168.43.153|443|56696|browsing
1128|1|50.549229|32|4|6|192.168.43.153|23.192.97.69|56696|443|browsing
1129|0|50.555166|32|4|6|23.192.97.69|192.168.43.153|443|56696|browsing
1130|1|50.568020|526|4|6|192.168.43.153|23.192.97.69|56696|443|browsing
1131|1|50.568097|72|4|6|192.168.43.153|23.192.97.69|56696|443|browsing
1132|1|50.571037|777|4|6|192.168.43.153|23.192.97.69|56696|443|browsing
1133|0|50.594548|659|4|6|23.192.97.69|192.168.43.153|443|56696|browsing
1134|1|50.595316|32|4|6|192.168.43.153|23.192.97.69|56696|443|browsing
1135|0|50.669274|32|4|6|23.192.97.69|192.168.43.153|443|56696|browsing
1136|0|50.692516|32|4|6|23.192.97.69|192.168.43.153|443|56696|browsing
1137|0|50.695085|74|4|6|23.192.97.69|192.168.43.153|443|56696|browsing
1138|1|50.695162|32|4|6|192.168.43.153|23.192.97.69|56696|443|browsing
1139|1|50.834302|1380|4|6|192.168.43.153|23.192.97.69|56696|443|browsing
1140|1|50.834322|222|4|6|192.168.43.153|23.192.97.69|56696|443|browsing
1141|1|50.855138|191|4|6|192.168.43.153|23.192.97.69|56696|443|browsing
1142|0|50.898866|1346|4|6|23.192.97.69|192.168.43.153|443|56696|browsing
1143|1|50.898950|32|4|6|192.168.43.153|23.192.97.69|56696|443|browsing
1144|0|50.904519|1380|4|6|23.192.97.69|192.168.43.153|443|56696|browsing
1145|0|50.906011|816|4|6|23.192.97.69|192.168.43.153|443|56696|browsing
1146|1|50.906048|32|4|6|192.168.43.153|23.192.97.69|56696|443|browsing
1147|0|51.109686|32|4|6|23.192.97.69|192.168.43.153|443|56696|browsing
1148|0|51.113588|32|4|6|23.192.97.69|192.168.43.153|443|56696|browsing
1149|0|51.293789|455|4|6|23.192.97.69|192.168.43.153|443|56696|browsing
1150|1|51.293898|32|4|6|192.168.43.153|23.192.97.69|56696|443|browsing
1151|0|51.339003|32|4|6|23.192.97.69|192.168.43.153|443|56696|browsing
1152|0|51.517617|776|4|6|23.192.97.69|192.168.43.153|443|56696|browsing
1153|1|51.517830|32|4|6|192.168.43.153|23.192.97.69|56696|443|browsing
1154|1|51.562340|174|4|6|192.168.43.153|23.192.97.69|56696|443|browsing
1155|1|51.562446|91|4|6|192.168.43.153|23.192.97.69|56696|443|browsing
1156|0|51.712307|32|4|6|23.192.97.69|192.168.43.153|443|56696|browsing
1157|0|51.733677|32|4|6|23.192.97.69|192.168.43.153|443|56696|browsing
1158|0|51.738105|74|4|6|23.192.97.69|192.168.43.153|443|56696|browsing
1159|1|51.738225|32|4|6|192.168.43.153|23.192.97.69|56696|443|browsing
1160|0|51.939476|1380|4|6|23.192.97.69|192.168.43.153|443|56696|browsing
1161|0|51.939701|238|4|6|23.192.97.69|192.168.43.153|443|56696|browsing
1162|1|51.939712|32|4|6|192.168.43.153|23.192.97.69|56696|443|browsing
1163|1|54.165997|395|4|6|192.168.43.153|23.192.97.69|56696|443|browsing
1164|1|54.166097|1255|4|6|192.168.43.153|23.192.97.69|56696|443|browsing
1165|0|54.253631|32|4|6|23.192.97.69|192.168.43.153|443|56696|browsing
1166|0|54.254821|32|4|6|23.192.97.69|192.168.43.153|443|56696|browsing
1167|0|54.255042|74|4|6|23.192.97.69|192.168.43.153|443|56696|browsing
1168|1|54.255078|32|4|6|192.168.43.153|23.192.97.69|56696|443|browsing
1169|0|54.535342|1380|4|6|23.192.97.69|192.168.43.153|443|56696|browsing
1170|1|54.535362|32|4|6|192.168.43.153|23.192.97.69|56696|443|browsing
1171|0|54.536436|649|4|6|23.192.97.69|192.168.43.153|443|56696|browsing
1172|1|54.536458|32|4|6|192.168.43.153|23.192.97.69|56696|443|browsing
1173|1|55.165184|372|4|6|192.168.43.153|23.192.97.69|56696|443|browsing
1174|1|55.165268|261|4|6|192.168.43.153|23.192.97.69|56696|443|browsing
1175|0|55.253568|32|4|6|23.192.97.69|192.168.43.153|443|56696|browsing
1176|0|55.253713|32|4|6|23.192.97.69|192.168.43.153|443|56696|browsing
1177|0|55.253717|74|4|6|23.192.97.69|192.168.43.153|443|56696|browsing
1178|1|55.253726|32|4|6|192.168.43.153|23.192.97.69|56696|443|browsing
1179|0|55.422776|1360|4|6|23.192.97.69|192.168.43.153|443|56696|browsing
1180|1|55.422812|32|4|6|192.168.43.153|23.192.97.69|56696|443|browsing
1181|1|55.760909|207|4|6|192.168.43.153|23.192.97.69|56696|443|browsing
1182|0|55.893719|32|4|6|23.192.97.69|192.168.43.153|443|56696|browsing
1183|0|56.057522|1112|4|6|23.192.97.69|192.168.43.153|443|56696|browsing
1184|1|56.057558|32|4|6|192.168.43.153|23.192.97.69|56696|443|browsing
