1|1|0.000000|143|4|6|192.168.43.153|13.227.166.29|44966|443|musicstreaming
2|0|0.095638|32|4|6|13.227.166.29|192.168.43.153|443|44966|musicstreaming
3|0|0.753405|1380|4|6|13.227.166.29|192.168.43.153|443|44966|musicstreaming
4|0|0.753718|1380|4|6|13.227.166.29|192.168.43.153|443|44966|musicstreaming
5|1|0.753773|32|4|6|192.168.43.153|13.227.166.29|44966|443|musicstreaming
6|0|0.753848|1380|4|6|13.227.166.29|192.168.43.153|443|44966|musicstreaming
7|0|0.754032|1380|4|6|13.227.166.29|192.168.43.153|443|44966|musicstreaming
8|1|0.754071|32|4|6|192.168.43.153|13.227.166.29|44966|443|musicstreaming
9|0|0.754178|1380|4|6|13.227.166.29|192.168.43.153|443|44966|musicstreaming
10|0|0.758149|1380|4|6|13.227.166.29|192.168.43.153|443|44966|musicstreaming
11|1|0.758218|32|4|6|192.168.43.153|13.227.166.29|44966|443|musicstreaming
12|0|0.758405|1380|4|6|13.227.166.29|192.168.43.153|443|44966|musicstreaming
13|0|0.758565|1380|4|6|13.227.166.29|192.168.43.153|443|44966|musicstreaming
14|1|0.758598|32|4|6|192.168.43.153|13.227.166.29|44966|443|musicstreaming
15|0|0.759210|1380|4|6|13.227.166.29|192.168.43.153|443|44966|musicstreaming
16|0|0.759354|1380|4|6|13.227.166.29|192.168.43.153|443|44966|musicstreaming
17|1|0.759376|32|4|6|192.168.43.153|13.227.166.29|44966|443|musicstreaming
18|0|0.759522|1380|4|6|13.227.166.29|192.168.43.153|443|44966|musicstreaming
19|0|0.759685|1380|4|6|13.227.166.29|192.168.43.153|443|44966|musicstreaming
20|1|0.759721|32|4|6|192.168.43.153|13.227.166.29|44966|443|musicstreaming
21|0|0.759835|1380|4|6|13.227.166.29|192.168.43.153|443|44966|musicstreaming
22|0|0.759995|1380|4|6|13.227.166.29|192.168.43.153|443|44966|musicstreaming
23|0|0.760313|1380|4|6|13.227.166.29|192.168.43.153|443|44966|musicstreaming
24|1|0.760450|32|4|6|192.168.43.153|13.227.166.29|44966|443|musicstreaming
25|0|0.760462|1380|4|6|13.227.166.29|192.168.43.153|443|44966|musicstreaming
26|0|0.760647|1380|4|6|13.227.166.29|192.168.43.153|443|44966|musicstreaming
27|1|0.760683|32|4|6|192.168.43.153|13.227.166.29|44966|443|musicstreaming
28|0|0.760785|1380|4|6|13.227.166.29|192.168.43.153|443|44966|musicstreaming
29|0|0.761335|1380|4|6|13.227.166.29|192.168.43.153|443|44966|musicstreaming
30|1|0.761407|32|4|6|192.168.43.153|13.227.166.29|44966|443|musicstreaming
31|0|0.761674|1380|4|6|13.227.166.29|192.168.43.153|443|44966|musicstreaming
32|0|0.762831|1380|4|6|13.227.166.29|192.168.43.153|443|44966|musicstreaming
33|1|0.762924|32|4|6|192.168.43.153|13.227.166.29|44966|443|musicstreaming
34|0|0.762940|1380|4|6|13.227.166.29|192.168.43.153|443|44966|musicstreaming
35|0|0.763469|1380|4|6|13.227.166.29|192.168.43.153|443|44966|musicstreaming
36|1|0.763507|32|4|6|192.168.43.153|13.227.166.29|44966|443|musicstreaming
37|0|0.764063|1380|4|6|13.227.166.29|192.168.43.153|443|44966|musicstreaming
38|0|0.764209|1380|4|6|13.227.166.29|192.168.43.153|443|44966|musicstreaming
39|1|0.764279|32|4|6|192.168.43.153|13.227.166.29|44966|443|musicstreaming
40|0|0.764338|1380|4|6|13.227.166.29|192.168.43.153|443|44966|musicstreaming
41|0|0.766163|1380|4|6|13.227.166.29|192.168.43.153|443|44966|musicstreaming
42|1|0.766226|32|4|6|192.168.43.153|13.227.166.29|44966|443|musicstreaming
43|0|0.766460|1380|4|6|13.227.166.29|192.168.43.153|443|44966|musicstreaming
44|0|0.766583|1380|4|6|13.227.166.29|192.168.43.153|443|44966|musicstreaming
45|1|0.766627|32|4|6|192.168.43.153|13.227.166.29|44966|443|musicstreaming
46|0|0.768002|1380|4|6|13.227.166.29|192.168.43.153|443|44966|musicstreaming
47|0|0.769773|1380|4|6|13.227.166.29|192.168.43.153|443|44966|musicstreaming
48|1|0.769809|32|4|6|192.168.43.153|13.227.166.29|44966|443|musicstreaming
49|0|0.770130|1380|4|6|13.227.166.29|192.168.43.153|443|44966|musicstreaming
50|0|0.770277|1380|4|6|13.227.166.29|192.168.43.153|443|44966|musicstreaming
51|1|0.770331|32|4|6|192.168.43.153|13.227.166.29|44966|443|musicstreaming
52|0|0.771272|1380|4|6|13.227.166.29|192.168.43.153|443|44966|musicstreaming
53|0|0.771543|1380|4|6|13.227.166.29|192.168.43.153|443|44966|musicstreaming
54|1|0.771581|32|4|6|192.168.43.153|13.227.166.29|44966|443|musicstreaming
55|0|0.772098|1380|4|6|13.227.166.29|192.168.43.153|443|44966|musicstreaming
56|0|0.772623|1380|4|6|13.227.166.29|192.168.43.153|443|44966|musicstreaming
57|0|0.772666|1380|4|6|13.227.166.29|192.168.43.153|443|44966|musicstreaming
58|1|0.772714|32|4|6|192.168.43.153|13.227.166.29|44966|443|musicstreaming
59|0|0.774925|1380|4|6|13.227.166.29|192.168.43.153|443|44966|musicstreaming
60|0|0.779112|1380|4|6|13.227.166.29|192.168.43.153|443|44966|musicstreaming
61|1|0.779201|32|4|6|192.168.43.153|13.227.166.29|44966|443|musicstreaming
62|0|0.779495|1380|4|6|13.227.166.29|192.168.43.153|443|44966|musicstreaming
63|0|0.780876|1380|4|6|13.227.166.29|192.168.43.153|443|44966|musicstreaming
64|1|0.780966|32|4|6|192.168.43.153|13.227.166.29|44966|443|musicstreaming
65|0|0.782972|1380|4|6|13.227.166.29|192.168.43.153|443|44966|musicstreaming
66|0|0.783280|1380|4|6|13.227.166.29|192.168.43.153|443|44966|musicstreaming
67|1|0.783334|32|4|6|192.168.43.153|13.227.166.29|44966|443|musicstreaming
68|0|0.783408|1380|4|6|13.227.166.29|192.168.43.153|443|44966|musicstreaming
69|0|0.785063|1380|4|6|13.227.166.29|192.168.43.153|443|44966|musicstreaming
70|1|0.785148|32|4|6|192.168.43.153|13.227.166.29|44966|443|musicstreaming
71|0|0.793684|1380|4|6|13.227.166.29|192.168.43.153|443|44966|musicstreaming
72|0|0.793939|1380|4|6|13.227.166.29|192.168.43.153|443|44966|musicstreaming
73|1|0.794014|32|4|6|192.168.43.153|13.227.166.29|44966|443|musicstreaming
74|0|0.794380|1380|4|6|13.227.166.29|192.168.43.153|443|44966|musicstreaming
75|0|0.794483|1380|4|6|13.227.166.29|192.168.43.153|443|44966|musicstreaming
76|1|0.794505|32|4|6|192.168.43.153|13.227.166.29|44966|443|musicstreaming
77|0|0.794656|1380|4|6|13.227.166.29|192.168.43.153|443|44966|musicstreaming
78|0|0.795170|1380|4|6|13.227.166.29|192.168.43.153|443|44966|musicstreaming
79|1|0.795256|32|4|6|192.168.43.153|13.227.166.29|44966|443|musicstreaming
80|0|0.795260|1380|4|6|13.227.166.29|192.168.43.153|443|44966|musicstreaming
81|1|0.795274|44|4|6|192.168.43.153|13.227.166.29|44966|443|musicstreaming
82|0|0.795441|1380|4|6|13.227.166.29|192.168.43.153|443|44966|musicstreaming
83|1|0.795450|32|4|6|192.168.43.153|13.227.166.29|44966|443|musicstreaming
84|0|0.803322|1380|4|6|13.227.166.29|192.168.43.153|443|44966|musicstreaming
85|0|0.803591|1380|4|6|13.227.166.29|192.168.43.153|443|44966|musicstreaming
86|1|0.803603|32|4|6|192.168.43.153|13.227.166.29|44966|443|musicstreaming
87|0|0.803770|1380|4|6|13.227.166.29|192.168.43.153|443|44966|musicstreaming
88|0|0.803933|1380|4|6|13.227.166.29|192.168.43.153|443|44966|musicstreaming
89|1|0.803941|32|4|6|192.168.43.153|13.227.166.29|44966|443|musicstreaming
90|0|0.804622|1380|4|6|13.227.166.29|192.168.43.153|443|44966|musicstreaming
91|0|0.804724|1380|4|6|13.227.166.29|192.168.43.153|443|44966|musicstreaming
92|1|0.804737|32|4|6|192.168.43.153|13.227.166.29|44966|443|musicstreaming
93|0|0.804901|1380|4|6|13.227.166.29|192.168.43.153|443|44966|musicstreaming
94|0|0.805022|1380|4|6|13.227.166.29|192.168.43.153|443|44966|musicstreaming
95|1|0.805028|32|4|6|192.168.43.153|13.227.166.29|44966|443|musicstreaming
96|0|0.805180|1380|4|6|13.227.166.29|192.168.43.153|443|44966|musicstreaming
97|0|0.805532|1380|4|6|13.227.166.29|192.168.43.153|443|44966|musicstreaming
98|1|0.805538|32|4|6|192.168.43.153|13.227.166.29|44966|443|musicstreaming
99|0|0.805691|1380|4|6|13.227.166.29|192.168.43.153|443|44966|musicstreaming
100|0|0.805855|1380|4|6|13.227.166.29|192.168.43.153|443|44966|musicstreaming
101|1|0.805862|32|4|6|192.168.43.153|13.227.166.29|44966|443|musicstreaming
102|0|0.806011|1380|4|6|13.227.166.29|192.168.43.153|443|44966|musicstreaming
103|0|0.807697|1380|4|6|13.227.166.29|192.168.43.153|443|44966|musicstreaming
104|1|0.807706|32|4|6|192.168.43.153|13.227.166.29|44966|443|musicstreaming
105|0|0.808128|1380|4|6|13.227.166.29|192.168.43.153|443|44966|musicstreaming
106|0|0.809401|1380|4|6|13.227.166.29|192.168.43.153|443|44966|musicstreaming
107|1|0.809419|32|4|6|192.168.43.153|13.227.166.29|44966|443|musicstreaming
108|0|0.809656|1380|4|6|13.227.166.29|192.168.43.153|443|44966|musicstreaming
109|0|0.818532|1380|4|6|13.227.166.29|192.168.43.153|443|44966|musicstreaming
110|1|0.818551|32|4|6|192.168.43.153|13.227.166.29|44966|443|musicstreaming
111|0|0.820498|1380|4|6|13.227.166.29|192.168.43.153|443|44966|musicstreaming
112|0|0.820610|1380|4|6|13.227.166.29|192.168.43.153|443|44966|musicstreaming
113|1|0.820624|32|4|6|192.168.43.153|13.227.166.29|44966|443|musicstreaming
114|0|0.820788|1380|4|6|13.227.166.29|192.168.43.153|443|44966|musicstreaming
115|0|0.820949|1380|4|6|13.227.166.29|192.168.43.153|443|44966|musicstreaming
116|1|0.820957|32|4|6|192.168.43.153|13.227.166.29|44966|443|musicstreaming
117|0|0.821107|1380|4|6|13.227.166.29|192.168.43.153|443|44966|musicstreaming
118|0|0.822814|1380|4|6|13.227.166.29|192.168.43.153|443|44966|musicstreaming
119|1|0.822821|32|4|6|192.168.43.153|13.227.166.29|44966|443|musicstreaming
120|0|0.823117|1380|4|6|13.227.166.29|192.168.43.153|443|44966|musicstreaming
121|0|0.823262|1380|4|6|13.227.166.29|192.168.43.153|443|44966|musicstreaming
122|1|0.823267|32|4|6|192.168.43.153|13.227.166.29|44966|443|musicstreaming
123|0|0.823392|1380|4|6|13.227.166.29|192.168.43.153|443|44966|musicstreaming
124|0|0.823566|1380|4|6|13.227.166.29|192.168.43.153|443|44966|musicstreaming
125|1|0.823574|32|4|6|192.168.43.153|13.227.166.29|44966|443|musicstreaming
126|0|0.823756|1380|4|6|13.227.166.29|192.168.43.153|443|44966|musicstreaming
127|0|0.823919|1380|4|6|13.227.166.29|192.168.43.153|443|44966|musicstreaming
128|1|0.823928|32|4|6|192.168.43.153|13.227.166.29|44966|443|musicstreaming
129|0|0.825118|1380|4|6|13.227.166.29|192.168.43.153|443|44966|musicstreaming
130|0|0.825436|1380|4|6|13.227.166.29|192.168.43.153|443|44966|musicstreaming
131|1|0.825447|32|4|6|192.168.43.153|13.227.166.29|44966|443|musicstreaming
132|0|0.825639|1380|4|6|13.227.166.29|192.168.43.153|443|44966|musicstreaming
133|0|0.825757|1380|4|6|13.227.166.29|192.168.43.153|443|44966|musicstreaming
134|1|0.825763|32|4|6|192.168.43.153|13.227.166.29|44966|443|musicstreaming
135|0|0.825980|1380|4|6|13.227.166.29|192.168.43.153|443|44966|musicstreaming
136|0|0.826121|1380|4|6|13.227.166.29|192.168.43.153|443|44966|musicstreaming
137|1|0.826129|32|4|6|192.168.43.153|13.227.166.29|44966|443|musicstreaming
138|0|0.826284|1380|4|6|13.227.166.29|192.168.43.153|443|44966|musicstreaming
139|0|0.826443|1380|4|6|13.227.166.29|192.168.43.153|443|44966|musicstreaming
140|1|0.826452|32|4|6|192.168.43.153|13.227.166.29|44966|443|musicstreaming
141|0|0.827079|1380|4|6|13.227.166.29|192.168.43.153|443|44966|musicstreaming
142|0|0.827217|1380|4|6|13.227.166.29|192.168.43.153|443|44966|musicstreaming
143|1|0.827226|32|4|6|192.168.43.153|13.227.166.29|44966|443|musicstreaming
144|0|0.827642|1380|4|6|13.227.166.29|192.168.43.153|443|44966|musicstreaming
145|0|0.828689|1380|4|6|13.227.166.29|192.168.43.153|443|44966|musicstreaming
146|1|0.828697|32|4|6|192.168.43.153|13.227.166.29|44966|443|musicstreaming
147|0|0.830083|1380|4|6|13.227.166.29|192.168.43.153|443|44966|musicstreaming
148|0|0.830473|1380|4|6|13.227.166.29|192.168.43.153|443|44966|musicstreaming
149|1|0.830487|32|4|6|192.168.43.153|13.227.166.29|44966|443|musicstreaming
150|0|0.830909|1380|4|6|13.227.166.29|192.168.43.153|443|44966|musicstreaming
151|0|0.832294|1380|4|6|13.227.166.29|192.168.43.153|443|44966|musicstreaming
152|1|0.832303|32|4|6|192.168.43.153|13.227.166.29|44966|443|musicstreaming
153|0|0.832558|1008|4|6|13.227.166.29|192.168.43.153|443|44966|musicstreaming
154|0|0.833871|1008|4|6|13.227.166.29|192.168.43.153|443|44966|musicstreaming
155|1|0.833896|44|4|6|192.168.43.153|13.227.166.29|44966|443|musicstreaming
156|1|0.840735|143|4|6|192.168.43.153|13.227.166.29|44966|443|musicstreaming
157|0|0.903911|32|4|6|13.227.166.29|192.168.43.153|443|44966|musicstreaming
158|0|0.956133|1380|4|6|13.227.166.29|192.168.43.153|443|44966|musicstreaming
159|1|0.956152|32|4|6|192.168.43.153|13.227.166.29|44966|443|musicstreaming
160|0|0.956403|1380|4|6|13.227.166.29|192.168.43.153|443|44966|musicstreaming
161|1|0.956411|32|4|6|192.168.43.153|13.227.166.29|44966|443|musicstreaming
162|0|0.957776|1380|4|6|13.227.166.29|192.168.43.153|443|44966|musicstreaming
163|1|0.957795|32|4|6|192.168.43.153|13.227.166.29|44966|443|musicstreaming
164|0|0.965977|1380|4|6|13.227.166.29|192.168.43.153|443|44966|musicstreaming
165|1|0.966000|32|4|6|192.168.43.153|13.227.166.29|44966|443|musicstreaming
166|0|0.966297|1380|4|6|13.227.166.29|192.168.43.153|443|44966|musicstreaming
167|1|0.966305|32|4|6|192.168.43.153|13.227.166.29|44966|443|musicstreaming
168|0|0.966458|1380|4|6|13.227.166.29|192.168.43.153|443|44966|musicstreaming
169|1|0.966468|32|4|6|192.168.43.153|13.227.166.29|44966|443|musicstreaming
170|0|0.966615|1380|4|6|13.227.166.29|192.168.43.153|443|44966|musicstreaming
171|1|0.966622|32|4|6|192.168.43.153|13.227.166.29|44966|443|musicstreaming
172|0|0.966786|1380|4|6|13.227.166.29|192.168.43.153|443|44966|musicstreaming
173|1|0.966797|32|4|6|192.168.43.153|13.227.166.29|44966|443|musicstreaming
174|0|0.966942|1380|4|6|13.227.166.29|192.168.43.153|443|44966|musicstreaming
175|1|0.966950|32|4|6|192.168.43.153|13.227.166.29|44966|443|musicstreaming
176|0|0.967101|1380|4|6|13.227.166.29|192.168.43.153|443|44966|musicstreaming
177|1|0.967109|32|4|6|192.168.43.153|13.227.166.29|44966|443|musicstreaming
178|0|0.967831|1380|4|6|13.227.166.29|192.168.43.153|443|44966|musicstreaming
179|1|0.967840|32|4|6|192.168.43.153|13.227.166.29|44966|443|musicstreaming
180|0|0.967995|1380|4|6|13.227.166.29|192.168.43.153|443|44966|musicstreaming
181|1|0.968004|32|4|6|192.168.43.153|13.227.166.29|44966|443|musicstreaming
182|0|0.968146|1380|4|6|13.227.166.29|192.168.43.153|443|44966|musicstreaming
183|1|0.968154|32|4|6|192.168.43.153|13.227.166.29|44966|443|musicstreaming
184|0|0.970725|1380|4|6|13.227.166.29|192.168.43.153|443|44966|musicstreaming
185|1|0.970745|32|4|6|192.168.43.153|13.227.166.29|44966|443|musicstreaming
186|0|0.972796|1380|4|6|13.227.166.29|192.168.43.153|443|44966|musicstreaming
187|0|0.979532|1380|4|6|13.227.166.29|192.168.43.153|443|44966|musicstreaming
188|1|0.979562|32|4|6|192.168.43.153|13.227.166.29|44966|443|musicstreaming
189|0|0.979928|1380|4|6|13.227.166.29|192.168.43.153|443|44966|musicstreaming
190|0|0.980551|1380|4|6|13.227.166.29|192.168.43.153|443|44966|musicstreaming
191|1|0.980561|32|4|6|192.168.43.153|13.227.166.29|44966|443|musicstreaming
192|0|0.981836|1380|4|6|13.227.166.29|192.168.43.153|443|44966|musicstreaming
193|0|0.993269|1380|4|6|13.227.166.29|192.168.43.153|443|44966|musicstreaming
194|1|0.993289|32|4|6|192.168.43.153|13.227.166.29|44966|443|musicstreaming
195|0|0.993561|1380|4|6|13.227.166.29|192.168.43.153|443|44966|musicstreaming
196|0|0.993707|1380|4|6|13.227.166.29|192.168.43.153|443|44966|musicstreaming
197|1|0.993717|32|4|6|192.168.43.153|13.227.166.29|44966|443|musicstreaming
198|0|0.993879|1380|4|6|13.227.166.29|192.168.43.153|443|44966|musicstreaming
199|0|0.997019|1380|4|6|13.227.166.29|192.168.43.153|443|44966|musicstreaming
200|1|0.997037|32|4|6|192.168.43.153|13.227.166.29|44966|443|musicstreaming
201|0|0.997908|1380|4|6|13.227.166.29|192.168.43.153|443|44966|musicstreaming
202|0|0.998274|1380|4|6|13.227.166.29|192.168.43.153|443|44966|musicstreaming
203|1|0.998282|32|4|6|192.168.43.153|13.227.166.29|44966|443|musicstreaming
204|0|0.999273|1380|4|6|13.227.166.29|192.168.43.153|443|44966|musicstreaming
205|0|1.000871|1380|4|6|13.227.166.29|192.168.43.153|443|44966|musicstreaming
206|1|1.000889|32|4|6|192.168.43.153|13.227.166.29|44966|443|musicstreaming
207|0|1.001237|1380|4|6|13.227.166.29|192.168.43.153|443|44966|musicstreaming
208|0|1.001379|1380|4|6|13.227.166.29|192.168.43.153|443|44966|musicstreaming
209|1|1.001384|32|4|6|192.168.43.153|13.227.166.29|44966|443|musicstreaming
210|0|1.001541|1380|4|6|13.227.166.29|192.168.43.153|443|44966|musicstreaming
211|0|1.001706|1380|4|6|13.227.166.29|192.168.43.153|443|44966|musicstreaming
212|1|1.001711|32|4|6|192.168.43.153|13.227.166.29|44966|443|musicstreaming
213|0|1.007802|1380|4|6|13.227.166.29|192.168.43.153|443|44966|musicstreaming
214|0|1.008197|1380|4|6|13.227.166.29|192.168.43.153|443|44966|musicstreaming
215|1|1.008216|32|4|6|192.168.43.153|13.227.166.29|44966|443|musicstreaming
216|0|1.008280|1380|4|6|13.227.166.29|192.168.43.153|443|44966|musicstreaming
217|0|1.008482|1380|4|6|13.227.166.29|192.168.43.153|443|44966|musicstreaming
218|1|1.008491|32|4|6|192.168.43.153|13.227.166.29|44966|443|musicstreaming
219|0|1.008643|1380|4|6|13.227.166.29|192.168.43.153|443|44966|musicstreaming
220|0|1.008789|1380|4|6|13.227.166.29|192.168.43.153|443|44966|musicstreaming
221|1|1.008796|32|4|6|192.168.43.153|13.227.166.29|44966|443|musicstreaming
222|0|1.009427|1380|4|6|13.227.166.29|192.168.43.153|443|44966|musicstreaming
223|0|1.009503|1380|4|6|13.227.166.29|192.168.43.153|443|44966|musicstreaming
224|1|1.009536|32|4|6|192.168.43.153|13.227.166.29|44966|443|musicstreaming
225|0|1.009989|1380|4|6|13.227.166.29|192.168.43.153|443|44966|musicstreaming
226|0|1.010481|1380|4|6|13.227.166.29|192.168.43.153|443|44966|musicstreaming
227|1|1.010553|32|4|6|192.168.43.153|13.227.166.29|44966|443|musicstreaming
228|0|1.011588|1380|4|6|13.227.166.29|192.168.43.153|443|44966|musicstreaming
229|0|1.019732|1380|4|6|13.227.166.29|192.168.43.153|443|44966|musicstreaming
230|1|1.019796|32|4|6|192.168.43.153|13.227.166.29|44966|443|musicstreaming
231|0|1.021619|1380|4|6|13.227.166.29|192.168.43.153|443|44966|musicstreaming
232|0|1.023513|1380|4|6|13.227.166.29|192.168.43.153|443|44966|musicstreaming
233|1|1.023576|32|4|6|192.168.43.153|13.227.166.29|44966|443|musicstreaming
234|0|1.023865|1380|4|6|13.227.166.29|192.168.43.153|443|44966|musicstreaming
235|0|1.026645|1380|4|6|13.227.166.29|192.168.43.153|443|44966|musicstreaming
236|1|1.026716|32|4|6|192.168.43.153|13.227.166.29|44966|443|musicstreaming
237|0|1.026919|1380|4|6|13.227.166.29|192.168.43.153|443|44966|musicstreaming
238|0|1.029274|1380|4|6|13.227.166.29|192.168.43.153|443|44966|musicstreaming
239|1|1.029325|32|4|6|192.168.43.153|13.227.166.29|44966|443|musicstreaming
240|0|1.029629|1380|4|6|13.227.166.29|192.168.43.153|443|44966|musicstreaming
241|0|1.032415|1380|4|6|13.227.166.29|192.168.43.153|443|44966|musicstreaming
242|1|1.032465|32|4|6|192.168.43.153|13.227.166.29|44966|443|musicstreaming
243|0|1.033153|1380|4|6|13.227.166.29|192.168.43.153|443|44966|musicstreaming
244|0|1.034235|1380|4|6|13.227.166.29|192.168.43.153|443|44966|musicstreaming
245|1|1.034281|32|4|6|192.168.43.153|13.227.166.29|44966|443|musicstreaming
246|0|1.034615|1380|4|6|13.227.166.29|192.168.43.153|443|44966|musicstreaming
247|0|1.034799|1380|4|6|13.227.166.29|192.168.43.153|443|44966|musicstreaming
248|1|1.034838|32|4|6|192.168.43.153|13.227.166.29|44966|443|musicstreaming
249|0|1.034916|1380|4|6|13.227.166.29|192.168.43.153|443|44966|musicstreaming
250|0|1.035128|1380|4|6|13.227.166.29|192.168.43.153|443|44966|musicstreaming
251|1|1.035150|32|4|6|192.168.43.153|13.227.166.29|44966|443|musicstreaming
252|0|1.035269|1380|4|6|13.227.166.29|192.168.43.153|443|44966|musicstreaming
253|0|1.035432|1380|4|6|13.227.166.29|192.168.43.153|443|44966|musicstreaming
254|1|1.035457|32|4|6|192.168.43.153|13.227.166.29|44966|443|musicstreaming
255|0|1.036008|1380|4|6|13.227.166.29|192.168.43.153|443|44966|musicstreaming
256|0|1.037190|1380|4|6|13.227.166.29|192.168.43.153|443|44966|musicstreaming
257|1|1.037247|32|4|6|192.168.43.153|13.227.166.29|44966|443|musicstreaming
258|0|1.039430|1380|4|6|13.227.166.29|192.168.43.153|443|44966|musicstreaming
259|0|1.039661|1380|4|6|13.227.166.29|192.168.43.153|443|44966|musicstreaming
260|1|1.039714|32|4|6|192.168.43.153|13.227.166.29|44966|443|musicstreaming
261|0|1.040050|1380|4|6|13.227.166.29|192.168.43.153|443|44966|musicstreaming
262|0|1.042273|1380|4|6|13.227.166.29|192.168.43.153|443|44966|musicstreaming
263|1|1.042358|32|4|6|192.168.43.153|13.227.166.29|44966|443|musicstreaming
264|0|1.042568|1380|4|6|13.227.166.29|192.168.43.153|443|44966|musicstreaming
265|0|1.043060|1380|4|6|13.227.166.29|192.168.43.153|443|44966|musicstreaming
266|1|1.043125|32|4|6|192.168.43.153|13.227.166.29|44966|443|musicstreaming
267|0|1.046061|1380|4|6|13.227.166.29|192.168.43.153|443|44966|musicstreaming
268|0|1.055773|1380|4|6|13.227.166.29|192.168.43.153|443|44966|musicstreaming
269|1|1.055849|32|4|6|192.168.43.153|13.227.166.29|44966|443|musicstreaming
270|0|1.057572|1380|4|6|13.227.166.29|192.168.43.153|443|44966|musicstreaming
271|0|1.057876|1380|4|6|13.227.166.29|192.168.43.153|443|44966|musicstreaming
272|1|1.057924|32|4|6|192.168.43.153|13.227.166.29|44966|443|musicstreaming
273|0|1.057994|1380|4|6|13.227.166.29|192.168.43.153|443|44966|musicstreaming
274|0|1.059942|1380|4|6|13.227.166.29|192.168.43.153|443|44966|musicstreaming
275|1|1.060012|32|4|6|192.168.43.153|13.227.166.29|44966|443|musicstreaming
276|0|1.073472|1380|4|6|13.227.166.29|192.168.43.153|443|44966|musicstreaming
277|0|1.073824|1380|4|6|13.227.166.29|192.168.43.153|443|44966|musicstreaming
278|1|1.073895|32|4|6|192.168.43.153|13.227.166.29|44966|443|musicstreaming
279|0|1.073918|1380|4|6|13.227.166.29|192.168.43.153|443|44966|musicstreaming
280|0|1.074130|1380|4|6|13.227.166.29|192.168.43.153|443|44966|musicstreaming
281|1|1.074163|32|4|6|192.168.43.153|13.227.166.29|44966|443|musicstreaming
282|0|1.075629|1380|4|6|13.227.166.29|192.168.43.153|443|44966|musicstreaming
283|0|1.079642|1380|4|6|13.227.166.29|192.168.43.153|443|44966|musicstreaming
284|1|1.079687|32|4|6|192.168.43.153|13.227.166.29|44966|443|musicstreaming
285|0|1.080404|1380|4|6|13.227.166.29|192.168.43.153|443|44966|musicstreaming
286|0|1.091694|1380|4|6|13.227.166.29|192.168.43.153|443|44966|musicstreaming
287|1|1.091761|32|4|6|192.168.43.153|13.227.166.29|44966|443|musicstreaming
288|0|1.092016|1380|4|6|13.227.166.29|192.168.43.153|443|44966|musicstreaming
289|0|1.092222|1380|4|6|13.227.166.29|192.168.43.153|443|44966|musicstreaming
290|1|1.092276|32|4|6|192.168.43.153|13.227.166.29|44966|443|musicstreaming
291|0|1.092351|1380|4|6|13.227.166.29|192.168.43.153|443|44966|musicstreaming
292|0|1.092936|1380|4|6|13.227.166.29|192.168.43.153|443|44966|musicstreaming
293|1|1.093005|32|4|6|192.168.43.153|13.227.166.29|44966|443|musicstreaming
294|0|1.095628|1380|4|6|13.227.166.29|192.168.43.153|443|44966|musicstreaming
295|0|1.096963|1380|4|6|13.227.166.29|192.168.43.153|443|44966|musicstreaming
296|1|1.097032|32|4|6|192.168.43.153|13.227.166.29|44966|443|musicstreaming
297|0|1.099972|1380|4|6|13.227.166.29|192.168.43.153|443|44966|musicstreaming
298|0|1.101528|1380|4|6|13.227.166.29|192.168.43.153|443|44966|musicstreaming
299|1|1.101597|32|4|6|192.168.43.153|13.227.166.29|44966|443|musicstreaming
300|0|1.101870|1380|4|6|13.227.166.29|192.168.43.153|443|44966|musicstreaming
301|0|1.102700|1380|4|6|13.227.166.29|192.168.43.153|443|44966|musicstreaming
302|1|1.102726|32|4|6|192.168.43.153|13.227.166.29|44966|443|musicstreaming
303|0|1.103019|1380|4|6|13.227.166.29|192.168.43.153|443|44966|musicstreaming
304|0|1.104297|1380|4|6|13.227.166.29|192.168.43.153|443|44966|musicstreaming
305|1|1.104377|32|4|6|192.168.43.153|13.227.166.29|44966|443|musicstreaming
306|0|1.104779|1380|4|6|13.227.166.29|192.168.43.153|443|44966|musicstreaming
307|0|1.107274|1380|4|6|13.227.166.29|192.168.43.153|443|44966|musicstreaming
308|1|1.107343|32|4|6|192.168.43.153|13.227.166.29|44966|443|musicstreaming
309|0|1.107575|1380|4|6|13.227.166.29|192.168.43.153|443|44966|musicstreaming
310|0|1.107785|1380|4|6|13.227.166.29|192.168.43.153|443|44966|musicstreaming
311|1|1.107817|32|4|6|192.168.43.153|13.227.166.29|44966|443|musicstreaming
312|0|1.108896|1380|4|6|13.227.166.29|192.168.43.153|443|44966|musicstreaming
313|0|1.109322|1380|4|6|13.227.166.29|192.168.43.153|443|44966|musicstreaming
314|1|1.109391|32|4|6|192.168.43.153|13.227.166.29|44966|443|musicstreaming
315|0|1.111076|1380|4|6|13.227.166.29|192.168.43.153|443|44966|musicstreaming
316|0|1.111394|976|4|6|13.227.166.29|192.168.43.153|443|44966|musicstreaming
317|1|1.111426|32|4|6|192.168.43.153|13.227.166.29|44966|443|musicstreaming
318|1|11.154239|143|4|6|192.168.43.153|13.227.166.29|44966|443|musicstreaming
319|1|11.154320|71|4|6|192.168.43.153|13.227.166.29|44966|443|musicstreaming
320|0|11.340624|32|4|6|13.227.166.29|192.168.43.153|443|44966|musicstreaming
321|0|11.340641|32|4|6|13.227.166.29|192.168.43.153|443|44966|musicstreaming
322|0|11.340644|71|4|6|13.227.166.29|192.168.43.153|443|44966|musicstreaming
323|1|11.340653|32|4|6|192.168.43.153|13.227.166.29|44966|443|musicstreaming
324|0|11.348599|1380|4|6|13.227.166.29|192.168.43.153|443|44966|musicstreaming
325|1|11.348618|32|4|6|192.168.43.153|13.227.166.29|44966|443|musicstreaming
326|0|11.351187|1380|4|6|13.227.166.29|192.168.43.153|443|44966|musicstreaming
327|1|11.351206|32|4|6|192.168.43.153|13.227.166.29|44966|443|musicstreaming
328|0|11.351453|1380|4|6|13.227.166.29|192.168.43.153|443|44966|musicstreaming
329|1|11.351458|32|4|6|192.168.43.153|13.227.166.29|44966|443|musicstreaming
330|0|11.352680|1380|4|6|13.227.166.29|192.168.43.153|443|44966|musicstreaming
331|1|11.352701|32|4|6|192.168.43.153|13.227.166.29|44966|443|musicstreaming
332|0|11.356327|1380|4|6|13.227.166.29|192.168.43.153|443|44966|musicstreaming
333|1|11.356346|32|4|6|192.168.43.153|13.227.166.29|44966|443|musicstreaming
334|0|11.358840|1380|4|6|13.227.166.29|192.168.43.153|443|44966|musicstreaming
335|1|11.358859|32|4|6|192.168.43.153|13.227.166.29|44966|443|musicstreaming
336|0|11.359175|1380|4|6|13.227.166.29|192.168.43.153|443|44966|musicstreaming
337|1|11.359183|32|4|6|192.168.43.153|13.227.166.29|44966|443|musicstreaming
338|0|11.361547|1380|4|6|13.227.166.29|192.168.43.153|443|44966|musicstreaming
339|1|11.361566|32|4|6|192.168.43.153|13.227.166.29|44966|443|musicstreaming
340|0|11.361861|1380|4|6|13.227.166.29|192.168.43.153|443|44966|musicstreaming
341|1|11.361874|32|4|6|192.168.43.153|13.227.166.29|44966|443|musicstreaming
342|0|11.362845|1380|4|6|13.227.166.29|192.168.43.153|443|44966|musicstreaming
343|1|11.362864|32|4|6|192.168.43.153|13.227.166.29|44966|443|musicstreaming
344|0|11.364442|1380|4|6|13.227.166.29|192.168.43.153|443|44966|musicstreaming
345|1|11.364462|32|4|6|192.168.43.153|13.227.166.29|44966|443|musicstreaming
346|0|11.366621|1380|4|6|13.227.166.29|192.168.43.153|443|44966|musicstreaming
347|1|11.366641|32|4|6|192.168.43.153|13.227.166.29|44966|443|musicstreaming
348|0|11.366886|1380|4|6|13.227.166.29|192.168.43.153|443|44966|musicstreaming
349|1|11.366893|32|4|6|192.168.43.153|13.227.166.29|44966|443|musicstreaming
350|0|11.368133|1380|4|6|13.227.166.29|192.168.43.153|443|44966|musicstreaming
351|1|11.368153|32|4|6|192.168.43.153|13.227.166.29|44966|443|musicstreaming
352|0|11.370862|1380|4|6|13.227.166.29|192.168.43.153|443|44966|musicstreaming
353|1|11.370883|32|4|6|192.168.43.153|13.227.166.29|44966|443|musicstreaming
354|0|11.372466|1380|4|6|13.227.166.29|192.168.43.153|443|44966|musicstreaming
355|0|11.373695|1380|4|6|13.227.166.29|192.168.43.153|443|44966|musicstreaming
356|1|11.373727|32|4|6|192.168.43.153|13.227.166.29|44966|443|musicstreaming
357|0|11.374072|1380|4|6|13.227.166.29|192.168.43.153|443|44966|musicstreaming
358|0|11.377200|1380|4|6|13.227.166.29|192.168.43.153|443|44966|musicstreaming
359|1|11.377216|32|4|6|192.168.43.153|13.227.166.29|44966|443|musicstreaming
360|0|11.377886|1380|4|6|13.227.166.29|192.168.43.153|443|44966|musicstreaming
361|0|11.378412|1380|4|6|13.227.166.29|192.168.43.153|443|44966|musicstreaming
362|1|11.378422|32|4|6|192.168.43.153|13.227.166.29|44966|443|musicstreaming
363|0|11.380910|1380|4|6|13.227.166.29|192.168.43.153|443|44966|musicstreaming
364|0|11.382228|1380|4|6|13.227.166.29|192.168.43.153|443|44966|musicstreaming
365|1|11.382254|32|4|6|192.168.43.153|13.227.166.29|44966|443|musicstreaming
366|0|11.382665|1380|4|6|13.227.166.29|192.168.43.153|443|44966|musicstreaming
367|0|11.385083|1380|4|6|13.227.166.29|192.168.43.153|443|44966|musicstreaming
368|1|11.385098|32|4|6|192.168.43.153|13.227.166.29|44966|443|musicstreaming
369|0|11.387665|1380|4|6|13.227.166.29|192.168.43.153|443|44966|musicstreaming
370|0|11.388110|1380|4|6|13.227.166.29|192.168.43.153|443|44966|musicstreaming
371|1|11.388123|32|4|6|192.168.43.153|13.227.166.29|44966|443|musicstreaming
372|0|11.388985|1380|4|6|13.227.166.29|192.168.43.153|443|44966|musicstreaming
373|0|11.391556|1380|4|6|13.227.166.29|192.168.43.153|443|44966|musicstreaming
374|1|11.391577|32|4|6|192.168.43.153|13.227.166.29|44966|443|musicstreaming
375|0|11.392050|1380|4|6|13.227.166.29|192.168.43.153|443|44966|musicstreaming
376|0|11.395545|1380|4|6|13.227.166.29|192.168.43.153|443|44966|musicstreaming
377|1|11.395575|32|4|6|192.168.43.153|13.227.166.29|44966|443|musicstreaming
378|0|11.395814|1380|4|6|13.227.166.29|192.168.43.153|443|44966|musicstreaming
379|0|11.404749|1380|4|6|13.227.166.29|192.168.43.153|443|44966|musicstreaming
380|1|11.404769|32|4|6|192.168.43.153|13.227.166.29|44966|443|musicstreaming
381|0|11.407588|1380|4|6|13.227.166.29|192.168.43.153|443|44966|musicstreaming
382|0|11.408509|1380|4|6|13.227.166.29|192.168.43.153|443|44966|musicstreaming
383|1|11.408528|32|4|6|192.168.43.153|13.227.166.29|44966|443|musicstreaming
384|0|11.408771|1380|4|6|13.227.166.29|192.168.43.153|443|44966|musicstreaming
385|0|11.408928|1380|4|6|13.227.166.29|192.168.43.153|443|44966|musicstreaming
386|1|11.408940|32|4|6|192.168.43.153|13.227.166.29|44966|443|musicstreaming
387|0|11.410502|1380|4|6|13.227.166.29|192.168.43.153|443|44966|musicstreaming
388|0|11.412575|1380|4|6|13.227.166.29|192.168.43.153|443|44966|musicstreaming
389|1|11.412585|32|4|6|192.168.43.153|13.227.166.29|44966|443|musicstreaming
390|0|11.412984|1380|4|6|13.227.166.29|192.168.43.153|443|44966|musicstreaming
391|0|11.413142|1380|4|6|13.227.166.29|192.168.43.153|443|44966|musicstreaming
392|1|11.413150|32|4|6|192.168.43.153|13.227.166.29|44966|443|musicstreaming
393|0|11.415980|1380|4|6|13.227.166.29|192.168.43.153|443|44966|musicstreaming
394|0|11.417883|1380|4|6|13.227.166.29|192.168.43.153|443|44966|musicstreaming
395|1|11.417901|32|4|6|192.168.43.153|13.227.166.29|44966|443|musicstreaming
396|0|11.419576|1380|4|6|13.227.166.29|192.168.43.153|443|44966|musicstreaming
397|0|11.421456|1380|4|6|13.227.166.29|192.168.43.153|443|44966|musicstreaming
398|1|11.421475|32|4|6|192.168.43.153|13.227.166.29|44966|443|musicstreaming
399|0|11.421723|1380|4|6|13.227.166.29|192.168.43.153|443|44966|musicstreaming
400|0|11.423162|1380|4|6|13.227.166.29|192.168.43.153|443|44966|musicstreaming
401|1|11.423177|32|4|6|192.168.43.153|13.227.166.29|44966|443|musicstreaming
402|0|11.425936|1380|4|6|13.227.166.29|192.168.43.153|443|44966|musicstreaming
403|0|11.428661|1380|4|6|13.227.166.29|192.168.43.153|443|44966|musicstreaming
404|1|11.428679|32|4|6|192.168.43.153|13.227.166.29|44966|443|musicstreaming
405|0|11.428950|1380|4|6|13.227.166.29|192.168.43.153|443|44966|musicstreaming
406|0|11.439434|1380|4|6|13.227.166.29|192.168.43.153|443|44966|musicstreaming
407|1|11.439457|32|4|6|192.168.43.153|13.227.166.29|44966|443|musicstreaming
408|0|11.449267|1380|4|6|13.227.166.29|192.168.43.153|443|44966|musicstreaming
409|0|11.483116|1380|4|6|13.227.166.29|192.168.43.153|443|44966|musicstreaming
410|1|11.483138|32|4|6|192.168.43.153|13.227.166.29|44966|443|musicstreaming
411|0|11.498861|1380|4|6|13.227.166.29|192.168.43.153|443|44966|musicstreaming
412|1|11.543649|32|4|6|192.168.43.153|13.227.166.29|44966|443|musicstreaming
413|0|11.546647|1380|4|6|13.227.166.29|192.168.43.153|443|44966|musicstreaming
414|0|11.547939|1380|4|6|13.227.166.29|192.168.43.153|443|44966|musicstreaming
415|1|11.548043|32|4|6|192.168.43.153|13.227.166.29|44966|443|musicstreaming
416|0|11.617309|1380|4|6|13.227.166.29|192.168.43.153|443|44966|musicstreaming
417|0|11.617585|1380|4|6|13.227.166.29|192.168.43.153|443|44966|musicstreaming
418|1|11.617664|32|4|6|192.168.43.153|13.227.166.29|44966|443|musicstreaming
419|0|11.617729|1380|4|6|13.227.166.29|192.168.43.153|443|44966|musicstreaming
420|0|11.618088|1380|4|6|13.227.166.29|192.168.43.153|443|44966|musicstreaming
421|1|11.618173|32|4|6|192.168.43.153|13.227.166.29|44966|443|musicstreaming
422|0|11.688871|1380|4|6|13.227.166.29|192.168.43.153|443|44966|musicstreaming
423|0|11.689177|1380|4|6|13.227.166.29|192.168.43.153|443|44966|musicstreaming
424|1|11.689220|32|4|6|192.168.43.153|13.227.166.29|44966|443|musicstreaming
425|0|11.698129|1380|4|6|13.227.166.29|192.168.43.153|443|44966|musicstreaming
426|0|11.698356|1380|4|6|13.227.166.29|192.168.43.153|443|44966|musicstreaming
427|1|11.698428|32|4|6|192.168.43.153|13.227.166.29|44966|443|musicstreaming
428|0|11.749897|1380|4|6|13.227.166.29|192.168.43.153|443|44966|musicstreaming
429|0|11.752649|1380|4|6|13.227.166.29|192.168.43.153|443|44966|musicstreaming
430|1|11.752721|32|4|6|192.168.43.153|13.227.166.29|44966|443|musicstreaming
431|0|11.754427|1380|4|6|13.227.166.29|192.168.43.153|443|44966|musicstreaming
432|0|11.756063|1380|4|6|13.227.166.29|192.168.43.153|443|44966|musicstreaming
433|1|11.756148|32|4|6|192.168.43.153|13.227.166.29|44966|443|musicstreaming
434|0|11.760354|1380|4|6|13.227.166.29|192.168.43.153|443|44966|musicstreaming
435|0|11.763151|1380|4|6|13.227.166.29|192.168.43.153|443|44966|musicstreaming
436|1|11.763315|32|4|6|192.168.43.153|13.227.166.29|44966|443|musicstreaming
437|0|11.764905|1380|4|6|13.227.166.29|192.168.43.153|443|44966|musicstreaming
438|0|11.767057|1380|4|6|13.227.166.29|192.168.43.153|443|44966|musicstreaming
439|1|11.767226|32|4|6|192.168.43.153|13.227.166.29|44966|443|musicstreaming
440|0|11.768776|1380|4|6|13.227.166.29|192.168.43.153|443|44966|musicstreaming
441|0|11.771110|1380|4|6|13.227.166.29|192.168.43.153|443|44966|musicstreaming
442|1|11.771214|32|4|6|192.168.43.153|13.227.166.29|44966|443|musicstreaming
443|0|11.772626|1380|4|6|13.227.166.29|192.168.43.153|443|44966|musicstreaming
444|0|11.773657|1380|4|6|13.227.166.29|192.168.43.153|443|44966|musicstreaming
445|1|11.773730|32|4|6|192.168.43.153|13.227.166.29|44966|443|musicstreaming
446|0|11.775400|1380|4|6|13.227.166.29|192.168.43.153|443|44966|musicstreaming
447|0|11.779252|1380|4|6|13.227.166.29|192.168.43.153|443|44966|musicstreaming
448|1|11.779363|32|4|6|192.168.43.153|13.227.166.29|44966|443|musicstreaming
449|0|11.779421|1380|4|6|13.227.166.29|192.168.43.153|443|44966|musicstreaming
450|0|11.781034|1380|4|6|13.227.166.29|192.168.43.153|443|44966|musicstreaming
451|1|11.781114|32|4|6|192.168.43.153|13.227.166.29|44966|443|musicstreaming
452|0|11.781322|1380|4|6|13.227.166.29|192.168.43.153|443|44966|musicstreaming
453|0|11.784822|1380|4|6|13.227.166.29|192.168.43.153|443|44966|musicstreaming
454|1|11.784908|32|4|6|192.168.43.153|13.227.166.29|44966|443|musicstreaming
455|0|11.786396|1380|4|6|13.227.166.29|192.168.43.153|443|44966|musicstreaming
456|0|11.786729|1380|4|6|13.227.166.29|192.168.43.153|443|44966|musicstreaming
457|1|11.786800|32|4|6|192.168.43.153|13.227.166.29|44966|443|musicstreaming
458|0|11.790483|1380|4|6|13.227.166.29|192.168.43.153|443|44966|musicstreaming
459|0|11.791917|1380|4|6|13.227.166.29|192.168.43.153|443|44966|musicstreaming
460|1|11.791981|32|4|6|192.168.43.153|13.227.166.29|44966|443|musicstreaming
461|0|11.793617|1380|4|6|13.227.166.29|192.168.43.153|443|44966|musicstreaming
462|0|11.794046|1380|4|6|13.227.166.29|192.168.43.153|443|44966|musicstreaming
463|1|11.794072|32|4|6|192.168.43.153|13.227.166.29|44966|443|musicstreaming
464|0|11.797024|1380|4|6|13.227.166.29|192.168.43.153|443|44966|musicstreaming
465|0|11.808923|1380|4|6|13.227.166.29|192.168.43.153|443|44966|musicstreaming
466|1|11.808994|32|4|6|192.168.43.153|13.227.166.29|44966|443|musicstreaming
467|0|11.820156|1380|4|6|13.227.166.29|192.168.43.153|443|44966|musicstreaming
468|0|11.820281|1380|4|6|13.227.166.29|192.168.43.153|443|44966|musicstreaming
469|1|11.820314|32|4|6|192.168.43.153|13.227.166.29|44966|443|musicstreaming
470|0|11.820479|1380|4|6|13.227.166.29|192.168.43.153|443|44966|musicstreaming
471|0|11.820639|1380|4|6|13.227.166.29|192.168.43.153|443|44966|musicstreaming
472|1|11.820673|32|4|6|192.168.43.153|13.227.166.29|44966|443|musicstreaming
473|0|11.820790|1380|4|6|13.227.166.29|192.168.43.153|443|44966|musicstreaming
474|0|11.820975|1380|4|6|13.227.166.29|192.168.43.153|443|44966|musicstreaming
475|1|11.821008|32|4|6|192.168.43.153|13.227.166.29|44966|443|musicstreaming
476|0|11.821084|1380|4|6|13.227.166.29|192.168.43.153|443|44966|musicstreaming
477|0|11.821288|1380|4|6|13.227.166.29|192.168.43.153|443|44966|musicstreaming
478|1|11.821323|32|4|6|192.168.43.153|13.227.166.29|44966|443|musicstreaming
479|0|11.821406|1380|4|6|13.227.166.29|192.168.43.153|443|44966|musicstreaming
480|0|11.821785|1380|4|6|13.227.166.29|192.168.43.153|443|44966|musicstreaming
481|1|11.821803|32|4|6|192.168.43.153|13.227.166.29|44966|443|musicstreaming
482|0|11.822938|631|4|6|13.227.166.29|192.168.43.153|443|44966|musicstreaming
483|1|11.822961|32|4|6|192.168.43.153|13.227.166.29|44966|443|musicstreaming
484|1|26.155367|143|4|6|192.168.43.153|13.227.166.29|44966|443|musicstreaming
485|1|26.155510|71|4|6|192.168.43.153|13.227.166.29|44966|443|musicstreaming
486|0|26.290303|32|4|6|13.227.166.29|192.168.43.153|443|44966|musicstreaming
487|0|26.290318|71|4|6|13.227.166.29|192.168.43.153|443|44966|musicstreaming
488|1|26.290326|32|4|6|192.168.43.153|13.227.166.29|44966|443|musicstreaming
489|0|26.307244|1380|4|6|13.227.166.29|192.168.43.153|443|44966|musicstreaming
490|1|26.307264|32|4|6|192.168.43.153|13.227.166.29|44966|443|musicstreaming
491|0|26.307439|1380|4|6|13.227.166.29|192.168.43.153|443|44966|musicstreaming
492|1|26.307445|32|4|6|192.168.43.153|13.227.166.29|44966|443|musicstreaming
493|0|26.307878|1380|4|6|13.227.166.29|192.168.43.153|443|44966|musicstreaming
494|1|26.307898|32|4|6|192.168.43.153|13.227.166.29|44966|443|musicstreaming
495|0|26.310172|1380|4|6|13.227.166.29|192.168.43.153|443|44966|musicstreaming
496|1|26.310195|32|4|6|192.168.43.153|13.227.166.29|44966|443|musicstreaming
497|0|26.310425|1380|4|6|13.227.166.29|192.168.43.153|443|44966|musicstreaming
498|1|26.310434|32|4|6|192.168.43.153|13.227.166.29|44966|443|musicstreaming
499|0|26.310588|1380|4|6|13.227.166.29|192.168.43.153|443|44966|musicstreaming
500|1|26.310596|32|4|6|192.168.43.153|13.227.166.29|44966|443|musicstreaming
501|0|26.310743|1380|4|6|13.227.166.29|192.168.43.153|443|44966|musicstreaming
502|1|26.310751|32|4|6|192.168.43.153|13.227.166.29|44966|443|musicstreaming
503|0|26.312256|1380|4|6|13.227.166.29|192.168.43.153|443|44966|musicstreaming
504|1|26.312264|32|4|6|192.168.43.153|13.227.166.29|44966|443|musicstreaming
505|0|26.314876|1380|4|6|13.227.166.29|192.168.43.153|443|44966|musicstreaming
506|1|26.314898|32|4|6|192.168.43.153|13.227.166.29|44966|443|musicstreaming
507|0|26.315152|1380|4|6|13.227.166.29|192.168.43.153|443|44966|musicstreaming
508|1|26.315160|32|4|6|192.168.43.153|13.227.166.29|44966|443|musicstreaming
509|0|26.315284|1380|4|6|13.227.166.29|192.168.43.153|443|44966|musicstreaming
510|1|26.315289|32|4|6|192.168.43.153|13.227.166.29|44966|443|musicstreaming
511|0|26.317790|1380|4|6|13.227.166.29|192.168.43.153|443|44966|musicstreaming
512|1|26.317809|32|4|6|192.168.43.153|13.227.166.29|44966|443|musicstreaming
513|0|26.328539|1380|4|6|13.227.166.29|192.168.43.153|443|44966|musicstreaming
514|1|26.328558|32|4|6|192.168.43.153|13.227.166.29|44966|443|musicstreaming
515|0|26.328889|1380|4|6|13.227.166.29|192.168.43.153|443|44966|musicstreaming
516|1|26.328898|32|4|6|192.168.43.153|13.227.166.29|44966|443|musicstreaming
517|0|26.329052|1380|4|6|13.227.166.29|192.168.43.153|443|44966|musicstreaming
518|1|26.329063|32|4|6|192.168.43.153|13.227.166.29|44966|443|musicstreaming
519|0|26.329209|1380|4|6|13.227.166.29|192.168.43.153|443|44966|musicstreaming
520|0|26.331339|1380|4|6|13.227.166.29|192.168.43.153|443|44966|musicstreaming
521|1|26.331355|32|4|6|192.168.43.153|13.227.166.29|44966|443|musicstreaming
522|0|26.331639|1380|4|6|13.227.166.29|192.168.43.153|443|44966|musicstreaming
523|0|26.331796|1380|4|6|13.227.166.29|192.168.43.153|443|44966|musicstreaming
524|1|26.331805|32|4|6|192.168.43.153|13.227.166.29|44966|443|musicstreaming
525|0|26.331936|1380|4|6|13.227.166.29|192.168.43.153|443|44966|musicstreaming
526|0|26.332116|1380|4|6|13.227.166.29|192.168.43.153|443|44966|musicstreaming
527|1|26.332125|32|4|6|192.168.43.153|13.227.166.29|44966|443|musicstreaming
528|0|26.332787|1380|4|6|13.227.166.29|192.168.43.153|443|44966|musicstreaming
529|0|26.332833|1380|4|6|13.227.166.29|192.168.43.153|443|44966|musicstreaming
530|1|26.332875|32|4|6|192.168.43.153|13.227.166.29|44966|443|musicstreaming
531|0|26.332994|1380|4|6|13.227.166.29|192.168.43.153|443|44966|musicstreaming
532|0|26.333192|1380|4|6|13.227.166.29|192.168.43.153|443|44966|musicstreaming
533|1|26.333260|32|4|6|192.168.43.153|13.227.166.29|44966|443|musicstreaming
534|0|26.334168|1380|4|6|13.227.166.29|192.168.43.153|443|44966|musicstreaming
535|0|26.334517|1380|4|6|13.227.166.29|192.168.43.153|443|44966|musicstreaming
536|1|26.334534|32|4|6|192.168.43.153|13.227.166.29|44966|443|musicstreaming
537|0|26.336154|1380|4|6|13.227.166.29|192.168.43.153|443|44966|musicstreaming
538|0|26.338937|1380|4|6|13.227.166.29|192.168.43.153|443|44966|musicstreaming
539|1|26.339022|32|4|6|192.168.43.153|13.227.166.29|44966|443|musicstreaming
540|0|26.340677|1380|4|6|13.227.166.29|192.168.43.153|443|44966|musicstreaming
541|0|26.349898|1380|4|6|13.227.166.29|192.168.43.153|443|44966|musicstreaming
542|1|26.349982|32|4|6|192.168.43.153|13.227.166.29|44966|443|musicstreaming
543|0|26.350074|1380|4|6|13.227.166.29|192.168.43.153|443|44966|musicstreaming
544|0|26.351632|1380|4|6|13.227.166.29|192.168.43.153|443|44966|musicstreaming
545|1|26.351704|32|4|6|192.168.43.153|13.227.166.29|44966|443|musicstreaming
546|0|26.361831|1380|4|6|13.227.166.29|192.168.43.153|443|44966|musicstreaming
547|0|26.362185|1380|4|6|13.227.166.29|192.168.43.153|443|44966|musicstreaming
548|1|26.362270|32|4|6|192.168.43.153|13.227.166.29|44966|443|musicstreaming
549|0|26.362307|1380|4|6|13.227.166.29|192.168.43.153|443|44966|musicstreaming
550|0|26.362494|1380|4|6|13.227.166.29|192.168.43.153|443|44966|musicstreaming
551|1|26.362563|32|4|6|192.168.43.153|13.227.166.29|44966|443|musicstreaming
552|0|26.362616|1380|4|6|13.227.166.29|192.168.43.153|443|44966|musicstreaming
553|0|26.363223|1380|4|6|13.227.166.29|192.168.43.153|443|44966|musicstreaming
554|1|26.363291|32|4|6|192.168.43.153|13.227.166.29|44966|443|musicstreaming
555|0|26.364091|1380|4|6|13.227.166.29|192.168.43.153|443|44966|musicstreaming
556|0|26.366368|1380|4|6|13.227.166.29|192.168.43.153|443|44966|musicstreaming
557|1|26.366451|32|4|6|192.168.43.153|13.227.166.29|44966|443|musicstreaming
558|0|26.378061|1380|4|6|13.227.166.29|192.168.43.153|443|44966|musicstreaming
559|0|26.378281|1380|4|6|13.227.166.29|192.168.43.153|443|44966|musicstreaming
560|1|26.378354|32|4|6|192.168.43.153|13.227.166.29|44966|443|musicstreaming
561|0|26.378424|1380|4|6|13.227.166.29|192.168.43.153|443|44966|musicstreaming
562|0|26.378602|1380|4|6|13.227.166.29|192.168.43.153|443|44966|musicstreaming
563|1|26.378671|32|4|6|192.168.43.153|13.227.166.29|44966|443|musicstreaming
564|0|26.381047|1380|4|6|13.227.166.29|192.168.43.153|443|44966|musicstreaming
565|0|26.382803|1380|4|6|13.227.166.29|192.168.43.153|443|44966|musicstreaming
566|1|26.382887|32|4|6|192.168.43.153|13.227.166.29|44966|443|musicstreaming
567|0|26.385663|1380|4|6|13.227.166.29|192.168.43.153|443|44966|musicstreaming
568|0|26.385899|1380|4|6|13.227.166.29|192.168.43.153|443|44966|musicstreaming
569|1|26.385972|32|4|6|192.168.43.153|13.227.166.29|44966|443|musicstreaming
570|0|26.388469|1380|4|6|13.227.166.29|192.168.43.153|443|44966|musicstreaming
571|1|26.431618|32|4|6|192.168.43.153|13.227.166.29|44966|443|musicstreaming
572|0|26.439695|1380|4|6|13.227.166.29|192.168.43.153|443|44966|musicstreaming
573|0|26.440114|1380|4|6|13.227.166.29|192.168.43.153|443|44966|musicstreaming
574|1|26.440187|32|4|6|192.168.43.153|13.227.166.29|44966|443|musicstreaming
575|0|26.475892|1380|4|6|13.227.166.29|192.168.43.153|443|44966|musicstreaming
576|0|26.485204|1380|4|6|13.227.166.29|192.168.43.153|443|44966|musicstreaming
577|1|26.485409|32|4|6|192.168.43.153|13.227.166.29|44966|443|musicstreaming
578|0|26.485539|1380|4|6|13.227.166.29|192.168.43.153|443|44966|musicstreaming
579|0|26.489193|1380|4|6|13.227.166.29|192.168.43.153|443|44966|musicstreaming
580|1|26.489270|32|4|6|192.168.43.153|13.227.166.29|44966|443|musicstreaming
581|0|26.535859|1380|4|6|13.227.166.29|192.168.43.153|443|44966|musicstreaming
582|0|26.536406|1380|4|6|13.227.166.29|192.168.43.153|443|44966|musicstreaming
583|1|26.536492|32|4|6|192.168.43.153|13.227.166.29|44966|443|musicstreaming
584|0|26.541086|1380|4|6|13.227.166.29|192.168.43.153|443|44966|musicstreaming
585|0|26.542951|1380|4|6|13.227.166.29|192.168.43.153|443|44966|musicstreaming
586|1|26.543038|32|4|6|192.168.43.153|13.227.166.29|44966|443|musicstreaming
587|0|26.592752|1380|4|6|13.227.166.29|192.168.43.153|443|44966|musicstreaming
588|0|26.594350|1380|4|6|13.227.166.29|192.168.43.153|443|44966|musicstreaming
589|1|26.594435|32|4|6|192.168.43.153|13.227.166.29|44966|443|musicstreaming
590|0|26.596510|1380|4|6|13.227.166.29|192.168.43.153|443|44966|musicstreaming
591|0|26.596649|1380|4|6|13.227.166.29|192.168.43.153|443|44966|musicstreaming
592|1|26.596687|32|4|6|192.168.43.153|13.227.166.29|44966|443|musicstreaming
593|0|26.652821|1380|4|6|13.227.166.29|192.168.43.153|443|44966|musicstreaming
594|0|26.653300|1380|4|6|13.227.166.29|192.168.43.153|443|44966|musicstreaming
595|0|26.653343|1380|4|6|13.227.166.29|192.168.43.153|443|44966|musicstreaming
596|1|26.653391|32|4|6|192.168.43.153|13.227.166.29|44966|443|musicstreaming
597|0|26.655338|1380|4|6|13.227.166.29|192.168.43.153|443|44966|musicstreaming
598|0|26.657404|1380|4|6|13.227.166.29|192.168.43.153|443|44966|musicstreaming
599|1|26.657490|32|4|6|192.168.43.153|13.227.166.29|44966|443|musicstreaming
600|0|26.658736|1380|4|6|13.227.166.29|192.168.43.153|443|44966|musicstreaming
601|0|26.659694|1380|4|6|13.227.166.29|192.168.43.153|443|44966|musicstreaming
602|1|26.659767|32|4|6|192.168.43.153|13.227.166.29|44966|443|musicstreaming
603|0|26.660042|1380|4|6|13.227.166.29|192.168.43.153|443|44966|musicstreaming
604|0|26.660188|1380|4|6|13.227.166.29|192.168.43.153|443|44966|musicstreaming
605|1|26.660223|32|4|6|192.168.43.153|13.227.166.29|44966|443|musicstreaming
606|0|26.660332|1380|4|6|13.227.166.29|192.168.43.153|443|44966|musicstreaming
607|0|26.660477|1380|4|6|13.227.166.29|192.168.43.153|443|44966|musicstreaming
608|1|26.660641|32|4|6|192.168.43.153|13.227.166.29|44966|443|musicstreaming
609|0|26.664642|1380|4|6|13.227.166.29|192.168.43.153|443|44966|musicstreaming
610|0|26.664913|1380|4|6|13.227.166.29|192.168.43.153|443|44966|musicstreaming
611|1|26.664999|32|4|6|192.168.43.153|13.227.166.29|44966|443|musicstreaming
612|0|26.665060|1380|4|6|13.227.166.29|192.168.43.153|443|44966|musicstreaming
613|0|26.665229|1380|4|6|13.227.166.29|192.168.43.153|443|44966|musicstreaming
614|1|26.665297|32|4|6|192.168.43.153|13.227.166.29|44966|443|musicstreaming
615|0|26.665362|1380|4|6|13.227.166.29|192.168.43.153|443|44966|musicstreaming
616|0|26.665903|1380|4|6|13.227.166.29|192.168.43.153|443|44966|musicstreaming
617|1|26.665969|32|4|6|192.168.43.153|13.227.166.29|44966|443|musicstreaming
618|0|26.666023|1380|4|6|13.227.166.29|192.168.43.153|443|44966|musicstreaming
619|0|26.666470|1380|4|6|13.227.166.29|192.168.43.153|443|44966|musicstreaming
620|1|26.666523|32|4|6|192.168.43.153|13.227.166.29|44966|443|musicstreaming
621|0|26.666575|1380|4|6|13.227.166.29|192.168.43.153|443|44966|musicstreaming
622|0|26.669292|1380|4|6|13.227.166.29|192.168.43.153|443|44966|musicstreaming
623|1|26.669361|32|4|6|192.168.43.153|13.227.166.29|44966|443|musicstreaming
624|0|26.669605|1380|4|6|13.227.166.29|192.168.43.153|443|44966|musicstreaming
625|0|26.669732|1380|4|6|13.227.166.29|192.168.43.153|443|44966|musicstreaming
626|1|26.669773|32|4|6|192.168.43.153|13.227.166.29|44966|443|musicstreaming
627|0|26.669887|1380|4|6|13.227.166.29|192.168.43.153|443|44966|musicstreaming
628|0|26.672539|1380|4|6|13.227.166.29|192.168.43.153|443|44966|musicstreaming
629|1|26.672578|32|4|6|192.168.43.153|13.227.166.29|44966|443|musicstreaming
630|0|26.675396|1380|4|6|13.227.166.29|192.168.43.153|443|44966|musicstreaming
631|0|26.675737|1380|4|6|13.227.166.29|192.168.43.153|443|44966|musicstreaming
632|1|26.675773|32|4|6|192.168.43.153|13.227.166.29|44966|443|musicstreaming
633|0|26.675879|1380|4|6|13.227.166.29|192.168.43.153|443|44966|musicstreaming
634|0|26.679514|1380|4|6|13.227.166.29|192.168.43.153|443|44966|musicstreaming
635|1|26.679597|32|4|6|192.168.43.153|13.227.166.29|44966|443|musicstreaming
636|0|26.679857|1380|4|6|13.227.166.29|192.168.43.153|443|44966|musicstreaming
637|0|26.680355|1380|4|6|13.227.166.29|192.168.43.153|443|44966|musicstreaming
638|1|26.680425|32|4|6|192.168.43.153|13.227.166.29|44966|443|musicstreaming
639|0|26.681150|1380|4|6|13.227.166.29|192.168.43.153|443|44966|musicstreaming
640|0|26.682619|1380|4|6|13.227.166.29|192.168.43.153|443|44966|musicstreaming
641|1|26.682689|32|4|6|192.168.43.153|13.227.166.29|44966|443|musicstreaming
642|0|26.691851|1380|4|6|13.227.166.29|192.168.43.153|443|44966|musicstreaming
643|0|26.692074|1380|4|6|13.227.166.29|192.168.43.153|443|44966|musicstreaming
644|1|26.692111|32|4|6|192.168.43.153|13.227.166.29|44966|443|musicstreaming
645|0|26.693618|1380|4|6|13.227.166.29|192.168.43.153|443|44966|musicstreaming
646|0|26.696595|1380|4|6|13.227.166.29|192.168.43.153|443|44966|musicstreaming
647|1|26.696671|32|4|6|192.168.43.153|13.227.166.29|44966|443|musicstreaming
648|0|26.696672|224|4|6|13.227.166.29|192.168.43.153|443|44966|musicstreaming
649|1|26.696702|32|4|6|192.168.43.153|13.227.166.29|44966|443|musicstreaming
650|1|41.154351|143|4|6|192.168.43.153|13.227.166.29|44966|443|musicstreaming
651|1|41.154435|71|4|6|192.168.43.153|13.227.166.29|44966|443|musicstreaming
652|0|41.263381|32|4|6|13.227.166.29|192.168.43.153|443|44966|musicstreaming
653|0|41.263580|71|4|6|13.227.166.29|192.168.43.153|443|44966|musicstreaming
654|1|41.263593|32|4|6|192.168.43.153|13.227.166.29|44966|443|musicstreaming
655|0|41.339869|1380|4|6|13.227.166.29|192.168.43.153|443|44966|musicstreaming
656|1|41.339888|32|4|6|192.168.43.153|13.227.166.29|44966|443|musicstreaming
657|0|41.347259|572|4|6|13.227.166.29|192.168.43.153|443|44966|musicstreaming
658|1|41.347284|32|4|6|192.168.43.153|13.227.166.29|44966|443|musicstreaming
659|0|41.347489|1380|4|6|13.227.166.29|192.168.43.153|443|44966|musicstreaming
660|1|41.347494|32|4|6|192.168.43.153|13.227.166.29|44966|443|musicstreaming
661|0|41.349110|1380|4|6|13.227.166.29|192.168.43.153|443|44966|musicstreaming
662|1|41.349123|32|4|6|192.168.43.153|13.227.166.29|44966|443|musicstreaming
663|0|41.349490|1380|4|6|13.227.166.29|192.168.43.153|443|44966|musicstreaming
664|1|41.349500|32|4|6|192.168.43.153|13.227.166.29|44966|443|musicstreaming
665|0|41.349659|1380|4|6|13.227.166.29|192.168.43.153|443|44966|musicstreaming
666|1|41.349664|32|4|6|192.168.43.153|13.227.166.29|44966|443|musicstreaming
667|0|41.349807|1380|4|6|13.227.166.29|192.168.43.153|443|44966|musicstreaming
668|1|41.349811|32|4|6|192.168.43.153|13.227.166.29|44966|443|musicstreaming
669|0|41.349973|1380|4|6|13.227.166.29|192.168.43.153|443|44966|musicstreaming
670|1|41.349977|32|4|6|192.168.43.153|13.227.166.29|44966|443|musicstreaming
671|0|41.350104|1380|4|6|13.227.166.29|192.168.43.153|443|44966|musicstreaming
672|1|41.350107|32|4|6|192.168.43.153|13.227.166.29|44966|443|musicstreaming
673|0|41.351336|1380|4|6|13.227.166.29|192.168.43.153|443|44966|musicstreaming
674|1|41.351339|32|4|6|192.168.43.153|13.227.166.29|44966|443|musicstreaming
675|0|41.351749|1380|4|6|13.227.166.29|192.168.43.153|443|44966|musicstreaming
676|1|41.351762|32|4|6|192.168.43.153|13.227.166.29|44966|443|musicstreaming
677|0|41.351907|1380|4|6|13.227.166.29|192.168.43.153|443|44966|musicstreaming
678|1|41.351916|32|4|6|192.168.43.153|13.227.166.29|44966|443|musicstreaming
679|0|41.352048|1380|4|6|13.227.166.29|192.168.43.153|443|44966|musicstreaming
680|1|41.352057|32|4|6|192.168.43.153|13.227.166.29|44966|443|musicstreaming
681|0|41.352224|1380|4|6|13.227.166.29|192.168.43.153|443|44966|musicstreaming
682|1|41.352232|32|4|6|192.168.43.153|13.227.166.29|44966|443|musicstreaming
683|0|41.352836|1380|4|6|13.227.166.29|192.168.43.153|443|44966|musicstreaming
684|1|41.352841|32|4|6|192.168.43.153|13.227.166.29|44966|443|musicstreaming
685|0|41.355627|1380|4|6|13.227.166.29|192.168.43.153|443|44966|musicstreaming
686|0|41.355996|1380|4|6|13.227.166.29|192.168.43.153|443|44966|musicstreaming
687|1|41.356016|32|4|6|192.168.43.153|13.227.166.29|44966|443|musicstreaming
688|0|41.357090|1380|4|6|13.227.166.29|192.168.43.153|443|44966|musicstreaming
689|0|41.358641|1380|4|6|13.227.166.29|192.168.43.153|443|44966|musicstreaming
690|1|41.358654|32|4|6|192.168.43.153|13.227.166.29|44966|443|musicstreaming
691|0|41.360273|1380|4|6|13.227.166.29|192.168.43.153|443|44966|musicstreaming
692|0|41.361753|1380|4|6|13.227.166.29|192.168.43.153|443|44966|musicstreaming
693|1|41.361772|32|4|6|192.168.43.153|13.227.166.29|44966|443|musicstreaming
694|0|41.362756|1380|4|6|13.227.166.29|192.168.43.153|443|44966|musicstreaming
695|0|41.362908|1380|4|6|13.227.166.29|192.168.43.153|443|44966|musicstreaming
696|1|41.362919|32|4|6|192.168.43.153|13.227.166.29|44966|443|musicstreaming
697|0|41.364252|1380|4|6|13.227.166.29|192.168.43.153|443|44966|musicstreaming
698|0|41.364503|1380|4|6|13.227.166.29|192.168.43.153|443|44966|musicstreaming
699|1|41.364514|32|4|6|192.168.43.153|13.227.166.29|44966|443|musicstreaming
700|0|41.366975|1380|4|6|13.227.166.29|192.168.43.153|443|44966|musicstreaming
701|0|41.368539|1380|4|6|13.227.166.29|192.168.43.153|443|44966|musicstreaming
702|1|41.368558|32|4|6|192.168.43.153|13.227.166.29|44966|443|musicstreaming
703|0|41.368842|1380|4|6|13.227.166.29|192.168.43.153|443|44966|musicstreaming
704|0|41.369868|1380|4|6|13.227.166.29|192.168.43.153|443|44966|musicstreaming
705|1|41.369878|32|4|6|192.168.43.153|13.227.166.29|44966|443|musicstreaming
706|0|41.371480|1380|4|6|13.227.166.29|192.168.43.153|443|44966|musicstreaming
707|0|41.372486|1380|4|6|13.227.166.29|192.168.43.153|443|44966|musicstreaming
708|1|41.372505|32|4|6|192.168.43.153|13.227.166.29|44966|443|musicstreaming
709|0|41.372816|1380|4|6|13.227.166.29|192.168.43.153|443|44966|musicstreaming
710|0|41.374063|1380|4|6|13.227.166.29|192.168.43.153|443|44966|musicstreaming
711|1|41.374085|32|4|6|192.168.43.153|13.227.166.29|44966|443|musicstreaming
712|0|41.378103|1380|4|6|13.227.166.29|192.168.43.153|443|44966|musicstreaming
713|0|41.378408|1380|4|6|13.227.166.29|192.168.43.153|443|44966|musicstreaming
714|1|41.378420|32|4|6|192.168.43.153|13.227.166.29|44966|443|musicstreaming
715|0|41.378550|1380|4|6|13.227.166.29|192.168.43.153|443|44966|musicstreaming
716|1|41.419649|32|4|6|192.168.43.153|13.227.166.29|44966|443|musicstreaming
717|0|41.424239|1380|4|6|13.227.166.29|192.168.43.153|443|44966|musicstreaming
718|0|41.425479|1380|4|6|13.227.166.29|192.168.43.153|443|44966|musicstreaming
719|1|41.425548|32|4|6|192.168.43.153|13.227.166.29|44966|443|musicstreaming
720|0|41.425866|1380|4|6|13.227.166.29|192.168.43.153|443|44966|musicstreaming
721|0|41.425983|1380|4|6|13.227.166.29|192.168.43.153|443|44966|musicstreaming
722|1|41.426056|32|4|6|192.168.43.153|13.227.166.29|44966|443|musicstreaming
723|0|41.426115|1380|4|6|13.227.166.29|192.168.43.153|443|44966|musicstreaming
724|0|41.426308|1380|4|6|13.227.166.29|192.168.43.153|443|44966|musicstreaming
725|1|41.426373|32|4|6|192.168.43.153|13.227.166.29|44966|443|musicstreaming
726|0|41.427068|1380|4|6|13.227.166.29|192.168.43.153|443|44966|musicstreaming
727|0|41.427423|1380|4|6|13.227.166.29|192.168.43.153|443|44966|musicstreaming
728|1|41.427455|32|4|6|192.168.43.153|13.227.166.29|44966|443|musicstreaming
729|0|41.427538|1380|4|6|13.227.166.29|192.168.43.153|443|44966|musicstreaming
730|0|41.428538|1380|4|6|13.227.166.29|192.168.43.153|443|44966|musicstreaming
731|1|41.428607|32|4|6|192.168.43.153|13.227.166.29|44966|443|musicstreaming
732|0|41.428792|1380|4|6|13.227.166.29|192.168.43.153|443|44966|musicstreaming
733|0|41.428955|1380|4|6|13.227.166.29|192.168.43.153|443|44966|musicstreaming
734|1|41.429023|32|4|6|192.168.43.153|13.227.166.29|44966|443|musicstreaming
735|0|41.430264|1380|4|6|13.227.166.29|192.168.43.153|443|44966|musicstreaming
736|0|41.431960|1380|4|6|13.227.166.29|192.168.43.153|443|44966|musicstreaming
737|1|41.432044|32|4|6|192.168.43.153|13.227.166.29|44966|443|musicstreaming
738|0|41.432324|1380|4|6|13.227.166.29|192.168.43.153|443|44966|musicstreaming
739|0|41.433791|1380|4|6|13.227.166.29|192.168.43.153|443|44966|musicstreaming
740|1|41.433861|32|4|6|192.168.43.153|13.227.166.29|44966|443|musicstreaming
741|0|41.435331|1380|4|6|13.227.166.29|192.168.43.153|443|44966|musicstreaming
742|0|41.435583|1380|4|6|13.227.166.29|192.168.43.153|443|44966|musicstreaming
743|1|41.435613|32|4|6|192.168.43.153|13.227.166.29|44966|443|musicstreaming
744|0|41.436741|1380|4|6|13.227.166.29|192.168.43.153|443|44966|musicstreaming
745|0|41.438399|1380|4|6|13.227.166.29|192.168.43.153|443|44966|musicstreaming
746|1|41.438472|32|4|6|192.168.43.153|13.227.166.29|44966|443|musicstreaming
747|0|41.440032|1380|4|6|13.227.166.29|192.168.43.153|443|44966|musicstreaming
748|0|41.440331|1380|4|6|13.227.166.29|192.168.43.153|443|44966|musicstreaming
749|1|41.440410|32|4|6|192.168.43.153|13.227.166.29|44966|443|musicstreaming
750|0|41.441640|1380|4|6|13.227.166.29|192.168.43.153|443|44966|musicstreaming
751|0|41.441926|1380|4|6|13.227.166.29|192.168.43.153|443|44966|musicstreaming
752|1|41.442025|32|4|6|192.168.43.153|13.227.166.29|44966|443|musicstreaming
753|0|41.442324|1380|4|6|13.227.166.29|192.168.43.153|443|44966|musicstreaming
754|0|41.444527|1380|4|6|13.227.166.29|192.168.43.153|443|44966|musicstreaming
755|1|41.444611|32|4|6|192.168.43.153|13.227.166.29|44966|443|musicstreaming
756|0|41.444625|1380|4|6|13.227.166.29|192.168.43.153|443|44966|musicstreaming
757|0|41.445304|1380|4|6|13.227.166.29|192.168.43.153|443|44966|musicstreaming
758|1|41.445371|32|4|6|192.168.43.153|13.227.166.29|44966|443|musicstreaming
759|0|41.445425|1380|4|6|13.227.166.29|192.168.43.153|443|44966|musicstreaming
760|0|41.445826|1380|4|6|13.227.166.29|192.168.43.153|443|44966|musicstreaming
761|1|41.445863|32|4|6|192.168.43.153|13.227.166.29|44966|443|musicstreaming
762|0|41.446455|1380|4|6|13.227.166.29|192.168.43.153|443|44966|musicstreaming
763|0|41.447207|1380|4|6|13.227.166.29|192.168.43.153|443|44966|musicstreaming
764|1|41.447260|32|4|6|192.168.43.153|13.227.166.29|44966|443|musicstreaming
765|0|41.448928|1380|4|6|13.227.166.29|192.168.43.153|443|44966|musicstreaming
766|0|41.449231|1380|4|6|13.227.166.29|192.168.43.153|443|44966|musicstreaming
767|1|41.449300|32|4|6|192.168.43.153|13.227.166.29|44966|443|musicstreaming
768|0|41.449354|1380|4|6|13.227.166.29|192.168.43.153|443|44966|musicstreaming
769|0|41.450385|1380|4|6|13.227.166.29|192.168.43.153|443|44966|musicstreaming
770|1|41.450438|32|4|6|192.168.43.153|13.227.166.29|44966|443|musicstreaming
771|0|41.450695|1380|4|6|13.227.166.29|192.168.43.153|443|44966|musicstreaming
772|0|41.450859|1380|4|6|13.227.166.29|192.168.43.153|443|44966|musicstreaming
773|1|41.450950|32|4|6|192.168.43.153|13.227.166.29|44966|443|musicstreaming
774|0|41.452461|1380|4|6|13.227.166.29|192.168.43.153|443|44966|musicstreaming
775|0|41.454250|1380|4|6|13.227.166.29|192.168.43.153|443|44966|musicstreaming
776|1|41.454321|32|4|6|192.168.43.153|13.227.166.29|44966|443|musicstreaming
777|0|41.462381|1380|4|6|13.227.166.29|192.168.43.153|443|44966|musicstreaming
778|0|41.462613|1380|4|6|13.227.166.29|192.168.43.153|443|44966|musicstreaming
779|1|41.462654|32|4|6|192.168.43.153|13.227.166.29|44966|443|musicstreaming
780|0|41.462772|1380|4|6|13.227.166.29|192.168.43.153|443|44966|musicstreaming
781|0|41.463780|1380|4|6|13.227.166.29|192.168.43.153|443|44966|musicstreaming
782|1|41.463821|32|4|6|192.168.43.153|13.227.166.29|44966|443|musicstreaming
783|0|41.464107|1380|4|6|13.227.166.29|192.168.43.153|443|44966|musicstreaming
784|0|41.464306|1380|4|6|13.227.166.29|192.168.43.153|443|44966|musicstreaming
785|1|41.464374|32|4|6|192.168.43.153|13.227.166.29|44966|443|musicstreaming
786|0|41.464466|1380|4|6|13.227.166.29|192.168.43.153|443|44966|musicstreaming
787|0|41.464624|1380|4|6|13.227.166.29|192.168.43.153|443|44966|musicstreaming
788|1|41.464656|32|4|6|192.168.43.153|13.227.166.29|44966|443|musicstreaming
789|0|41.465258|1380|4|6|13.227.166.29|192.168.43.153|443|44966|musicstreaming
790|0|41.465429|1380|4|6|13.227.166.29|192.168.43.153|443|44966|musicstreaming
791|1|41.465467|32|4|6|192.168.43.153|13.227.166.29|44966|443|musicstreaming
792|0|41.465571|1380|4|6|13.227.166.29|192.168.43.153|443|44966|musicstreaming
793|0|41.465735|1380|4|6|13.227.166.29|192.168.43.153|443|44966|musicstreaming
794|1|41.465769|32|4|6|192.168.43.153|13.227.166.29|44966|443|musicstreaming
795|0|41.471716|1380|4|6|13.227.166.29|192.168.43.153|443|44966|musicstreaming
796|0|41.472165|1380|4|6|13.227.166.29|192.168.43.153|443|44966|musicstreaming
797|0|41.472215|1380|4|6|13.227.166.29|192.168.43.153|443|44966|musicstreaming
798|1|41.472252|32|4|6|192.168.43.153|13.227.166.29|44966|443|musicstreaming
799|0|41.472414|1380|4|6|13.227.166.29|192.168.43.153|443|44966|musicstreaming
800|0|41.472581|1380|4|6|13.227.166.29|192.168.43.153|443|44966|musicstreaming
801|1|41.472612|32|4|6|192.168.43.153|13.227.166.29|44966|443|musicstreaming
802|0|41.472716|1380|4|6|13.227.166.29|192.168.43.153|443|44966|musicstreaming
803|0|41.473823|1380|4|6|13.227.166.29|192.168.43.153|443|44966|musicstreaming
804|1|41.473845|32|4|6|192.168.43.153|13.227.166.29|44966|443|musicstreaming
805|0|41.474134|1380|4|6|13.227.166.29|192.168.43.153|443|44966|musicstreaming
806|0|41.474277|1380|4|6|13.227.166.29|192.168.43.153|443|44966|musicstreaming
807|1|41.474327|32|4|6|192.168.43.153|13.227.166.29|44966|443|musicstreaming
808|0|41.474423|1380|4|6|13.227.166.29|192.168.43.153|443|44966|musicstreaming
809|0|41.475895|1380|4|6|13.227.166.29|192.168.43.153|443|44966|musicstreaming
810|1|41.475953|32|4|6|192.168.43.153|13.227.166.29|44966|443|musicstreaming
811|0|41.476283|1380|4|6|13.227.166.29|192.168.43.153|443|44966|musicstreaming
812|0|41.476470|1380|4|6|13.227.166.29|192.168.43.153|443|44966|musicstreaming
813|1|41.476536|32|4|6|192.168.43.153|13.227.166.29|44966|443|musicstreaming
814|0|41.476610|1380|4|6|13.227.166.29|192.168.43.153|443|44966|musicstreaming
815|0|41.476640|340|4|6|13.227.166.29|192.168.43.153|443|44966|musicstreaming
816|1|41.476657|32|4|6|192.168.43.153|13.227.166.29|44966|443|musicstreaming
817|1|56.154174|143|4|6|192.168.43.153|13.227.166.29|44966|443|musicstreaming
818|1|56.154234|71|4|6|192.168.43.153|13.227.166.29|44966|443|musicstreaming
819|0|56.368200|32|4|6|13.227.166.29|192.168.43.153|443|44966|musicstreaming
820|0|56.368215|71|4|6|13.227.166.29|192.168.43.153|443|44966|musicstreaming
821|1|56.368225|32|4|6|192.168.43.153|13.227.166.29|44966|443|musicstreaming
822|0|56.368373|1380|4|6|13.227.166.29|192.168.43.153|443|44966|musicstreaming
823|1|56.368381|32|4|6|192.168.43.153|13.227.166.29|44966|443|musicstreaming
824|0|56.368556|1380|4|6|13.227.166.29|192.168.43.153|443|44966|musicstreaming
825|1|56.368592|32|4|6|192.168.43.153|13.227.166.29|44966|443|musicstreaming
826|0|56.368605|671|4|6|13.227.166.29|192.168.43.153|443|44966|musicstreaming
827|1|56.368626|32|4|6|192.168.43.153|13.227.166.29|44966|443|musicstreaming
828|0|56.368778|1380|4|6|13.227.166.29|192.168.43.153|443|44966|musicstreaming
829|1|56.368786|32|4|6|192.168.43.153|13.227.166.29|44966|443|musicstreaming
830|0|56.368925|1380|4|6|13.227.166.29|192.168.43.153|443|44966|musicstreaming
831|1|56.368938|32|4|6|192.168.43.153|13.227.166.29|44966|443|musicstreaming
832|0|56.369082|1380|4|6|13.227.166.29|192.168.43.153|443|44966|musicstreaming
833|1|56.369089|32|4|6|192.168.43.153|13.227.166.29|44966|443|musicstreaming
834|0|56.369237|1380|4|6|13.227.166.29|192.168.43.153|443|44966|musicstreaming
835|1|56.369243|32|4|6|192.168.43.153|13.227.166.29|44966|443|musicstreaming
836|0|56.369400|1380|4|6|13.227.166.29|192.168.43.153|443|44966|musicstreaming
837|1|56.369403|32|4|6|192.168.43.153|13.227.166.29|44966|443|musicstreaming
838|0|56.369563|1380|4|6|13.227.166.29|192.168.43.153|443|44966|musicstreaming
839|1|56.369571|32|4|6|192.168.43.153|13.227.166.29|44966|443|musicstreaming
840|0|56.369730|1380|4|6|13.227.166.29|192.168.43.153|443|44966|musicstreaming
841|1|56.369738|32|4|6|192.168.43.153|13.227.166.29|44966|443|musicstreaming
842|0|56.369884|1380|4|6|13.227.166.29|192.168.43.153|443|44966|musicstreaming
843|1|56.369889|32|4|6|192.168.43.153|13.227.166.29|44966|443|musicstreaming
844|0|56.370069|1380|4|6|13.227.166.29|192.168.43.153|443|44966|musicstreaming
845|1|56.370078|32|4|6|192.168.43.153|13.227.166.29|44966|443|musicstreaming
846|0|56.370246|1380|4|6|13.227.166.29|192.168.43.153|443|44966|musicstreaming
847|1|56.370254|32|4|6|192.168.43.153|13.227.166.29|44966|443|musicstreaming
848|0|56.370399|1380|4|6|13.227.166.29|192.168.43.153|443|44966|musicstreaming
849|1|56.370410|32|4|6|192.168.43.153|13.227.166.29|44966|443|musicstreaming
850|0|56.370539|1380|4|6|13.227.166.29|192.168.43.153|443|44966|musicstreaming
851|1|56.370547|32|4|6|192.168.43.153|13.227.166.29|44966|443|musicstreaming
852|0|56.370696|1380|4|6|13.227.166.29|192.168.43.153|443|44966|musicstreaming
853|0|56.370853|1380|4|6|13.227.166.29|192.168.43.153|443|44966|musicstreaming
854|1|56.370857|32|4|6|192.168.43.153|13.227.166.29|44966|443|musicstreaming
855|0|56.371076|1380|4|6|13.227.166.29|192.168.43.153|443|44966|musicstreaming
856|0|56.371218|1380|4|6|13.227.166.29|192.168.43.153|443|44966|musicstreaming
857|1|56.371226|32|4|6|192.168.43.153|13.227.166.29|44966|443|musicstreaming
858|0|56.371376|1380|4|6|13.227.166.29|192.168.43.153|443|44966|musicstreaming
859|0|56.371511|1380|4|6|13.227.166.29|192.168.43.153|443|44966|musicstreaming
860|1|56.371515|32|4|6|192.168.43.153|13.227.166.29|44966|443|musicstreaming
861|0|56.371711|1380|4|6|13.227.166.29|192.168.43.153|443|44966|musicstreaming
862|0|56.371866|1380|4|6|13.227.166.29|192.168.43.153|443|44966|musicstreaming
863|1|56.371875|32|4|6|192.168.43.153|13.227.166.29|44966|443|musicstreaming
864|0|56.371984|1380|4|6|13.227.166.29|192.168.43.153|443|44966|musicstreaming
865|0|56.372144|1380|4|6|13.227.166.29|192.168.43.153|443|44966|musicstreaming
866|1|56.372147|32|4|6|192.168.43.153|13.227.166.29|44966|443|musicstreaming
867|0|56.372495|1380|4|6|13.227.166.29|192.168.43.153|443|44966|musicstreaming
868|0|56.372636|1380|4|6|13.227.166.29|192.168.43.153|443|44966|musicstreaming
869|1|56.372644|32|4|6|192.168.43.153|13.227.166.29|44966|443|musicstreaming
870|0|56.372796|1380|4|6|13.227.166.29|192.168.43.153|443|44966|musicstreaming
871|0|56.372919|1380|4|6|13.227.166.29|192.168.43.153|443|44966|musicstreaming
872|1|56.372925|32|4|6|192.168.43.153|13.227.166.29|44966|443|musicstreaming
873|0|56.373126|1380|4|6|13.227.166.29|192.168.43.153|443|44966|musicstreaming
874|0|56.373268|1380|4|6|13.227.166.29|192.168.43.153|443|44966|musicstreaming
875|1|56.373272|32|4|6|192.168.43.153|13.227.166.29|44966|443|musicstreaming
876|0|56.373429|1380|4|6|13.227.166.29|192.168.43.153|443|44966|musicstreaming
877|0|56.373596|1380|4|6|13.227.166.29|192.168.43.153|443|44966|musicstreaming
878|1|56.373601|32|4|6|192.168.43.153|13.227.166.29|44966|443|musicstreaming
879|0|56.373737|1380|4|6|13.227.166.29|192.168.43.153|443|44966|musicstreaming
880|0|56.373900|1380|4|6|13.227.166.29|192.168.43.153|443|44966|musicstreaming
881|1|56.373904|32|4|6|192.168.43.153|13.227.166.29|44966|443|musicstreaming
882|0|56.374068|1380|4|6|13.227.166.29|192.168.43.153|443|44966|musicstreaming
883|0|56.374248|1380|4|6|13.227.166.29|192.168.43.153|443|44966|musicstreaming
884|1|56.374255|32|4|6|192.168.43.153|13.227.166.29|44966|443|musicstreaming
885|0|56.374374|1380|4|6|13.227.166.29|192.168.43.153|443|44966|musicstreaming
886|0|56.374534|1380|4|6|13.227.166.29|192.168.43.153|443|44966|musicstreaming
887|1|56.374539|32|4|6|192.168.43.153|13.227.166.29|44966|443|musicstreaming
888|0|56.374694|1380|4|6|13.227.166.29|192.168.43.153|443|44966|musicstreaming
889|0|56.374859|1380|4|6|13.227.166.29|192.168.43.153|443|44966|musicstreaming
890|1|56.374862|32|4|6|192.168.43.153|13.227.166.29|44966|443|musicstreaming
891|0|56.375021|1380|4|6|13.227.166.29|192.168.43.153|443|44966|musicstreaming
892|0|56.375181|1380|4|6|13.227.166.29|192.168.43.153|443|44966|musicstreaming
893|1|56.375184|32|4|6|192.168.43.153|13.227.166.29|44966|443|musicstreaming
894|0|56.375340|1380|4|6|13.227.166.29|192.168.43.153|443|44966|musicstreaming
895|0|56.375504|1380|4|6|13.227.166.29|192.168.43.153|443|44966|musicstreaming
896|1|56.375507|32|4|6|192.168.43.153|13.227.166.29|44966|443|musicstreaming
897|0|56.375667|1380|4|6|13.227.166.29|192.168.43.153|443|44966|musicstreaming
898|0|56.375827|1380|4|6|13.227.166.29|192.168.43.153|443|44966|musicstreaming
899|1|56.375831|32|4|6|192.168.43.153|13.227.166.29|44966|443|musicstreaming
900|0|56.375989|1380|4|6|13.227.166.29|192.168.43.153|443|44966|musicstreaming
901|0|56.376162|1380|4|6|13.227.166.29|192.168.43.153|443|44966|musicstreaming
902|1|56.376172|32|4|6|192.168.43.153|13.227.166.29|44966|443|musicstreaming
903|0|56.376314|1380|4|6|13.227.166.29|192.168.43.153|443|44966|musicstreaming
904|0|56.376624|1380|4|6|13.227.166.29|192.168.43.153|443|44966|musicstreaming
905|1|56.376628|32|4|6|192.168.43.153|13.227.166.29|44966|443|musicstreaming
906|0|56.376784|1380|4|6|13.227.166.29|192.168.43.153|443|44966|musicstreaming
907|0|56.376946|1380|4|6|13.227.166.29|192.168.43.153|443|44966|musicstreaming
908|1|56.376950|32|4|6|192.168.43.153|13.227.166.29|44966|443|musicstreaming
909|0|56.377109|1380|4|6|13.227.166.29|192.168.43.153|443|44966|musicstreaming
910|0|56.377279|1380|4|6|13.227.166.29|192.168.43.153|443|44966|musicstreaming
911|1|56.377286|32|4|6|192.168.43.153|13.227.166.29|44966|443|musicstreaming
912|0|56.377432|1380|4|6|13.227.166.29|192.168.43.153|443|44966|musicstreaming
913|0|56.377592|1380|4|6|13.227.166.29|192.168.43.153|443|44966|musicstreaming
914|1|56.377596|32|4|6|192.168.43.153|13.227.166.29|44966|443|musicstreaming
915|0|56.377754|1380|4|6|13.227.166.29|192.168.43.153|443|44966|musicstreaming
916|0|56.377916|1380|4|6|13.227.166.29|192.168.43.153|443|44966|musicstreaming
917|1|56.377920|32|4|6|192.168.43.153|13.227.166.29|44966|443|musicstreaming
918|0|56.378077|1380|4|6|13.227.166.29|192.168.43.153|443|44966|musicstreaming
919|0|56.378239|1380|4|6|13.227.166.29|192.168.43.153|443|44966|musicstreaming
920|1|56.378243|32|4|6|192.168.43.153|13.227.166.29|44966|443|musicstreaming
921|0|56.378400|1380|4|6|13.227.166.29|192.168.43.153|443|44966|musicstreaming
922|0|56.378562|1380|4|6|13.227.166.29|192.168.43.153|443|44966|musicstreaming
923|1|56.378565|32|4|6|192.168.43.153|13.227.166.29|44966|443|musicstreaming
924|0|56.378776|1380|4|6|13.227.166.29|192.168.43.153|443|44966|musicstreaming
925|0|56.378928|1380|4|6|13.227.166.29|192.168.43.153|443|44966|musicstreaming
926|1|56.378939|32|4|6|192.168.43.153|13.227.166.29|44966|443|musicstreaming
927|0|56.379091|1380|4|6|13.227.166.29|192.168.43.153|443|44966|musicstreaming
928|1|56.379097|44|4|6|192.168.43.153|13.227.166.29|44966|443|musicstreaming
929|0|56.379211|1380|4|6|13.227.166.29|192.168.43.153|443|44966|musicstreaming
930|1|56.379216|44|4|6|192.168.43.153|13.227.166.29|44966|443|musicstreaming
931|0|56.379372|1380|4|6|13.227.166.29|192.168.43.153|443|44966|musicstreaming
932|1|56.379376|44|4|6|192.168.43.153|13.227.166.29|44966|443|musicstreaming
933|0|56.379538|1380|4|6|13.227.166.29|192.168.43.153|443|44966|musicstreaming
934|0|56.379703|1380|4|6|13.227.166.29|192.168.43.153|443|44966|musicstreaming
935|0|56.379859|1380|4|6|13.227.166.29|192.168.43.153|443|44966|musicstreaming
936|0|56.380069|1380|4|6|13.227.166.29|192.168.43.153|443|44966|musicstreaming
937|0|56.380195|1380|4|6|13.227.166.29|192.168.43.153|443|44966|musicstreaming
938|0|56.380353|1380|4|6|13.227.166.29|192.168.43.153|443|44966|musicstreaming
939|1|56.380368|32|4|6|192.168.43.153|13.227.166.29|44966|443|musicstreaming
940|0|56.380516|1380|4|6|13.227.166.29|192.168.43.153|443|44966|musicstreaming
941|0|56.381762|1380|4|6|13.227.166.29|192.168.43.153|443|44966|musicstreaming
942|1|56.381767|32|4|6|192.168.43.153|13.227.166.29|44966|443|musicstreaming
943|0|56.381904|1380|4|6|13.227.166.29|192.168.43.153|443|44966|musicstreaming
944|0|56.385511|1380|4|6|13.227.166.29|192.168.43.153|443|44966|musicstreaming
945|1|56.385520|32|4|6|192.168.43.153|13.227.166.29|44966|443|musicstreaming
946|0|56.387107|1380|4|6|13.227.166.29|192.168.43.153|443|44966|musicstreaming
947|0|56.387446|1380|4|6|13.227.166.29|192.168.43.153|443|44966|musicstreaming
948|1|56.387452|32|4|6|192.168.43.153|13.227.166.29|44966|443|musicstreaming
949|0|56.387595|1380|4|6|13.227.166.29|192.168.43.153|443|44966|musicstreaming
950|0|56.387784|1380|4|6|13.227.166.29|192.168.43.153|443|44966|musicstreaming
951|1|56.387792|32|4|6|192.168.43.153|13.227.166.29|44966|443|musicstreaming
952|0|56.387942|1380|4|6|13.227.166.29|192.168.43.153|443|44966|musicstreaming
953|0|56.391419|1380|4|6|13.227.166.29|192.168.43.153|443|44966|musicstreaming
954|1|56.391427|32|4|6|192.168.43.153|13.227.166.29|44966|443|musicstreaming
955|0|56.391752|1380|4|6|13.227.166.29|192.168.43.153|443|44966|musicstreaming
956|0|56.391898|1380|4|6|13.227.166.29|192.168.43.153|443|44966|musicstreaming
957|1|56.391903|32|4|6|192.168.43.153|13.227.166.29|44966|443|musicstreaming
958|0|56.396222|1380|4|6|13.227.166.29|192.168.43.153|443|44966|musicstreaming
959|0|56.396558|1380|4|6|13.227.166.29|192.168.43.153|443|44966|musicstreaming
960|1|56.396576|32|4|6|192.168.43.153|13.227.166.29|44966|443|musicstreaming
961|0|56.396739|1380|4|6|13.227.166.29|192.168.43.153|443|44966|musicstreaming
962|0|56.396900|1380|4|6|13.227.166.29|192.168.43.153|443|44966|musicstreaming
963|1|56.396908|32|4|6|192.168.43.153|13.227.166.29|44966|443|musicstreaming
964|0|56.397056|1380|4|6|13.227.166.29|192.168.43.153|443|44966|musicstreaming
965|0|56.397222|1380|4|6|13.227.166.29|192.168.43.153|443|44966|musicstreaming
966|1|56.397230|32|4|6|192.168.43.153|13.227.166.29|44966|443|musicstreaming
967|0|56.397363|1380|4|6|13.227.166.29|192.168.43.153|443|44966|musicstreaming
968|0|56.397825|1380|4|6|13.227.166.29|192.168.43.153|443|44966|musicstreaming
969|1|56.397834|32|4|6|192.168.43.153|13.227.166.29|44966|443|musicstreaming
970|0|56.397984|1380|4|6|13.227.166.29|192.168.43.153|443|44966|musicstreaming
971|0|56.398145|1380|4|6|13.227.166.29|192.168.43.153|443|44966|musicstreaming
972|1|56.398149|32|4|6|192.168.43.153|13.227.166.29|44966|443|musicstreaming
973|0|56.398317|1380|4|6|13.227.166.29|192.168.43.153|443|44966|musicstreaming
974|0|56.398845|1380|4|6|13.227.166.29|192.168.43.153|443|44966|musicstreaming
975|1|56.398849|32|4|6|192.168.43.153|13.227.166.29|44966|443|musicstreaming
976|0|56.399206|1380|4|6|13.227.166.29|192.168.43.153|443|44966|musicstreaming
977|0|56.400370|1380|4|6|13.227.166.29|192.168.43.153|443|44966|musicstreaming
978|1|56.400379|32|4|6|192.168.43.153|13.227.166.29|44966|443|musicstreaming
979|0|56.401978|1204|4|6|13.227.166.29|192.168.43.153|443|44966|musicstreaming
980|1|56.402048|32|4|6|192.168.43.153|13.227.166.29|44966|443|musicstreaming
