1|0|0.000000|1380|4|6|49.44.124.111|192.168.43.153|443|40240|musicstreaming
2|0|0.002845|1380|4|6|49.44.124.111|192.168.43.153|443|40240|musicstreaming
3|1|0.002876|32|4|6|192.168.43.153|49.44.124.111|40240|443|musicstreaming
4|0|0.003325|1380|4|6|49.44.124.111|192.168.43.153|443|40240|musicstreaming
5|0|0.006973|1380|4|6|49.44.124.111|192.168.43.153|443|40240|musicstreaming
6|1|0.007044|32|4|6|192.168.43.153|49.44.124.111|40240|443|musicstreaming
7|0|0.007401|1380|4|6|49.44.124.111|192.168.43.153|443|40240|musicstreaming
8|0|0.008232|1380|4|6|49.44.124.111|192.168.43.153|443|40240|musicstreaming
9|1|0.008254|32|4|6|192.168.43.153|49.44.124.111|40240|443|musicstreaming
10|0|0.010832|1380|4|6|49.44.124.111|192.168.43.153|443|40240|musicstreaming
11|0|0.013623|1380|4|6|49.44.124.111|192.168.43.153|443|40240|musicstreaming
12|1|0.013647|32|4|6|192.168.43.153|49.44.124.111|40240|443|musicstreaming
13|0|0.013912|1380|4|6|49.44.124.111|192.168.43.153|443|40240|musicstreaming
14|0|0.024625|1380|4|6|49.44.124.111|192.168.43.153|443|40240|musicstreaming
15|1|0.024660|32|4|6|192.168.43.153|49.44.124.111|40240|443|musicstreaming
16|0|0.024944|1380|4|6|49.44.124.111|192.168.43.153|443|40240|musicstreaming
17|0|0.025550|1380|4|6|49.44.124.111|192.168.43.153|443|40240|musicstreaming
18|1|0.025588|32|4|6|192.168.43.153|49.44.124.111|40240|443|musicstreaming
19|0|0.027705|1380|4|6|49.44.124.111|192.168.43.153|443|40240|musicstreaming
20|0|0.028237|1380|4|6|49.44.124.111|192.168.43.153|443|40240|musicstreaming
21|1|0.028257|32|4|6|192.168.43.153|49.44.124.111|40240|443|musicstreaming
22|0|0.029885|1380|4|6|49.44.124.111|192.168.43.153|443|40240|musicstreaming
23|0|0.030172|1380|4|6|49.44.124.111|192.168.43.153|443|40240|musicstreaming
24|1|0.030184|32|4|6|192.168.43.153|49.44.124.111|40240|443|musicstreaming
25|0|0.030349|1380|4|6|49.44.124.111|192.168.43.153|443|40240|musicstreaming
26|0|0.030653|1380|4|6|49.44.124.111|192.168.43.153|443|40240|musicstreaming
27|1|0.030676|32|4|6|192.168.43.153|49.44.124.111|40240|443|musicstreaming
28|0|0.034363|1380|4|6|49.44.124.111|192.168.43.153|443|40240|musicstreaming
29|0|0.037269|1380|4|6|49.44.124.111|192.168.43.153|443|40240|musicstreaming
30|1|0.037326|32|4|6|192.168.43.153|49.44.124.111|40240|443|musicstreaming
31|0|0.037689|1380|4|6|49.44.124.111|192.168.43.153|443|40240|musicstreaming
32|0|0.041130|1380|4|6|49.44.124.111|192.168.43.153|443|40240|musicstreaming
33|1|0.041156|32|4|6|192.168.43.153|49.44.124.111|40240|443|musicstreaming
34|0|0.042770|1380|4|6|49.44.124.111|192.168.43.153|443|40240|musicstreaming
35|0|0.043040|1380|4|6|49.44.124.111|192.168.43.153|443|40240|musicstreaming
36|1|0.043074|32|4|6|192.168.43.153|49.44.124.111|40240|443|musicstreaming
37|0|0.046889|1380|4|6|49.44.124.111|192.168.43.153|443|40240|musicstreaming
38|0|0.049820|1380|4|6|49.44.124.111|192.168.43.153|443|40240|musicstreaming
39|1|0.049876|32|4|6|192.168.43.153|49.44.124.111|40240|443|musicstreaming
40|0|0.058404|1380|4|6|49.44.124.111|192.168.43.153|443|40240|musicstreaming
41|0|0.058786|1380|4|6|49.44.124.111|192.168.43.153|443|40240|musicstreaming
42|1|0.058803|32|4|6|192.168.43.153|49.44.124.111|40240|443|musicstreaming
43|0|0.058934|1380|4|6|49.44.124.111|192.168.43.153|443|40240|musicstreaming
44|0|0.067643|1380|4|6|49.44.124.111|192.168.43.153|443|40240|musicstreaming
45|1|0.067670|32|4|6|192.168.43.153|49.44.124.111|40240|443|musicstreaming
46|0|0.067887|1380|4|6|49.44.124.111|192.168.43.153|443|40240|musicstreaming
47|0|0.068046|1380|4|6|49.44.124.111|192.168.43.153|443|40240|musicstreaming
48|1|0.068051|32|4|6|192.168.43.153|49.44.124.111|40240|443|musicstreaming
49|0|0.068206|1380|4|6|49.44.124.111|192.168.43.153|443|40240|musicstreaming
50|0|0.068370|1380|4|6|49.44.124.111|192.168.43.153|443|40240|musicstreaming
51|1|0.068377|32|4|6|192.168.43.153|49.44.124.111|40240|443|musicstreaming
52|0|0.078281|1380|4|6|49.44.124.111|192.168.43.153|443|40240|musicstreaming
53|0|0.078528|1380|4|6|49.44.124.111|192.168.43.153|443|40240|musicstreaming
54|1|0.078560|32|4|6|192.168.43.153|49.44.124.111|40240|443|musicstreaming
55|0|0.078673|1380|4|6|49.44.124.111|192.168.43.153|443|40240|musicstreaming
56|0|0.078833|1380|4|6|49.44.124.111|192.168.43.153|443|40240|musicstreaming
57|1|0.078846|32|4|6|192.168.43.153|49.44.124.111|40240|443|musicstreaming
58|0|0.079430|1380|4|6|49.44.124.111|192.168.43.153|443|40240|musicstreaming
59|0|0.080900|1380|4|6|49.44.124.111|192.168.43.153|443|40240|musicstreaming
60|1|0.080915|32|4|6|192.168.43.153|49.44.124.111|40240|443|musicstreaming
61|0|0.083981|1380|4|6|49.44.124.111|192.168.43.153|443|40240|musicstreaming
62|0|0.086961|1380|4|6|49.44.124.111|192.168.43.153|443|40240|musicstreaming
63|1|0.087001|32|4|6|192.168.43.153|49.44.124.111|40240|443|musicstreaming
64|0|0.087556|1380|4|6|49.44.124.111|192.168.43.153|443|40240|musicstreaming
65|0|0.098483|1380|4|6|49.44.124.111|192.168.43.153|443|40240|musicstreaming
66|1|0.098532|32|4|6|192.168.43.153|49.44.124.111|40240|443|musicstreaming
67|0|0.098816|1380|4|6|49.44.124.111|192.168.43.153|443|40240|musicstreaming
68|0|0.098960|1380|4|6|49.44.124.111|192.168.43.153|443|40240|musicstreaming
69|1|0.098976|32|4|6|192.168.43.153|49.44.124.111|40240|443|musicstreaming
70|0|0.099114|1380|4|6|49.44.124.111|192.168.43.153|443|40240|musicstreaming
71|0|0.107921|1380|4|6|49.44.124.111|192.168.43.153|443|40240|musicstreaming
72|1|0.107987|32|4|6|192.168.43.153|49.44.124.111|40240|443|musicstreaming
73|0|0.109328|1380|4|6|49.44.124.111|192.168.43.153|443|40240|musicstreaming
74|0|0.110881|1380|4|6|49.44.124.111|192.168.43.153|443|40240|musicstreaming
75|1|0.110905|32|4|6|192.168.43.153|49.44.124.111|40240|443|musicstreaming
76|0|0.112215|1380|4|6|49.44.124.111|192.168.43.153|443|40240|musicstreaming
77|0|0.115118|1380|4|6|49.44.124.111|192.168.43.153|443|40240|musicstreaming
78|1|0.115167|32|4|6|192.168.43.153|49.44.124.111|40240|443|musicstreaming
79|0|0.115423|1380|4|6|49.44.124.111|192.168.43.153|443|40240|musicstreaming
80|0|0.118085|1380|4|6|49.44.124.111|192.168.43.153|443|40240|musicstreaming
81|1|0.118109|32|4|6|192.168.43.153|49.44.124.111|40240|443|musicstreaming
82|0|0.121041|1380|4|6|49.44.124.111|192.168.43.153|443|40240|musicstreaming
83|0|0.124928|1380|4|6|49.44.124.111|192.168.43.153|443|40240|musicstreaming
84|1|0.124947|32|4|6|192.168.43.153|49.44.124.111|40240|443|musicstreaming
85|0|0.128042|1380|4|6|49.44.124.111|192.168.43.153|443|40240|musicstreaming
86|0|0.131488|1380|4|6|49.44.124.111|192.168.43.153|443|40240|musicstreaming
87|1|0.131512|32|4|6|192.168.43.153|49.44.124.111|40240|443|musicstreaming
88|0|0.133091|1380|4|6|49.44.124.111|192.168.43.153|443|40240|musicstreaming
89|0|0.137020|1380|4|6|49.44.124.111|192.168.43.153|443|40240|musicstreaming
90|1|0.137043|32|4|6|192.168.43.153|49.44.124.111|40240|443|musicstreaming
91|0|0.139758|1380|4|6|49.44.124.111|192.168.43.153|443|40240|musicstreaming
92|0|0.140207|1380|4|6|49.44.124.111|192.168.43.153|443|40240|musicstreaming
93|1|0.140220|32|4|6|192.168.43.153|49.44.124.111|40240|443|musicstreaming
94|0|0.143930|1380|4|6|49.44.124.111|192.168.43.153|443|40240|musicstreaming
95|0|0.146563|1380|4|6|49.44.124.111|192.168.43.153|443|40240|musicstreaming
96|1|0.146595|32|4|6|192.168.43.153|49.44.124.111|40240|443|musicstreaming
97|0|0.149802|1380|4|6|49.44.124.111|192.168.43.153|443|40240|musicstreaming
98|0|0.160407|1380|4|6|49.44.124.111|192.168.43.153|443|40240|musicstreaming
99|1|0.160425|32|4|6|192.168.43.153|49.44.124.111|40240|443|musicstreaming
100|0|0.160885|1380|4|6|49.44.124.111|192.168.43.153|443|40240|musicstreaming
101|0|0.162046|1380|4|6|49.44.124.111|192.168.43.153|443|40240|musicstreaming
102|1|0.162072|32|4|6|192.168.43.153|49.44.124.111|40240|443|musicstreaming
103|0|0.165984|1380|4|6|49.44.124.111|192.168.43.153|443|40240|musicstreaming
104|0|0.166465|1380|4|6|49.44.124.111|192.168.43.153|443|40240|musicstreaming
105|1|0.166493|32|4|6|192.168.43.153|49.44.124.111|40240|443|musicstreaming
106|0|0.172538|1380|4|6|49.44.124.111|192.168.43.153|443|40240|musicstreaming
107|0|0.176543|1380|4|6|49.44.124.111|192.168.43.153|443|40240|musicstreaming
108|1|0.176597|32|4|6|192.168.43.153|49.44.124.111|40240|443|musicstreaming
109|0|0.178203|1380|4|6|49.44.124.111|192.168.43.153|443|40240|musicstreaming
110|0|0.183169|1380|4|6|49.44.124.111|192.168.43.153|443|40240|musicstreaming
111|1|0.183214|32|4|6|192.168.43.153|49.44.124.111|40240|443|musicstreaming
112|0|0.195641|1380|4|6|49.44.124.111|192.168.43.153|443|40240|musicstreaming
113|0|0.195739|1380|4|6|49.44.124.111|192.168.43.153|443|40240|musicstreaming
114|1|0.195834|32|4|6|192.168.43.153|49.44.124.111|40240|443|musicstreaming
115|0|0.195887|1380|4|6|49.44.124.111|192.168.43.153|443|40240|musicstreaming
116|0|0.196055|1380|4|6|49.44.124.111|192.168.43.153|443|40240|musicstreaming
117|1|0.196065|32|4|6|192.168.43.153|49.44.124.111|40240|443|musicstreaming
118|0|0.196215|1380|4|6|49.44.124.111|192.168.43.153|443|40240|musicstreaming
119|0|0.196369|1380|4|6|49.44.124.111|192.168.43.153|443|40240|musicstreaming
120|1|0.196458|32|4|6|192.168.43.153|49.44.124.111|40240|443|musicstreaming
121|0|0.197444|1380|4|6|49.44.124.111|192.168.43.153|443|40240|musicstreaming
122|0|0.208434|1380|4|6|49.44.124.111|192.168.43.153|443|40240|musicstreaming
123|1|0.208502|32|4|6|192.168.43.153|49.44.124.111|40240|443|musicstreaming
124|0|0.208813|1380|4|6|49.44.124.111|192.168.43.153|443|40240|musicstreaming
125|0|0.208969|1380|4|6|49.44.124.111|192.168.43.153|443|40240|musicstreaming
126|1|0.208977|32|4|6|192.168.43.153|49.44.124.111|40240|443|musicstreaming
127|0|0.210131|1380|4|6|49.44.124.111|192.168.43.153|443|40240|musicstreaming
128|0|0.212996|1380|4|6|49.44.124.111|192.168.43.153|443|40240|musicstreaming
129|1|0.213047|32|4|6|192.168.43.153|49.44.124.111|40240|443|musicstreaming
130|0|0.215752|1380|4|6|49.44.124.111|192.168.43.153|443|40240|musicstreaming
131|0|0.220039|1380|4|6|49.44.124.111|192.168.43.153|443|40240|musicstreaming
132|1|0.220067|32|4|6|192.168.43.153|49.44.124.111|40240|443|musicstreaming
133|0|0.222849|1380|4|6|49.44.124.111|192.168.43.153|443|40240|musicstreaming
134|0|0.226472|1380|4|6|49.44.124.111|192.168.43.153|443|40240|musicstreaming
135|1|0.226527|32|4|6|192.168.43.153|49.44.124.111|40240|443|musicstreaming
136|0|0.228011|1380|4|6|49.44.124.111|192.168.43.153|443|40240|musicstreaming
137|0|0.228376|1380|4|6|49.44.124.111|192.168.43.153|443|40240|musicstreaming
138|1|0.228409|32|4|6|192.168.43.153|49.44.124.111|40240|443|musicstreaming
139|0|0.233437|1380|4|6|49.44.124.111|192.168.43.153|443|40240|musicstreaming
140|0|0.235216|1380|4|6|49.44.124.111|192.168.43.153|443|40240|musicstreaming
141|1|0.235284|32|4|6|192.168.43.153|49.44.124.111|40240|443|musicstreaming
142|0|0.236729|1380|4|6|49.44.124.111|192.168.43.153|443|40240|musicstreaming
143|0|0.238291|1380|4|6|49.44.124.111|192.168.43.153|443|40240|musicstreaming
144|1|0.238355|32|4|6|192.168.43.153|49.44.124.111|40240|443|musicstreaming
145|0|0.239776|1380|4|6|49.44.124.111|192.168.43.153|443|40240|musicstreaming
146|0|0.241258|1380|4|6|49.44.124.111|192.168.43.153|443|40240|musicstreaming
147|1|0.241325|32|4|6|192.168.43.153|49.44.124.111|40240|443|musicstreaming
148|0|0.252860|1380|4|6|49.44.124.111|192.168.43.153|443|40240|musicstreaming
149|0|0.253085|1380|4|6|49.44.124.111|192.168.43.153|443|40240|musicstreaming
150|1|0.253101|32|4|6|192.168.43.153|49.44.124.111|40240|443|musicstreaming
151|0|0.253239|1380|4|6|49.44.124.111|192.168.43.153|443|40240|musicstreaming
152|0|0.254465|1380|4|6|49.44.124.111|192.168.43.153|443|40240|musicstreaming
153|1|0.254500|32|4|6|192.168.43.153|49.44.124.111|40240|443|musicstreaming
154|0|0.263639|1380|4|6|49.44.124.111|192.168.43.153|443|40240|musicstreaming
155|0|0.266072|1380|4|6|49.44.124.111|192.168.43.153|443|40240|musicstreaming
156|1|0.266088|32|4|6|192.168.43.153|49.44.124.111|40240|443|musicstreaming
157|0|0.266339|1380|4|6|49.44.124.111|192.168.43.153|443|40240|musicstreaming
158|0|0.266499|1380|4|6|49.44.124.111|192.168.43.153|443|40240|musicstreaming
159|1|0.266511|32|4|6|192.168.43.153|49.44.124.111|40240|443|musicstreaming
160|0|0.266656|1380|4|6|49.44.124.111|192.168.43.153|443|40240|musicstreaming
161|0|0.270632|1380|4|6|49.44.124.111|192.168.43.153|443|40240|musicstreaming
162|1|0.270687|32|4|6|192.168.43.153|49.44.124.111|40240|443|musicstreaming
163|0|0.273465|1380|4|6|49.44.124.111|192.168.43.153|443|40240|musicstreaming
164|0|0.276318|1380|4|6|49.44.124.111|192.168.43.153|443|40240|musicstreaming
165|1|0.276359|32|4|6|192.168.43.153|49.44.124.111|40240|443|musicstreaming
166|0|0.278437|1380|4|6|49.44.124.111|192.168.43.153|443|40240|musicstreaming
167|0|0.281423|1380|4|6|49.44.124.111|192.168.43.153|443|40240|musicstreaming
168|1|0.281451|32|4|6|192.168.43.153|49.44.124.111|40240|443|musicstreaming
169|0|0.284094|1380|4|6|49.44.124.111|192.168.43.153|443|40240|musicstreaming
170|0|0.286966|1380|4|6|49.44.124.111|192.168.43.153|443|40240|musicstreaming
171|1|0.286988|32|4|6|192.168.43.153|49.44.124.111|40240|443|musicstreaming
172|0|0.288232|1380|4|6|49.44.124.111|192.168.43.153|443|40240|musicstreaming
173|0|0.292397|1380|4|6|49.44.124.111|192.168.43.153|443|40240|musicstreaming
174|1|0.292492|32|4|6|192.168.43.153|49.44.124.111|40240|443|musicstreaming
175|0|0.295482|1380|4|6|49.44.124.111|192.168.43.153|443|40240|musicstreaming
176|0|0.299534|1380|4|6|49.44.124.111|192.168.43.153|443|40240|musicstreaming
177|1|0.299604|32|4|6|192.168.43.153|49.44.124.111|40240|443|musicstreaming
178|0|0.299773|1380|4|6|49.44.124.111|192.168.43.153|443|40240|musicstreaming
179|0|0.302502|1380|4|6|49.44.124.111|192.168.43.153|443|40240|musicstreaming
180|1|0.302545|32|4|6|192.168.43.153|49.44.124.111|40240|443|musicstreaming
181|0|0.303649|1380|4|6|49.44.124.111|192.168.43.153|443|40240|musicstreaming
182|0|0.306459|1380|4|6|49.44.124.111|192.168.43.153|443|40240|musicstreaming
183|1|0.306503|32|4|6|192.168.43.153|49.44.124.111|40240|443|musicstreaming
184|0|0.308010|1380|4|6|49.44.124.111|192.168.43.153|443|40240|musicstreaming
185|0|0.312136|1380|4|6|49.44.124.111|192.168.43.153|443|40240|musicstreaming
186|1|0.312201|32|4|6|192.168.43.153|49.44.124.111|40240|443|musicstreaming
187|0|0.321300|1380|4|6|49.44.124.111|192.168.43.153|443|40240|musicstreaming
188|0|0.323887|1380|4|6|49.44.124.111|192.168.43.153|443|40240|musicstreaming
189|1|0.323929|32|4|6|192.168.43.153|49.44.124.111|40240|443|musicstreaming
190|0|0.326442|1380|4|6|49.44.124.111|192.168.43.153|443|40240|musicstreaming
191|0|0.328886|1380|4|6|49.44.124.111|192.168.43.153|443|40240|musicstreaming
192|1|0.328944|32|4|6|192.168.43.153|49.44.124.111|40240|443|musicstreaming
193|0|0.329264|1380|4|6|49.44.124.111|192.168.43.153|443|40240|musicstreaming
194|0|0.333062|1380|4|6|49.44.124.111|192.168.43.153|443|40240|musicstreaming
195|1|0.333109|32|4|6|192.168.43.153|49.44.124.111|40240|443|musicstreaming
196|0|0.334447|1380|4|6|49.44.124.111|192.168.43.153|443|40240|musicstreaming
197|0|0.337783|1380|4|6|49.44.124.111|192.168.43.153|443|40240|musicstreaming
198|1|0.337846|32|4|6|192.168.43.153|49.44.124.111|40240|443|musicstreaming
199|0|0.381989|1380|4|6|49.44.124.111|192.168.43.153|443|40240|musicstreaming
200|0|0.384601|1380|4|6|49.44.124.111|192.168.43.153|443|40240|musicstreaming
201|1|0.384657|32|4|6|192.168.43.153|49.44.124.111|40240|443|musicstreaming
202|0|0.387208|1380|4|6|49.44.124.111|192.168.43.153|443|40240|musicstreaming
203|0|0.389880|1380|4|6|49.44.124.111|192.168.43.153|443|40240|musicstreaming
204|1|0.389953|32|4|6|192.168.43.153|49.44.124.111|40240|443|musicstreaming
205|0|0.392476|1380|4|6|49.44.124.111|192.168.43.153|443|40240|musicstreaming
206|0|0.397642|1380|4|6|49.44.124.111|192.168.43.153|443|40240|musicstreaming
207|1|0.397684|32|4|6|192.168.43.153|49.44.124.111|40240|443|musicstreaming
208|0|0.406566|1380|4|6|49.44.124.111|192.168.43.153|443|40240|musicstreaming
209|0|0.406804|1380|4|6|49.44.124.111|192.168.43.153|443|40240|musicstreaming
210|1|0.406830|32|4|6|192.168.43.153|49.44.124.111|40240|443|musicstreaming
211|0|0.406948|1380|4|6|49.44.124.111|192.168.43.153|443|40240|musicstreaming
212|0|0.408408|1380|4|6|49.44.124.111|192.168.43.153|443|40240|musicstreaming
213|1|0.408431|32|4|6|192.168.43.153|49.44.124.111|40240|443|musicstreaming
214|0|0.413086|1380|4|6|49.44.124.111|192.168.43.153|443|40240|musicstreaming
215|0|0.414876|1380|4|6|49.44.124.111|192.168.43.153|443|40240|musicstreaming
216|1|0.414974|32|4|6|192.168.43.153|49.44.124.111|40240|443|musicstreaming
217|0|0.418655|1380|4|6|49.44.124.111|192.168.43.153|443|40240|musicstreaming
218|0|0.421820|1380|4|6|49.44.124.111|192.168.43.153|443|40240|musicstreaming
219|1|0.421852|32|4|6|192.168.43.153|49.44.124.111|40240|443|musicstreaming
220|0|0.425776|1380|4|6|49.44.124.111|192.168.43.153|443|40240|musicstreaming
221|0|0.426463|1380|4|6|49.44.124.111|192.168.43.153|443|40240|musicstreaming
222|1|0.426589|32|4|6|192.168.43.153|49.44.124.111|40240|443|musicstreaming
223|0|0.429068|1380|4|6|49.44.124.111|192.168.43.153|443|40240|musicstreaming
224|0|0.431265|1380|4|6|49.44.124.111|192.168.43.153|443|40240|musicstreaming
225|1|0.431299|32|4|6|192.168.43.153|49.44.124.111|40240|443|musicstreaming
226|0|0.435624|1380|4|6|49.44.124.111|192.168.43.153|443|40240|musicstreaming
227|0|0.437982|1380|4|6|49.44.124.111|192.168.43.153|443|40240|musicstreaming
228|1|0.438030|32|4|6|192.168.43.153|49.44.124.111|40240|443|musicstreaming
229|0|0.440112|1380|4|6|49.44.124.111|192.168.43.153|443|40240|musicstreaming
230|0|0.443023|1380|4|6|49.44.124.111|192.168.43.153|443|40240|musicstreaming
231|1|0.443042|32|4|6|192.168.43.153|49.44.124.111|40240|443|musicstreaming
232|0|0.445774|1380|4|6|49.44.124.111|192.168.43.153|443|40240|musicstreaming
233|0|0.448149|1380|4|6|49.44.124.111|192.168.43.153|443|40240|musicstreaming
234|1|0.448176|32|4|6|192.168.43.153|49.44.124.111|40240|443|musicstreaming
235|0|0.450420|1380|4|6|49.44.124.111|192.168.43.153|443|40240|musicstreaming
236|0|0.453045|1380|4|6|49.44.124.111|192.168.43.153|443|40240|musicstreaming
237|1|0.453090|32|4|6|192.168.43.153|49.44.124.111|40240|443|musicstreaming
238|0|0.456593|1380|4|6|49.44.124.111|192.168.43.153|443|40240|musicstreaming
239|0|0.456962|1380|4|6|49.44.124.111|192.168.43.153|443|40240|musicstreaming
240|1|0.456973|32|4|6|192.168.43.153|49.44.124.111|40240|443|musicstreaming
241|0|0.461379|1380|4|6|49.44.124.111|192.168.43.153|443|40240|musicstreaming
242|0|0.461759|1380|4|6|49.44.124.111|192.168.43.153|443|40240|musicstreaming
243|1|0.461791|32|4|6|192.168.43.153|49.44.124.111|40240|443|musicstreaming
244|0|0.464923|1380|4|6|49.44.124.111|192.168.43.153|443|40240|musicstreaming
245|0|0.465305|1380|4|6|49.44.124.111|192.168.43.153|443|40240|musicstreaming
246|1|0.465337|32|4|6|192.168.43.153|49.44.124.111|40240|443|musicstreaming
247|0|0.475334|1380|4|6|49.44.124.111|192.168.43.153|443|40240|musicstreaming
248|0|0.476519|1380|4|6|49.44.124.111|192.168.43.153|443|40240|musicstreaming
249|1|0.476544|32|4|6|192.168.43.153|49.44.124.111|40240|443|musicstreaming
250|0|0.476913|1380|4|6|49.44.124.111|192.168.43.153|443|40240|musicstreaming
251|0|0.477059|1380|4|6|49.44.124.111|192.168.43.153|443|40240|musicstreaming
252|1|0.477068|32|4|6|192.168.43.153|49.44.124.111|40240|443|musicstreaming
253|0|0.479340|1380|4|6|49.44.124.111|192.168.43.153|443|40240|musicstreaming
254|0|0.479670|1380|4|6|49.44.124.111|192.168.43.153|443|40240|musicstreaming
255|1|0.479689|32|4|6|192.168.43.153|49.44.124.111|40240|443|musicstreaming
256|0|0.479823|1380|4|6|49.44.124.111|192.168.43.153|443|40240|musicstreaming
257|0|0.483247|1380|4|6|49.44.124.111|192.168.43.153|443|40240|musicstreaming
258|1|0.483285|32|4|6|192.168.43.153|49.44.124.111|40240|443|musicstreaming
259|0|0.483602|1380|4|6|49.44.124.111|192.168.43.153|443|40240|musicstreaming
260|0|0.483756|1380|4|6|49.44.124.111|192.168.43.153|443|40240|musicstreaming
261|1|0.483769|32|4|6|192.168.43.153|49.44.124.111|40240|443|musicstreaming
262|0|0.489563|1380|4|6|49.44.124.111|192.168.43.153|443|40240|musicstreaming
263|0|0.489944|1380|4|6|49.44.124.111|192.168.43.153|443|40240|musicstreaming
264|1|0.489972|32|4|6|192.168.43.153|49.44.124.111|40240|443|musicstreaming
265|0|0.492492|1380|4|6|49.44.124.111|192.168.43.153|443|40240|musicstreaming
266|0|0.494534|1380|4|6|49.44.124.111|192.168.43.153|443|40240|musicstreaming
267|1|0.494592|32|4|6|192.168.43.153|49.44.124.111|40240|443|musicstreaming
268|0|0.494843|1380|4|6|49.44.124.111|192.168.43.153|443|40240|musicstreaming
269|0|0.496255|1380|4|6|49.44.124.111|192.168.43.153|443|40240|musicstreaming
270|1|0.496327|32|4|6|192.168.43.153|49.44.124.111|40240|443|musicstreaming
271|0|0.499538|1380|4|6|49.44.124.111|192.168.43.153|443|40240|musicstreaming
272|0|0.501008|1380|4|6|49.44.124.111|192.168.43.153|443|40240|musicstreaming
273|1|0.501041|32|4|6|192.168.43.153|49.44.124.111|40240|443|musicstreaming
274|0|0.503678|1380|4|6|49.44.124.111|192.168.43.153|443|40240|musicstreaming
275|0|0.508177|1380|4|6|49.44.124.111|192.168.43.153|443|40240|musicstreaming
276|1|0.508210|32|4|6|192.168.43.153|49.44.124.111|40240|443|musicstreaming
277|0|0.508727|1380|4|6|49.44.124.111|192.168.43.153|443|40240|musicstreaming
278|0|0.512224|1380|4|6|49.44.124.111|192.168.43.153|443|40240|musicstreaming
279|1|0.512245|32|4|6|192.168.43.153|49.44.124.111|40240|443|musicstreaming
280|0|0.513592|1380|4|6|49.44.124.111|192.168.43.153|443|40240|musicstreaming
281|0|0.517253|1380|4|6|49.44.124.111|192.168.43.153|443|40240|musicstreaming
282|1|0.517303|32|4|6|192.168.43.153|49.44.124.111|40240|443|musicstreaming
283|0|0.520399|1380|4|6|49.44.124.111|192.168.43.153|443|40240|musicstreaming
284|0|0.521080|1380|4|6|49.44.124.111|192.168.43.153|443|40240|musicstreaming
285|1|0.521111|32|4|6|192.168.43.153|49.44.124.111|40240|443|musicstreaming
286|0|0.523661|1380|4|6|49.44.124.111|192.168.43.153|443|40240|musicstreaming
287|0|0.526465|1380|4|6|49.44.124.111|192.168.43.153|443|40240|musicstreaming
288|1|0.526539|32|4|6|192.168.43.153|49.44.124.111|40240|443|musicstreaming
289|0|0.527259|1380|4|6|49.44.124.111|192.168.43.153|443|40240|musicstreaming
290|0|0.531580|1380|4|6|49.44.124.111|192.168.43.153|443|40240|musicstreaming
291|1|0.531623|32|4|6|192.168.43.153|49.44.124.111|40240|443|musicstreaming
292|0|0.533667|1380|4|6|49.44.124.111|192.168.43.153|443|40240|musicstreaming
293|0|0.537698|1380|4|6|49.44.124.111|192.168.43.153|443|40240|musicstreaming
294|1|0.537746|32|4|6|192.168.43.153|49.44.124.111|40240|443|musicstreaming
295|0|0.539697|1380|4|6|49.44.124.111|192.168.43.153|443|40240|musicstreaming
296|0|0.541774|1380|4|6|49.44.124.111|192.168.43.153|443|40240|musicstreaming
297|1|0.541834|32|4|6|192.168.43.153|49.44.124.111|40240|443|musicstreaming
298|0|0.542998|1380|4|6|49.44.124.111|192.168.43.153|443|40240|musicstreaming
299|0|0.546434|1380|4|6|49.44.124.111|192.168.43.153|443|40240|musicstreaming
300|1|0.546474|32|4|6|192.168.43.153|49.44.124.111|40240|443|musicstreaming
301|0|0.548108|1380|4|6|49.44.124.111|192.168.43.153|443|40240|musicstreaming
302|0|0.551885|1380|4|6|49.44.124.111|192.168.43.153|443|40240|musicstreaming
303|1|0.551947|32|4|6|192.168.43.153|49.44.124.111|40240|443|musicstreaming
304|0|0.553650|1380|4|6|49.44.124.111|192.168.43.153|443|40240|musicstreaming
305|0|0.556519|1380|4|6|49.44.124.111|192.168.43.153|443|40240|musicstreaming
306|1|0.556547|32|4|6|192.168.43.153|49.44.124.111|40240|443|musicstreaming
307|0|0.561552|1380|4|6|49.44.124.111|192.168.43.153|443|40240|musicstreaming
308|0|0.563996|1380|4|6|49.44.124.111|192.168.43.153|443|40240|musicstreaming
309|1|0.564029|32|4|6|192.168.43.153|49.44.124.111|40240|443|musicstreaming
310|0|0.565555|1380|4|6|49.44.124.111|192.168.43.153|443|40240|musicstreaming
311|0|0.568799|1380|4|6|49.44.124.111|192.168.43.153|443|40240|musicstreaming
312|1|0.568841|32|4|6|192.168.43.153|49.44.124.111|40240|443|musicstreaming
313|0|0.570341|1380|4|6|49.44.124.111|192.168.43.153|443|40240|musicstreaming
314|0|0.574342|1380|4|6|49.44.124.111|192.168.43.153|443|40240|musicstreaming
315|1|0.574375|32|4|6|192.168.43.153|49.44.124.111|40240|443|musicstreaming
316|0|0.577110|1380|4|6|49.44.124.111|192.168.43.153|443|40240|musicstreaming
317|0|0.579991|1380|4|6|49.44.124.111|192.168.43.153|443|40240|musicstreaming
318|1|0.580022|32|4|6|192.168.43.153|49.44.124.111|40240|443|musicstreaming
319|0|0.583012|1380|4|6|49.44.124.111|192.168.43.153|443|40240|musicstreaming
320|0|0.583351|1380|4|6|49.44.124.111|192.168.43.153|443|40240|musicstreaming
321|1|0.583391|32|4|6|192.168.43.153|49.44.124.111|40240|443|musicstreaming
322|0|0.588079|1380|4|6|49.44.124.111|192.168.43.153|443|40240|musicstreaming
323|0|0.590784|1380|4|6|49.44.124.111|192.168.43.153|443|40240|musicstreaming
324|1|0.590825|32|4|6|192.168.43.153|49.44.124.111|40240|443|musicstreaming
325|0|0.593343|1380|4|6|49.44.124.111|192.168.43.153|443|40240|musicstreaming
326|0|0.602061|1380|4|6|49.44.124.111|192.168.43.153|443|40240|musicstreaming
327|1|0.602085|32|4|6|192.168.43.153|49.44.124.111|40240|443|musicstreaming
328|0|0.602308|1380|4|6|49.44.124.111|192.168.43.153|443|40240|musicstreaming
329|0|0.602474|1380|4|6|49.44.124.111|192.168.43.153|443|40240|musicstreaming
330|1|0.602533|32|4|6|192.168.43.153|49.44.124.111|40240|443|musicstreaming
331|0|0.603078|1380|4|6|49.44.124.111|192.168.43.153|443|40240|musicstreaming
332|0|0.604622|1380|4|6|49.44.124.111|192.168.43.153|443|40240|musicstreaming
333|1|0.604676|32|4|6|192.168.43.153|49.44.124.111|40240|443|musicstreaming
334|0|0.607333|1380|4|6|49.44.124.111|192.168.43.153|443|40240|musicstreaming
335|0|0.609835|1380|4|6|49.44.124.111|192.168.43.153|443|40240|musicstreaming
336|1|0.609866|32|4|6|192.168.43.153|49.44.124.111|40240|443|musicstreaming
337|0|0.612669|1380|4|6|49.44.124.111|192.168.43.153|443|40240|musicstreaming
338|0|0.615347|1380|4|6|49.44.124.111|192.168.43.153|443|40240|musicstreaming
339|1|0.615373|32|4|6|192.168.43.153|49.44.124.111|40240|443|musicstreaming
340|0|0.615610|1380|4|6|49.44.124.111|192.168.43.153|443|40240|musicstreaming
341|0|0.618251|1380|4|6|49.44.124.111|192.168.43.153|443|40240|musicstreaming
342|1|0.618275|32|4|6|192.168.43.153|49.44.124.111|40240|443|musicstreaming
343|0|0.618951|1380|4|6|49.44.124.111|192.168.43.153|443|40240|musicstreaming
344|0|0.623180|1380|4|6|49.44.124.111|192.168.43.153|443|40240|musicstreaming
345|1|0.623228|32|4|6|192.168.43.153|49.44.124.111|40240|443|musicstreaming
346|0|0.632824|1380|4|6|49.44.124.111|192.168.43.153|443|40240|musicstreaming
347|0|0.633113|1380|4|6|49.44.124.111|192.168.43.153|443|40240|musicstreaming
348|1|0.633156|32|4|6|192.168.43.153|49.44.124.111|40240|443|musicstreaming
349|0|0.636058|1380|4|6|49.44.124.111|192.168.43.153|443|40240|musicstreaming
350|0|0.636216|1380|4|6|49.44.124.111|192.168.43.153|443|40240|musicstreaming
351|1|0.636229|32|4|6|192.168.43.153|49.44.124.111|40240|443|musicstreaming
352|0|0.636371|1380|4|6|49.44.124.111|192.168.43.153|443|40240|musicstreaming
353|0|0.636533|1380|4|6|49.44.124.111|192.168.43.153|443|40240|musicstreaming
354|1|0.636541|32|4|6|192.168.43.153|49.44.124.111|40240|443|musicstreaming
355|0|0.638318|1380|4|6|49.44.124.111|192.168.43.153|443|40240|musicstreaming
356|0|0.638454|1380|4|6|49.44.124.111|192.168.43.153|443|40240|musicstreaming
357|1|0.638465|32|4|6|192.168.43.153|49.44.124.111|40240|443|musicstreaming
358|0|0.646248|1380|4|6|49.44.124.111|192.168.43.153|443|40240|musicstreaming
359|0|0.646513|1380|4|6|49.44.124.111|192.168.43.153|443|40240|musicstreaming
360|1|0.646565|32|4|6|192.168.43.153|49.44.124.111|40240|443|musicstreaming
361|0|0.646718|1380|4|6|49.44.124.111|192.168.43.153|443|40240|musicstreaming
362|0|0.646816|1380|4|6|49.44.124.111|192.168.43.153|443|40240|musicstreaming
363|1|0.646836|32|4|6|192.168.43.153|49.44.124.111|40240|443|musicstreaming
364|0|0.647828|1380|4|6|49.44.124.111|192.168.43.153|443|40240|musicstreaming
365|0|0.657645|1380|4|6|49.44.124.111|192.168.43.153|443|40240|musicstreaming
366|1|0.657705|32|4|6|192.168.43.153|49.44.124.111|40240|443|musicstreaming
367|0|0.660701|1380|4|6|49.44.124.111|192.168.43.153|443|40240|musicstreaming
368|0|0.661047|1380|4|6|49.44.124.111|192.168.43.153|443|40240|musicstreaming
369|1|0.661074|32|4|6|192.168.43.153|49.44.124.111|40240|443|musicstreaming
370|0|0.662613|1380|4|6|49.44.124.111|192.168.43.153|443|40240|musicstreaming
371|0|0.664535|1380|4|6|49.44.124.111|192.168.43.153|443|40240|musicstreaming
372|1|0.664669|32|4|6|192.168.43.153|49.44.124.111|40240|443|musicstreaming
373|0|0.666137|1380|4|6|49.44.124.111|192.168.43.153|443|40240|musicstreaming
374|0|0.672599|1380|4|6|49.44.124.111|192.168.43.153|443|40240|musicstreaming
375|1|0.672626|32|4|6|192.168.43.153|49.44.124.111|40240|443|musicstreaming
376|0|0.675576|1380|4|6|49.44.124.111|192.168.43.153|443|40240|musicstreaming
377|0|0.678985|1380|4|6|49.44.124.111|192.168.43.153|443|40240|musicstreaming
378|1|0.679008|32|4|6|192.168.43.153|49.44.124.111|40240|443|musicstreaming
379|0|0.681835|1380|4|6|49.44.124.111|192.168.43.153|443|40240|musicstreaming
380|0|0.686036|1380|4|6|49.44.124.111|192.168.43.153|443|40240|musicstreaming
381|1|0.686074|32|4|6|192.168.43.153|49.44.124.111|40240|443|musicstreaming
382|0|0.688392|1380|4|6|49.44.124.111|192.168.43.153|443|40240|musicstreaming
383|0|0.691801|1380|4|6|49.44.124.111|192.168.43.153|443|40240|musicstreaming
384|1|0.691866|32|4|6|192.168.43.153|49.44.124.111|40240|443|musicstreaming
385|0|0.696275|1380|4|6|49.44.124.111|192.168.43.153|443|40240|musicstreaming
386|0|0.698221|1380|4|6|49.44.124.111|192.168.43.153|443|40240|musicstreaming
387|1|0.698280|32|4|6|192.168.43.153|49.44.124.111|40240|443|musicstreaming
388|0|0.700647|1380|4|6|49.44.124.111|192.168.43.153|443|40240|musicstreaming
389|0|0.702197|1380|4|6|49.44.124.111|192.168.43.153|443|40240|musicstreaming
390|1|0.702225|32|4|6|192.168.43.153|49.44.124.111|40240|443|musicstreaming
391|0|0.706269|1380|4|6|49.44.124.111|192.168.43.153|443|40240|musicstreaming
392|0|0.711217|1380|4|6|49.44.124.111|192.168.43.153|443|40240|musicstreaming
393|1|0.711243|32|4|6|192.168.43.153|49.44.124.111|40240|443|musicstreaming
394|0|0.719981|1380|4|6|49.44.124.111|192.168.43.153|443|40240|musicstreaming
395|0|0.720287|1380|4|6|49.44.124.111|192.168.43.153|443|40240|musicstreaming
396|1|0.720313|32|4|6|192.168.43.153|49.44.124.111|40240|443|musicstreaming
397|0|0.721146|1380|4|6|49.44.124.111|192.168.43.153|443|40240|musicstreaming
398|0|0.723830|1380|4|6|49.44.124.111|192.168.43.153|443|40240|musicstreaming
399|1|0.723884|32|4|6|192.168.43.153|49.44.124.111|40240|443|musicstreaming
400|0|0.726477|1380|4|6|49.44.124.111|192.168.43.153|443|40240|musicstreaming
401|0|0.727936|1380|4|6|49.44.124.111|192.168.43.153|443|40240|musicstreaming
402|1|0.728012|32|4|6|192.168.43.153|49.44.124.111|40240|443|musicstreaming
403|0|0.731850|1380|4|6|49.44.124.111|192.168.43.153|443|40240|musicstreaming
404|0|0.734549|1380|4|6|49.44.124.111|192.168.43.153|443|40240|musicstreaming
405|1|0.734621|32|4|6|192.168.43.153|49.44.124.111|40240|443|musicstreaming
406|0|0.735832|1380|4|6|49.44.124.111|192.168.43.153|443|40240|musicstreaming
407|0|0.745313|1380|4|6|49.44.124.111|192.168.43.153|443|40240|musicstreaming
408|1|0.745332|32|4|6|192.168.43.153|49.44.124.111|40240|443|musicstreaming
409|0|0.745726|1380|4|6|49.44.124.111|192.168.43.153|443|40240|musicstreaming
410|0|0.748574|1380|4|6|49.44.124.111|192.168.43.153|443|40240|musicstreaming
411|1|0.748621|32|4|6|192.168.43.153|49.44.124.111|40240|443|musicstreaming
412|0|0.753316|1380|4|6|49.44.124.111|192.168.43.153|443|40240|musicstreaming
413|0|0.753622|1380|4|6|49.44.124.111|192.168.43.153|443|40240|musicstreaming
414|1|0.753652|32|4|6|192.168.43.153|49.44.124.111|40240|443|musicstreaming
415|0|0.757633|1380|4|6|49.44.124.111|192.168.43.153|443|40240|musicstreaming
416|0|0.757882|1380|4|6|49.44.124.111|192.168.43.153|443|40240|musicstreaming
417|0|0.758206|1380|4|6|49.44.124.111|192.168.43.153|443|40240|musicstreaming
418|1|0.758369|32|4|6|192.168.43.153|49.44.124.111|40240|443|musicstreaming
419|0|0.761647|1380|4|6|49.44.124.111|192.168.43.153|443|40240|musicstreaming
420|0|0.764448|1380|4|6|49.44.124.111|192.168.43.153|443|40240|musicstreaming
421|1|0.764503|32|4|6|192.168.43.153|49.44.124.111|40240|443|musicstreaming
422|0|0.767003|1380|4|6|49.44.124.111|192.168.43.153|443|40240|musicstreaming
423|0|0.769793|1380|4|6|49.44.124.111|192.168.43.153|443|40240|musicstreaming
424|1|0.769822|32|4|6|192.168.43.153|49.44.124.111|40240|443|musicstreaming
425|0|0.772903|1380|4|6|49.44.124.111|192.168.43.153|443|40240|musicstreaming
426|0|0.774357|1380|4|6|49.44.124.111|192.168.43.153|443|40240|musicstreaming
427|1|0.774400|32|4|6|192.168.43.153|49.44.124.111|40240|443|musicstreaming
428|0|0.777247|1380|4|6|49.44.124.111|192.168.43.153|443|40240|musicstreaming
429|0|0.777459|1380|4|6|49.44.124.111|192.168.43.153|443|40240|musicstreaming
430|1|0.777673|32|4|6|192.168.43.153|49.44.124.111|40240|443|musicstreaming
431|0|0.781692|1380|4|6|49.44.124.111|192.168.43.153|443|40240|musicstreaming
432|0|0.784225|1380|4|6|49.44.124.111|192.168.43.153|443|40240|musicstreaming
433|1|0.784293|32|4|6|192.168.43.153|49.44.124.111|40240|443|musicstreaming
434|0|0.785850|1380|4|6|49.44.124.111|192.168.43.153|443|40240|musicstreaming
435|0|0.788100|1380|4|6|49.44.124.111|192.168.43.153|443|40240|musicstreaming
436|1|0.788159|32|4|6|192.168.43.153|49.44.124.111|40240|443|musicstreaming
437|0|0.800224|1380|4|6|49.44.124.111|192.168.43.153|443|40240|musicstreaming
438|0|0.801625|1380|4|6|49.44.124.111|192.168.43.153|443|40240|musicstreaming
439|1|0.801663|32|4|6|192.168.43.153|49.44.124.111|40240|443|musicstreaming
440|0|0.801878|1380|4|6|49.44.124.111|192.168.43.153|443|40240|musicstreaming
441|0|0.808287|1380|4|6|49.44.124.111|192.168.43.153|443|40240|musicstreaming
442|1|0.808326|32|4|6|192.168.43.153|49.44.124.111|40240|443|musicstreaming
443|0|0.808600|1380|4|6|49.44.124.111|192.168.43.153|443|40240|musicstreaming
444|0|0.808730|1380|4|6|49.44.124.111|192.168.43.153|443|40240|musicstreaming
445|1|0.808753|32|4|6|192.168.43.153|49.44.124.111|40240|443|musicstreaming
446|0|0.808876|1380|4|6|49.44.124.111|192.168.43.153|443|40240|musicstreaming
447|0|0.811305|1380|4|6|49.44.124.111|192.168.43.153|443|40240|musicstreaming
448|1|0.811362|32|4|6|192.168.43.153|49.44.124.111|40240|443|musicstreaming
449|0|0.812748|1380|4|6|49.44.124.111|192.168.43.153|443|40240|musicstreaming
450|0|0.815694|1380|4|6|49.44.124.111|192.168.43.153|443|40240|musicstreaming
451|1|0.815734|32|4|6|192.168.43.153|49.44.124.111|40240|443|musicstreaming
452|0|0.818297|1380|4|6|49.44.124.111|192.168.43.153|443|40240|musicstreaming
453|0|0.820800|1380|4|6|49.44.124.111|192.168.43.153|443|40240|musicstreaming
454|1|0.820829|32|4|6|192.168.43.153|49.44.124.111|40240|443|musicstreaming
455|0|0.829234|1380|4|6|49.44.124.111|192.168.43.153|443|40240|musicstreaming
456|0|0.829564|1380|4|6|49.44.124.111|192.168.43.153|443|40240|musicstreaming
457|1|0.829675|32|4|6|192.168.43.153|49.44.124.111|40240|443|musicstreaming
458|0|0.829732|1380|4|6|49.44.124.111|192.168.43.153|443|40240|musicstreaming
459|0|0.829879|1380|4|6|49.44.124.111|192.168.43.153|443|40240|musicstreaming
460|1|0.829888|32|4|6|192.168.43.153|49.44.124.111|40240|443|musicstreaming
461|0|0.831113|1380|4|6|49.44.124.111|192.168.43.153|443|40240|musicstreaming
462|0|0.836553|1380|4|6|49.44.124.111|192.168.43.153|443|40240|musicstreaming
463|1|0.836596|32|4|6|192.168.43.153|49.44.124.111|40240|443|musicstreaming
464|0|0.838375|1380|4|6|49.44.124.111|192.168.43.153|443|40240|musicstreaming
465|0|0.842079|1380|4|6|49.44.124.111|192.168.43.153|443|40240|musicstreaming
466|1|0.842141|32|4|6|192.168.43.153|49.44.124.111|40240|443|musicstreaming
467|0|0.844828|1380|4|6|49.44.124.111|192.168.43.153|443|40240|musicstreaming
468|0|0.847821|1380|4|6|49.44.124.111|192.168.43.153|443|40240|musicstreaming
469|1|0.847844|32|4|6|192.168.43.153|49.44.124.111|40240|443|musicstreaming
470|0|0.848150|1380|4|6|49.44.124.111|192.168.43.153|443|40240|musicstreaming
471|0|0.851755|1380|4|6|49.44.124.111|192.168.43.153|443|40240|musicstreaming
472|1|0.851817|32|4|6|192.168.43.153|49.44.124.111|40240|443|musicstreaming
473|0|0.854520|1380|4|6|49.44.124.111|192.168.43.153|443|40240|musicstreaming
474|0|0.857411|1380|4|6|49.44.124.111|192.168.43.153|443|40240|musicstreaming
475|1|0.857491|32|4|6|192.168.43.153|49.44.124.111|40240|443|musicstreaming
476|0|0.858220|1380|4|6|49.44.124.111|192.168.43.153|443|40240|musicstreaming
477|0|0.861319|1380|4|6|49.44.124.111|192.168.43.153|443|40240|musicstreaming
478|1|0.861339|32|4|6|192.168.43.153|49.44.124.111|40240|443|musicstreaming
479|0|0.864016|1380|4|6|49.44.124.111|192.168.43.153|443|40240|musicstreaming
480|0|0.867018|1380|4|6|49.44.124.111|192.168.43.153|443|40240|musicstreaming
481|1|0.867038|32|4|6|192.168.43.153|49.44.124.111|40240|443|musicstreaming
482|0|0.868365|1380|4|6|49.44.124.111|192.168.43.153|443|40240|musicstreaming
483|0|0.872582|1380|4|6|49.44.124.111|192.168.43.153|443|40240|musicstreaming
484|1|0.872607|32|4|6|192.168.43.153|49.44.124.111|40240|443|musicstreaming
485|0|0.875453|1380|4|6|49.44.124.111|192.168.43.153|443|40240|musicstreaming
486|0|0.878234|1380|4|6|49.44.124.111|192.168.43.153|443|40240|musicstreaming
487|1|0.878265|32|4|6|192.168.43.153|49.44.124.111|40240|443|musicstreaming
488|0|0.882065|1380|4|6|49.44.124.111|192.168.43.153|443|40240|musicstreaming
489|0|0.883741|1380|4|6|49.44.124.111|192.168.43.153|443|40240|musicstreaming
490|1|0.883768|32|4|6|192.168.43.153|49.44.124.111|40240|443|musicstreaming
491|0|0.886355|1380|4|6|49.44.124.111|192.168.43.153|443|40240|musicstreaming
492|0|0.895721|1380|4|6|49.44.124.111|192.168.43.153|443|40240|musicstreaming
493|1|0.895750|32|4|6|192.168.43.153|49.44.124.111|40240|443|musicstreaming
494|0|0.898804|1380|4|6|49.44.124.111|192.168.43.153|443|40240|musicstreaming
495|0|0.901125|1380|4|6|49.44.124.111|192.168.43.153|443|40240|musicstreaming
496|1|0.901188|32|4|6|192.168.43.153|49.44.124.111|40240|443|musicstreaming
497|0|0.906497|1380|4|6|49.44.124.111|192.168.43.153|443|40240|musicstreaming
498|0|0.911845|1380|4|6|49.44.124.111|192.168.43.153|443|40240|musicstreaming
499|1|0.911905|32|4|6|192.168.43.153|49.44.124.111|40240|443|musicstreaming
500|0|0.912075|1380|4|6|49.44.124.111|192.168.43.153|443|40240|musicstreaming
501|0|0.912444|1380|4|6|49.44.124.111|192.168.43.153|443|40240|musicstreaming
502|1|0.912770|32|4|6|192.168.43.153|49.44.124.111|40240|443|musicstreaming
503|0|0.925244|1380|4|6|49.44.124.111|192.168.43.153|443|40240|musicstreaming
504|0|0.925764|1380|4|6|49.44.124.111|192.168.43.153|443|40240|musicstreaming
505|1|0.925796|32|4|6|192.168.43.153|49.44.124.111|40240|443|musicstreaming
506|0|0.926173|1380|4|6|49.44.124.111|192.168.43.153|443|40240|musicstreaming
507|0|0.927684|1380|4|6|49.44.124.111|192.168.43.153|443|40240|musicstreaming
508|1|0.927732|32|4|6|192.168.43.153|49.44.124.111|40240|443|musicstreaming
509|0|0.927963|1380|4|6|49.44.124.111|192.168.43.153|443|40240|musicstreaming
510|0|0.931675|1380|4|6|49.44.124.111|192.168.43.153|443|40240|musicstreaming
511|1|0.931719|32|4|6|192.168.43.153|49.44.124.111|40240|443|musicstreaming
512|0|0.933548|1380|4|6|49.44.124.111|192.168.43.153|443|40240|musicstreaming
513|0|0.943284|1380|4|6|49.44.124.111|192.168.43.153|443|40240|musicstreaming
514|1|0.943346|32|4|6|192.168.43.153|49.44.124.111|40240|443|musicstreaming
515|0|0.945589|1380|4|6|49.44.124.111|192.168.43.153|443|40240|musicstreaming
516|0|0.946061|1380|4|6|49.44.124.111|192.168.43.153|443|40240|musicstreaming
517|1|0.946072|32|4|6|192.168.43.153|49.44.124.111|40240|443|musicstreaming
518|0|0.949972|1380|4|6|49.44.124.111|192.168.43.153|443|40240|musicstreaming
519|0|0.950477|1380|4|6|49.44.124.111|192.168.43.153|443|40240|musicstreaming
520|0|0.950816|1380|4|6|49.44.124.111|192.168.43.153|443|40240|musicstreaming
521|1|0.951290|32|4|6|192.168.43.153|49.44.124.111|40240|443|musicstreaming
522|0|0.952273|1380|4|6|49.44.124.111|192.168.43.153|443|40240|musicstreaming
523|0|0.954172|1380|4|6|49.44.124.111|192.168.43.153|443|40240|musicstreaming
524|1|0.954201|32|4|6|192.168.43.153|49.44.124.111|40240|443|musicstreaming
525|0|0.957026|1380|4|6|49.44.124.111|192.168.43.153|443|40240|musicstreaming
526|0|0.960803|1380|4|6|49.44.124.111|192.168.43.153|443|40240|musicstreaming
527|1|0.960824|32|4|6|192.168.43.153|49.44.124.111|40240|443|musicstreaming
528|0|0.963573|1380|4|6|49.44.124.111|192.168.43.153|443|40240|musicstreaming
529|0|0.967809|1380|4|6|49.44.124.111|192.168.43.153|443|40240|musicstreaming
530|1|0.967883|32|4|6|192.168.43.153|49.44.124.111|40240|443|musicstreaming
531|0|0.969449|1380|4|6|49.44.124.111|192.168.43.153|443|40240|musicstreaming
532|0|0.972673|1380|4|6|49.44.124.111|192.168.43.153|443|40240|musicstreaming
533|1|0.972731|32|4|6|192.168.43.153|49.44.124.111|40240|443|musicstreaming
534|0|0.981706|1380|4|6|49.44.124.111|192.168.43.153|443|40240|musicstreaming
535|0|0.982034|1380|4|6|49.44.124.111|192.168.43.153|443|40240|musicstreaming
536|0|0.982155|1380|4|6|49.44.124.111|192.168.43.153|443|40240|musicstreaming
537|1|0.984458|32|4|6|192.168.43.153|49.44.124.111|40240|443|musicstreaming
538|0|0.990080|1380|4|6|49.44.124.111|192.168.43.153|443|40240|musicstreaming
539|0|0.991210|1380|4|6|49.44.124.111|192.168.43.153|443|40240|musicstreaming
540|1|0.991268|32|4|6|192.168.43.153|49.44.124.111|40240|443|musicstreaming
541|0|0.992931|1380|4|6|49.44.124.111|192.168.43.153|443|40240|musicstreaming
542|0|0.993935|1380|4|6|49.44.124.111|192.168.43.153|443|40240|musicstreaming
543|1|0.993962|32|4|6|192.168.43.153|49.44.124.111|40240|443|musicstreaming
544|0|0.998962|1380|4|6|49.44.124.111|192.168.43.153|443|40240|musicstreaming
545|0|0.999253|1380|4|6|49.44.124.111|192.168.43.153|443|40240|musicstreaming
546|1|0.999449|32|4|6|192.168.43.153|49.44.124.111|40240|443|musicstreaming
547|0|1.004347|1380|4|6|49.44.124.111|192.168.43.153|443|40240|musicstreaming
548|0|1.008073|1380|4|6|49.44.124.111|192.168.43.153|443|40240|musicstreaming
549|1|1.008111|32|4|6|192.168.43.153|49.44.124.111|40240|443|musicstreaming
550|0|1.019924|1380|4|6|49.44.124.111|192.168.43.153|443|40240|musicstreaming
551|0|1.021571|1380|4|6|49.44.124.111|192.168.43.153|443|40240|musicstreaming
552|1|1.021628|32|4|6|192.168.43.153|49.44.124.111|40240|443|musicstreaming
553|0|1.021915|1380|4|6|49.44.124.111|192.168.43.153|443|40240|musicstreaming
554|0|1.023133|1380|4|6|49.44.124.111|192.168.43.153|443|40240|musicstreaming
555|1|1.023189|32|4|6|192.168.43.153|49.44.124.111|40240|443|musicstreaming
556|0|1.025993|1380|4|6|49.44.124.111|192.168.43.153|443|40240|musicstreaming
557|0|1.028065|1380|4|6|49.44.124.111|192.168.43.153|443|40240|musicstreaming
558|1|1.028121|32|4|6|192.168.43.153|49.44.124.111|40240|443|musicstreaming
559|0|1.032743|1380|4|6|49.44.124.111|192.168.43.153|443|40240|musicstreaming
560|0|1.035452|1380|4|6|49.44.124.111|192.168.43.153|443|40240|musicstreaming
561|1|1.035498|32|4|6|192.168.43.153|49.44.124.111|40240|443|musicstreaming
562|0|1.037146|1380|4|6|49.44.124.111|192.168.43.153|443|40240|musicstreaming
563|0|1.042188|1380|4|6|49.44.124.111|192.168.43.153|443|40240|musicstreaming
564|1|1.042217|32|4|6|192.168.43.153|49.44.124.111|40240|443|musicstreaming
565|0|1.054350|1380|4|6|49.44.124.111|192.168.43.153|443|40240|musicstreaming
566|0|1.054675|1380|4|6|49.44.124.111|192.168.43.153|443|40240|musicstreaming
567|1|1.057357|32|4|6|192.168.43.153|49.44.124.111|40240|443|musicstreaming
568|0|1.058727|1380|4|6|49.44.124.111|192.168.43.153|443|40240|musicstreaming
569|0|1.062176|1380|4|6|49.44.124.111|192.168.43.153|443|40240|musicstreaming
570|1|1.062241|32|4|6|192.168.43.153|49.44.124.111|40240|443|musicstreaming
571|0|1.062356|1380|4|6|49.44.124.111|192.168.43.153|443|40240|musicstreaming
572|0|1.066365|1380|4|6|49.44.124.111|192.168.43.153|443|40240|musicstreaming
573|1|1.066405|32|4|6|192.168.43.153|49.44.124.111|40240|443|musicstreaming
574|0|1.076017|1380|4|6|49.44.124.111|192.168.43.153|443|40240|musicstreaming
575|0|1.079160|1380|4|6|49.44.124.111|192.168.43.153|443|40240|musicstreaming
576|1|1.079209|32|4|6|192.168.43.153|49.44.124.111|40240|443|musicstreaming
577|0|1.079307|1380|4|6|49.44.124.111|192.168.43.153|443|40240|musicstreaming
578|0|1.088322|1380|4|6|49.44.124.111|192.168.43.153|443|40240|musicstreaming
579|1|1.088386|32|4|6|192.168.43.153|49.44.124.111|40240|443|musicstreaming
580|0|1.092529|1380|4|6|49.44.124.111|192.168.43.153|443|40240|musicstreaming
581|0|1.095252|1380|4|6|49.44.124.111|192.168.43.153|443|40240|musicstreaming
582|1|1.095318|32|4|6|192.168.43.153|49.44.124.111|40240|443|musicstreaming
583|0|1.096776|1380|4|6|49.44.124.111|192.168.43.153|443|40240|musicstreaming
584|0|1.098300|1380|4|6|49.44.124.111|192.168.43.153|443|40240|musicstreaming
585|1|1.098334|32|4|6|192.168.43.153|49.44.124.111|40240|443|musicstreaming
586|0|1.102847|1380|4|6|49.44.124.111|192.168.43.153|443|40240|musicstreaming
587|0|1.106875|1380|4|6|49.44.124.111|192.168.43.153|443|40240|musicstreaming
588|1|1.106909|32|4|6|192.168.43.153|49.44.124.111|40240|443|musicstreaming
589|0|1.107933|1380|4|6|49.44.124.111|192.168.43.153|443|40240|musicstreaming
590|0|1.112191|1380|4|6|49.44.124.111|192.168.43.153|443|40240|musicstreaming
591|1|1.112215|32|4|6|192.168.43.153|49.44.124.111|40240|443|musicstreaming
592|0|1.113700|1380|4|6|49.44.124.111|192.168.43.153|443|40240|musicstreaming
593|0|1.115286|1380|4|6|49.44.124.111|192.168.43.153|443|40240|musicstreaming
594|1|1.115332|32|4|6|192.168.43.153|49.44.124.111|40240|443|musicstreaming
595|0|1.118353|1380|4|6|49.44.124.111|192.168.43.153|443|40240|musicstreaming
596|0|1.121114|1380|4|6|49.44.124.111|192.168.43.153|443|40240|musicstreaming
597|1|1.121184|32|4|6|192.168.43.153|49.44.124.111|40240|443|musicstreaming
598|0|1.122382|1380|4|6|49.44.124.111|192.168.43.153|443|40240|musicstreaming
599|0|1.124237|1380|4|6|49.44.124.111|192.168.43.153|443|40240|musicstreaming
600|1|1.124293|32|4|6|192.168.43.153|49.44.124.111|40240|443|musicstreaming
601|0|1.128244|1380|4|6|49.44.124.111|192.168.43.153|443|40240|musicstreaming
602|0|1.130886|1380|4|6|49.44.124.111|192.168.43.153|443|40240|musicstreaming
603|1|1.130939|32|4|6|192.168.43.153|49.44.124.111|40240|443|musicstreaming
604|0|1.133923|1380|4|6|49.44.124.111|192.168.43.153|443|40240|musicstreaming
605|0|1.144584|1380|4|6|49.44.124.111|192.168.43.153|443|40240|musicstreaming
606|1|1.144642|32|4|6|192.168.43.153|49.44.124.111|40240|443|musicstreaming
607|0|1.145701|1380|4|6|49.44.124.111|192.168.43.153|443|40240|musicstreaming
608|0|1.146098|1380|4|6|49.44.124.111|192.168.43.153|443|40240|musicstreaming
609|1|1.146124|32|4|6|192.168.43.153|49.44.124.111|40240|443|musicstreaming
610|0|1.148317|1380|4|6|49.44.124.111|192.168.43.153|443|40240|musicstreaming
611|0|1.148491|1380|4|6|49.44.124.111|192.168.43.153|443|40240|musicstreaming
612|0|1.148618|1380|4|6|49.44.124.111|192.168.43.153|443|40240|musicstreaming
613|1|1.148668|32|4|6|192.168.43.153|49.44.124.111|40240|443|musicstreaming
614|0|1.148788|1380|4|6|49.44.124.111|192.168.43.153|443|40240|musicstreaming
615|0|1.153441|1380|4|6|49.44.124.111|192.168.43.153|443|40240|musicstreaming
616|1|1.153474|32|4|6|192.168.43.153|49.44.124.111|40240|443|musicstreaming
617|0|1.155052|1380|4|6|49.44.124.111|192.168.43.153|443|40240|musicstreaming
618|0|1.157951|1380|4|6|49.44.124.111|192.168.43.153|443|40240|musicstreaming
619|1|1.158022|32|4|6|192.168.43.153|49.44.124.111|40240|443|musicstreaming
620|0|1.158192|1380|4|6|49.44.124.111|192.168.43.153|443|40240|musicstreaming
621|0|1.158343|1380|4|6|49.44.124.111|192.168.43.153|443|40240|musicstreaming
622|1|1.158361|32|4|6|192.168.43.153|49.44.124.111|40240|443|musicstreaming
623|0|1.161144|1380|4|6|49.44.124.111|192.168.43.153|443|40240|musicstreaming
624|0|1.162626|1380|4|6|49.44.124.111|192.168.43.153|443|40240|musicstreaming
625|1|1.162668|32|4|6|192.168.43.153|49.44.124.111|40240|443|musicstreaming
626|0|1.165729|1380|4|6|49.44.124.111|192.168.43.153|443|40240|musicstreaming
627|0|1.167489|1380|4|6|49.44.124.111|192.168.43.153|443|40240|musicstreaming
628|1|1.167504|32|4|6|192.168.43.153|49.44.124.111|40240|443|musicstreaming
629|0|1.171550|1380|4|6|49.44.124.111|192.168.43.153|443|40240|musicstreaming
630|0|1.174291|1380|4|6|49.44.124.111|192.168.43.153|443|40240|musicstreaming
631|1|1.174342|32|4|6|192.168.43.153|49.44.124.111|40240|443|musicstreaming
632|0|1.177187|1380|4|6|49.44.124.111|192.168.43.153|443|40240|musicstreaming
633|0|1.179950|1380|4|6|49.44.124.111|192.168.43.153|443|40240|musicstreaming
634|1|1.179989|32|4|6|192.168.43.153|49.44.124.111|40240|443|musicstreaming
635|0|1.180252|1380|4|6|49.44.124.111|192.168.43.153|443|40240|musicstreaming
636|0|1.181595|1380|4|6|49.44.124.111|192.168.43.153|443|40240|musicstreaming
637|1|1.181615|32|4|6|192.168.43.153|49.44.124.111|40240|443|musicstreaming
638|0|1.183428|1380|4|6|49.44.124.111|192.168.43.153|443|40240|musicstreaming
639|0|1.185152|1380|4|6|49.44.124.111|192.168.43.153|443|40240|musicstreaming
640|1|1.185200|32|4|6|192.168.43.153|49.44.124.111|40240|443|musicstreaming
641|0|1.185392|1380|4|6|49.44.124.111|192.168.43.153|443|40240|musicstreaming
642|0|1.186760|1380|4|6|49.44.124.111|192.168.43.153|443|40240|musicstreaming
643|1|1.186807|32|4|6|192.168.43.153|49.44.124.111|40240|443|musicstreaming
644|0|1.188531|1380|4|6|49.44.124.111|192.168.43.153|443|40240|musicstreaming
645|0|1.188893|1380|4|6|49.44.124.111|192.168.43.153|443|40240|musicstreaming
646|1|1.188917|32|4|6|192.168.43.153|49.44.124.111|40240|443|musicstreaming
647|0|1.191629|1380|4|6|49.44.124.111|192.168.43.153|443|40240|musicstreaming
648|0|1.201082|1380|4|6|49.44.124.111|192.168.43.153|443|40240|musicstreaming
649|1|1.201113|32|4|6|192.168.43.153|49.44.124.111|40240|443|musicstreaming
650|0|1.203939|1380|4|6|49.44.124.111|192.168.43.153|443|40240|musicstreaming
651|0|1.205405|1380|4|6|49.44.124.111|192.168.43.153|443|40240|musicstreaming
652|1|1.205443|32|4|6|192.168.43.153|49.44.124.111|40240|443|musicstreaming
653|0|1.208307|1380|4|6|49.44.124.111|192.168.43.153|443|40240|musicstreaming
654|0|1.208518|1380|4|6|49.44.124.111|192.168.43.153|443|40240|musicstreaming
655|1|1.208550|32|4|6|192.168.43.153|49.44.124.111|40240|443|musicstreaming
656|0|1.218410|1380|4|6|49.44.124.111|192.168.43.153|443|40240|musicstreaming
657|0|1.218690|1380|4|6|49.44.124.111|192.168.43.153|443|40240|musicstreaming
658|1|1.218716|32|4|6|192.168.43.153|49.44.124.111|40240|443|musicstreaming
659|0|1.218841|1380|4|6|49.44.124.111|192.168.43.153|443|40240|musicstreaming
660|0|1.219004|1380|4|6|49.44.124.111|192.168.43.153|443|40240|musicstreaming
661|1|1.219015|32|4|6|192.168.43.153|49.44.124.111|40240|443|musicstreaming
662|0|1.219164|1380|4|6|49.44.124.111|192.168.43.153|443|40240|musicstreaming
663|0|1.221189|1380|4|6|49.44.124.111|192.168.43.153|443|40240|musicstreaming
664|1|1.221227|32|4|6|192.168.43.153|49.44.124.111|40240|443|musicstreaming
665|0|1.223925|1380|4|6|49.44.124.111|192.168.43.153|443|40240|musicstreaming
666|0|1.228131|1380|4|6|49.44.124.111|192.168.43.153|443|40240|musicstreaming
667|1|1.228190|32|4|6|192.168.43.153|49.44.124.111|40240|443|musicstreaming
668|0|1.230886|1380|4|6|49.44.124.111|192.168.43.153|443|40240|musicstreaming
669|0|1.233884|1380|4|6|49.44.124.111|192.168.43.153|443|40240|musicstreaming
670|1|1.233915|32|4|6|192.168.43.153|49.44.124.111|40240|443|musicstreaming
671|0|1.236693|1380|4|6|49.44.124.111|192.168.43.153|443|40240|musicstreaming
672|0|1.238335|1380|4|6|49.44.124.111|192.168.43.153|443|40240|musicstreaming
673|1|1.238362|32|4|6|192.168.43.153|49.44.124.111|40240|443|musicstreaming
674|0|1.243531|1380|4|6|49.44.124.111|192.168.43.153|443|40240|musicstreaming
675|0|1.243781|1380|4|6|49.44.124.111|192.168.43.153|443|40240|musicstreaming
676|1|1.243792|32|4|6|192.168.43.153|49.44.124.111|40240|443|musicstreaming
677|0|1.246347|1380|4|6|49.44.124.111|192.168.43.153|443|40240|musicstreaming
678|0|1.257132|1380|4|6|49.44.124.111|192.168.43.153|443|40240|musicstreaming
679|1|1.257153|32|4|6|192.168.43.153|49.44.124.111|40240|443|musicstreaming
680|0|1.258216|1380|4|6|49.44.124.111|192.168.43.153|443|40240|musicstreaming
681|0|1.258216|1380|4|6|49.44.124.111|192.168.43.153|443|40240|musicstreaming
682|0|1.258216|1380|4|6|49.44.124.111|192.168.43.153|443|40240|musicstreaming
683|1|1.258322|32|4|6|192.168.43.153|49.44.124.111|40240|443|musicstreaming
684|0|1.258367|1380|4|6|49.44.124.111|192.168.43.153|443|40240|musicstreaming
685|0|1.258530|1380|4|6|49.44.124.111|192.168.43.153|443|40240|musicstreaming
686|1|1.258575|32|4|6|192.168.43.153|49.44.124.111|40240|443|musicstreaming
687|0|1.262918|1380|4|6|49.44.124.111|192.168.43.153|443|40240|musicstreaming
688|0|1.264134|1380|4|6|49.44.124.111|192.168.43.153|443|40240|musicstreaming
689|1|1.264148|32|4|6|192.168.43.153|49.44.124.111|40240|443|musicstreaming
690|0|1.273613|1380|4|6|49.44.124.111|192.168.43.153|443|40240|musicstreaming
691|0|1.273983|1380|4|6|49.44.124.111|192.168.43.153|443|40240|musicstreaming
692|1|1.274001|32|4|6|192.168.43.153|49.44.124.111|40240|443|musicstreaming
693|0|1.274133|1380|4|6|49.44.124.111|192.168.43.153|443|40240|musicstreaming
694|0|1.274294|1380|4|6|49.44.124.111|192.168.43.153|443|40240|musicstreaming
695|1|1.274320|32|4|6|192.168.43.153|49.44.124.111|40240|443|musicstreaming
696|0|1.275726|1380|4|6|49.44.124.111|192.168.43.153|443|40240|musicstreaming
697|0|1.276830|1380|4|6|49.44.124.111|192.168.43.153|443|40240|musicstreaming
698|1|1.276859|32|4|6|192.168.43.153|49.44.124.111|40240|443|musicstreaming
699|0|1.278057|1380|4|6|49.44.124.111|192.168.43.153|443|40240|musicstreaming
700|0|1.280958|1380|4|6|49.44.124.111|192.168.43.153|443|40240|musicstreaming
701|1|1.280976|32|4|6|192.168.43.153|49.44.124.111|40240|443|musicstreaming
702|0|1.289405|1380|4|6|49.44.124.111|192.168.43.153|443|40240|musicstreaming
703|0|1.293009|1380|4|6|49.44.124.111|192.168.43.153|443|40240|musicstreaming
704|1|1.293029|32|4|6|192.168.43.153|49.44.124.111|40240|443|musicstreaming
705|0|1.293328|1380|4|6|49.44.124.111|192.168.43.153|443|40240|musicstreaming
706|0|1.294614|1380|4|6|49.44.124.111|192.168.43.153|443|40240|musicstreaming
707|1|1.294628|32|4|6|192.168.43.153|49.44.124.111|40240|443|musicstreaming
708|0|1.294878|1380|4|6|49.44.124.111|192.168.43.153|443|40240|musicstreaming
709|0|1.295035|1380|4|6|49.44.124.111|192.168.43.153|443|40240|musicstreaming
710|1|1.295040|32|4|6|192.168.43.153|49.44.124.111|40240|443|musicstreaming
711|0|1.305993|1380|4|6|49.44.124.111|192.168.43.153|443|40240|musicstreaming
712|0|1.308055|1380|4|6|49.44.124.111|192.168.43.153|443|40240|musicstreaming
713|1|1.308082|32|4|6|192.168.43.153|49.44.124.111|40240|443|musicstreaming
714|0|1.309678|1380|4|6|49.44.124.111|192.168.43.153|443|40240|musicstreaming
715|0|1.309902|1380|4|6|49.44.124.111|192.168.43.153|443|40240|musicstreaming
716|1|1.309938|32|4|6|192.168.43.153|49.44.124.111|40240|443|musicstreaming
717|0|1.310045|1380|4|6|49.44.124.111|192.168.43.153|443|40240|musicstreaming
718|0|1.310204|1380|4|6|49.44.124.111|192.168.43.153|443|40240|musicstreaming
719|1|1.310358|32|4|6|192.168.43.153|49.44.124.111|40240|443|musicstreaming
720|0|1.311745|1380|4|6|49.44.124.111|192.168.43.153|443|40240|musicstreaming
721|0|1.314367|1380|4|6|49.44.124.111|192.168.43.153|443|40240|musicstreaming
722|1|1.314385|32|4|6|192.168.43.153|49.44.124.111|40240|443|musicstreaming
723|0|1.317361|1380|4|6|49.44.124.111|192.168.43.153|443|40240|musicstreaming
724|0|1.319823|1380|4|6|49.44.124.111|192.168.43.153|443|40240|musicstreaming
725|1|1.319883|32|4|6|192.168.43.153|49.44.124.111|40240|443|musicstreaming
726|0|1.321069|1380|4|6|49.44.124.111|192.168.43.153|443|40240|musicstreaming
727|0|1.323903|1380|4|6|49.44.124.111|192.168.43.153|443|40240|musicstreaming
728|1|1.323965|32|4|6|192.168.43.153|49.44.124.111|40240|443|musicstreaming
729|0|1.326670|1380|4|6|49.44.124.111|192.168.43.153|443|40240|musicstreaming
730|0|1.328081|1380|4|6|49.44.124.111|192.168.43.153|443|40240|musicstreaming
731|1|1.328136|32|4|6|192.168.43.153|49.44.124.111|40240|443|musicstreaming
732|0|1.330704|1380|4|6|49.44.124.111|192.168.43.153|443|40240|musicstreaming
733|0|1.332293|1380|4|6|49.44.124.111|192.168.43.153|443|40240|musicstreaming
734|1|1.332328|32|4|6|192.168.43.153|49.44.124.111|40240|443|musicstreaming
735|0|1.335194|1380|4|6|49.44.124.111|192.168.43.153|443|40240|musicstreaming
736|0|1.335395|1380|4|6|49.44.124.111|192.168.43.153|443|40240|musicstreaming
737|1|1.335431|32|4|6|192.168.43.153|49.44.124.111|40240|443|musicstreaming
738|0|1.336584|1380|4|6|49.44.124.111|192.168.43.153|443|40240|musicstreaming
739|0|1.340955|1380|4|6|49.44.124.111|192.168.43.153|443|40240|musicstreaming
740|1|1.340998|32|4|6|192.168.43.153|49.44.124.111|40240|443|musicstreaming
741|0|1.341303|1380|4|6|49.44.124.111|192.168.43.153|443|40240|musicstreaming
742|0|1.343804|1380|4|6|49.44.124.111|192.168.43.153|443|40240|musicstreaming
743|1|1.343845|32|4|6|192.168.43.153|49.44.124.111|40240|443|musicstreaming
744|0|1.344011|1380|4|6|49.44.124.111|192.168.43.153|443|40240|musicstreaming
745|0|1.346553|1380|4|6|49.44.124.111|192.168.43.153|443|40240|musicstreaming
746|1|1.346609|32|4|6|192.168.43.153|49.44.124.111|40240|443|musicstreaming
747|0|1.355885|1380|4|6|49.44.124.111|192.168.43.153|443|40240|musicstreaming
748|0|1.357472|1380|4|6|49.44.124.111|192.168.43.153|443|40240|musicstreaming
749|1|1.357510|32|4|6|192.168.43.153|49.44.124.111|40240|443|musicstreaming
750|0|1.357736|1380|4|6|49.44.124.111|192.168.43.153|443|40240|musicstreaming
751|0|1.360380|1380|4|6|49.44.124.111|192.168.43.153|443|40240|musicstreaming
752|1|1.360454|32|4|6|192.168.43.153|49.44.124.111|40240|443|musicstreaming
753|0|1.364621|1380|4|6|49.44.124.111|192.168.43.153|443|40240|musicstreaming
754|0|1.365018|1380|4|6|49.44.124.111|192.168.43.153|443|40240|musicstreaming
755|1|1.365049|32|4|6|192.168.43.153|49.44.124.111|40240|443|musicstreaming
756|0|1.365154|1380|4|6|49.44.124.111|192.168.43.153|443|40240|musicstreaming
757|0|1.365325|1380|4|6|49.44.124.111|192.168.43.153|443|40240|musicstreaming
758|1|1.365344|32|4|6|192.168.43.153|49.44.124.111|40240|443|musicstreaming
759|0|1.365476|1380|4|6|49.44.124.111|192.168.43.153|443|40240|musicstreaming
760|0|1.366660|1380|4|6|49.44.124.111|192.168.43.153|443|40240|musicstreaming
761|1|1.366726|32|4|6|192.168.43.153|49.44.124.111|40240|443|musicstreaming
762|0|1.368347|1380|4|6|49.44.124.111|192.168.43.153|443|40240|musicstreaming
763|0|1.370619|1380|4|6|49.44.124.111|192.168.43.153|443|40240|musicstreaming
764|1|1.370666|32|4|6|192.168.43.153|49.44.124.111|40240|443|musicstreaming
765|0|1.372187|1380|4|6|49.44.124.111|192.168.43.153|443|40240|musicstreaming
766|0|1.375044|1380|4|6|49.44.124.111|192.168.43.153|443|40240|musicstreaming
767|1|1.375098|32|4|6|192.168.43.153|49.44.124.111|40240|443|musicstreaming
768|0|1.375294|1380|4|6|49.44.124.111|192.168.43.153|443|40240|musicstreaming
769|0|1.378232|1380|4|6|49.44.124.111|192.168.43.153|443|40240|musicstreaming
770|1|1.378254|32|4|6|192.168.43.153|49.44.124.111|40240|443|musicstreaming
771|0|1.388427|1380|4|6|49.44.124.111|192.168.43.153|443|40240|musicstreaming
772|0|1.388627|1380|4|6|49.44.124.111|192.168.43.153|443|40240|musicstreaming
773|1|1.388694|32|4|6|192.168.43.153|49.44.124.111|40240|443|musicstreaming
774|0|1.388763|1380|4|6|49.44.124.111|192.168.43.153|443|40240|musicstreaming
775|0|1.392565|1380|4|6|49.44.124.111|192.168.43.153|443|40240|musicstreaming
776|1|1.392607|32|4|6|192.168.43.153|49.44.124.111|40240|443|musicstreaming
777|0|1.393014|1380|4|6|49.44.124.111|192.168.43.153|443|40240|musicstreaming
778|0|1.396622|1380|4|6|49.44.124.111|192.168.43.153|443|40240|musicstreaming
779|1|1.396666|32|4|6|192.168.43.153|49.44.124.111|40240|443|musicstreaming
780|0|1.397046|1380|4|6|49.44.124.111|192.168.43.153|443|40240|musicstreaming
781|0|1.398190|1380|4|6|49.44.124.111|192.168.43.153|443|40240|musicstreaming
782|1|1.398233|32|4|6|192.168.43.153|49.44.124.111|40240|443|musicstreaming
783|0|1.401719|1380|4|6|49.44.124.111|192.168.43.153|443|40240|musicstreaming
784|0|1.403070|1380|4|6|49.44.124.111|192.168.43.153|443|40240|musicstreaming
785|1|1.403138|32|4|6|192.168.43.153|49.44.124.111|40240|443|musicstreaming
786|0|1.403287|1380|4|6|49.44.124.111|192.168.43.153|443|40240|musicstreaming
787|0|1.409666|1380|4|6|49.44.124.111|192.168.43.153|443|40240|musicstreaming
788|1|1.409693|32|4|6|192.168.43.153|49.44.124.111|40240|443|musicstreaming
789|0|1.409908|1380|4|6|49.44.124.111|192.168.43.153|443|40240|musicstreaming
790|0|1.412556|1380|4|6|49.44.124.111|192.168.43.153|443|40240|musicstreaming
791|1|1.412606|32|4|6|192.168.43.153|49.44.124.111|40240|443|musicstreaming
792|0|1.412797|1380|4|6|49.44.124.111|192.168.43.153|443|40240|musicstreaming
793|0|1.412949|1380|4|6|49.44.124.111|192.168.43.153|443|40240|musicstreaming
794|1|1.412959|32|4|6|192.168.43.153|49.44.124.111|40240|443|musicstreaming
795|0|1.418464|1380|4|6|49.44.124.111|192.168.43.153|443|40240|musicstreaming
796|0|1.418756|1380|4|6|49.44.124.111|192.168.43.153|443|40240|musicstreaming
797|1|1.418771|32|4|6|192.168.43.153|49.44.124.111|40240|443|musicstreaming
798|0|1.418912|1380|4|6|49.44.124.111|192.168.43.153|443|40240|musicstreaming
799|0|1.425249|1380|4|6|49.44.124.111|192.168.43.153|443|40240|musicstreaming
800|1|1.425308|32|4|6|192.168.43.153|49.44.124.111|40240|443|musicstreaming
801|0|1.425510|1380|4|6|49.44.124.111|192.168.43.153|443|40240|musicstreaming
802|0|1.425664|1380|4|6|49.44.124.111|192.168.43.153|443|40240|musicstreaming
803|1|1.425674|32|4|6|192.168.43.153|49.44.124.111|40240|443|musicstreaming
804|0|1.425822|1380|4|6|49.44.124.111|192.168.43.153|443|40240|musicstreaming
805|0|1.425981|1380|4|6|49.44.124.111|192.168.43.153|443|40240|musicstreaming
806|1|1.425992|32|4|6|192.168.43.153|49.44.124.111|40240|443|musicstreaming
807|0|1.428014|1380|4|6|49.44.124.111|192.168.43.153|443|40240|musicstreaming
808|0|1.428378|1380|4|6|49.44.124.111|192.168.43.153|443|40240|musicstreaming
809|1|1.428419|32|4|6|192.168.43.153|49.44.124.111|40240|443|musicstreaming
810|0|1.438794|1380|4|6|49.44.124.111|192.168.43.153|443|40240|musicstreaming
811|0|1.441682|1380|4|6|49.44.124.111|192.168.43.153|443|40240|musicstreaming
812|1|1.441732|32|4|6|192.168.43.153|49.44.124.111|40240|443|musicstreaming
813|0|1.444427|1380|4|6|49.44.124.111|192.168.43.153|443|40240|musicstreaming
814|0|1.444669|1380|4|6|49.44.124.111|192.168.43.153|443|40240|musicstreaming
815|1|1.444690|32|4|6|192.168.43.153|49.44.124.111|40240|443|musicstreaming
816|0|1.448241|1380|4|6|49.44.124.111|192.168.43.153|443|40240|musicstreaming
817|0|1.448541|1380|4|6|49.44.124.111|192.168.43.153|443|40240|musicstreaming
818|1|1.448571|32|4|6|192.168.43.153|49.44.124.111|40240|443|musicstreaming
819|0|1.448689|1380|4|6|49.44.124.111|192.168.43.153|443|40240|musicstreaming
820|0|1.448853|1380|4|6|49.44.124.111|192.168.43.153|443|40240|musicstreaming
821|1|1.448865|32|4|6|192.168.43.153|49.44.124.111|40240|443|musicstreaming
822|0|1.475674|1380|4|6|49.44.124.111|192.168.43.153|443|40240|musicstreaming
823|0|1.475834|1380|4|6|49.44.124.111|192.168.43.153|443|40240|musicstreaming
824|1|1.475840|32|4|6|192.168.43.153|49.44.124.111|40240|443|musicstreaming
825|0|1.475992|1380|4|6|49.44.124.111|192.168.43.153|443|40240|musicstreaming
826|0|1.476157|1380|4|6|49.44.124.111|192.168.43.153|443|40240|musicstreaming
827|1|1.476162|32|4|6|192.168.43.153|49.44.124.111|40240|443|musicstreaming
828|0|1.476340|1380|4|6|49.44.124.111|192.168.43.153|443|40240|musicstreaming
829|0|1.476488|1380|4|6|49.44.124.111|192.168.43.153|443|40240|musicstreaming
830|1|1.476512|32|4|6|192.168.43.153|49.44.124.111|40240|443|musicstreaming
831|0|1.476651|1380|4|6|49.44.124.111|192.168.43.153|443|40240|musicstreaming
832|0|1.477768|1380|4|6|49.44.124.111|192.168.43.153|443|40240|musicstreaming
833|1|1.477809|32|4|6|192.168.43.153|49.44.124.111|40240|443|musicstreaming
834|0|1.477869|1380|4|6|49.44.124.111|192.168.43.153|443|40240|musicstreaming
835|0|1.480356|1380|4|6|49.44.124.111|192.168.43.153|443|40240|musicstreaming
836|1|1.480374|32|4|6|192.168.43.153|49.44.124.111|40240|443|musicstreaming
837|0|1.481855|1380|4|6|49.44.124.111|192.168.43.153|443|40240|musicstreaming
838|0|1.485254|1380|4|6|49.44.124.111|192.168.43.153|443|40240|musicstreaming
839|1|1.485281|32|4|6|192.168.43.153|49.44.124.111|40240|443|musicstreaming
840|0|1.488255|1380|4|6|49.44.124.111|192.168.43.153|443|40240|musicstreaming
841|0|1.491743|1380|4|6|49.44.124.111|192.168.43.153|443|40240|musicstreaming
842|1|1.491772|32|4|6|192.168.43.153|49.44.124.111|40240|443|musicstreaming
843|0|1.494714|1380|4|6|49.44.124.111|192.168.43.153|443|40240|musicstreaming
844|1|1.494776|32|4|6|192.168.43.153|49.44.124.111|40240|443|musicstreaming
845|0|1.497659|1380|4|6|49.44.124.111|192.168.43.153|443|40240|musicstreaming
846|1|1.497690|32|4|6|192.168.43.153|49.44.124.111|40240|443|musicstreaming
847|0|1.498019|1380|4|6|49.44.124.111|192.168.43.153|443|40240|musicstreaming
848|1|1.498041|32|4|6|192.168.43.153|49.44.124.111|40240|443|musicstreaming
849|0|1.501858|1380|4|6|49.44.124.111|192.168.43.153|443|40240|musicstreaming
850|1|1.501901|32|4|6|192.168.43.153|49.44.124.111|40240|443|musicstreaming
851|0|1.502388|1380|4|6|49.44.124.111|192.168.43.153|443|40240|musicstreaming
852|1|1.502395|32|4|6|192.168.43.153|49.44.124.111|40240|443|musicstreaming
853|0|1.507561|1380|4|6|49.44.124.111|192.168.43.153|443|40240|musicstreaming
854|1|1.507619|32|4|6|192.168.43.153|49.44.124.111|40240|443|musicstreaming
855|0|1.508343|1380|4|6|49.44.124.111|192.168.43.153|443|40240|musicstreaming
856|1|1.508384|32|4|6|192.168.43.153|49.44.124.111|40240|443|musicstreaming
857|0|1.511310|1380|4|6|49.44.124.111|192.168.43.153|443|40240|musicstreaming
858|1|1.511356|32|4|6|192.168.43.153|49.44.124.111|40240|443|musicstreaming
859|0|1.512558|1380|4|6|49.44.124.111|192.168.43.153|443|40240|musicstreaming
860|1|1.512599|32|4|6|192.168.43.153|49.44.124.111|40240|443|musicstreaming
861|0|1.524848|1380|4|6|49.44.124.111|192.168.43.153|443|40240|musicstreaming
862|1|1.524878|32|4|6|192.168.43.153|49.44.124.111|40240|443|musicstreaming
863|0|1.525174|1380|4|6|49.44.124.111|192.168.43.153|443|40240|musicstreaming
864|1|1.525183|32|4|6|192.168.43.153|49.44.124.111|40240|443|musicstreaming
865|0|1.525331|1380|4|6|49.44.124.111|192.168.43.153|443|40240|musicstreaming
866|1|1.525336|32|4|6|192.168.43.153|49.44.124.111|40240|443|musicstreaming
867|0|1.525487|1380|4|6|49.44.124.111|192.168.43.153|443|40240|musicstreaming
868|1|1.525492|32|4|6|192.168.43.153|49.44.124.111|40240|443|musicstreaming
869|0|1.526545|1380|4|6|49.44.124.111|192.168.43.153|443|40240|musicstreaming
870|1|1.526576|32|4|6|192.168.43.153|49.44.124.111|40240|443|musicstreaming
871|0|1.528243|1380|4|6|49.44.124.111|192.168.43.153|443|40240|musicstreaming
872|1|1.528304|32|4|6|192.168.43.153|49.44.124.111|40240|443|musicstreaming
873|0|1.532612|1380|4|6|49.44.124.111|192.168.43.153|443|40240|musicstreaming
874|1|1.532672|32|4|6|192.168.43.153|49.44.124.111|40240|443|musicstreaming
875|0|1.533522|1380|4|6|49.44.124.111|192.168.43.153|443|40240|musicstreaming
876|1|1.533633|32|4|6|192.168.43.153|49.44.124.111|40240|443|musicstreaming
877|0|1.537212|1380|4|6|49.44.124.111|192.168.43.153|443|40240|musicstreaming
878|1|1.537257|32|4|6|192.168.43.153|49.44.124.111|40240|443|musicstreaming
879|0|1.539048|1380|4|6|49.44.124.111|192.168.43.153|443|40240|musicstreaming
880|0|1.541367|1380|4|6|49.44.124.111|192.168.43.153|443|40240|musicstreaming
881|1|1.541447|32|4|6|192.168.43.153|49.44.124.111|40240|443|musicstreaming
882|0|1.543017|1380|4|6|49.44.124.111|192.168.43.153|443|40240|musicstreaming
883|0|1.548117|1380|4|6|49.44.124.111|192.168.43.153|443|40240|musicstreaming
884|1|1.548165|32|4|6|192.168.43.153|49.44.124.111|40240|443|musicstreaming
885|0|1.553925|1380|4|6|49.44.124.111|192.168.43.153|443|40240|musicstreaming
886|0|1.557671|1380|4|6|49.44.124.111|192.168.43.153|443|40240|musicstreaming
887|1|1.557725|32|4|6|192.168.43.153|49.44.124.111|40240|443|musicstreaming
888|0|1.559222|1380|4|6|49.44.124.111|192.168.43.153|443|40240|musicstreaming
889|0|1.559519|1380|4|6|49.44.124.111|192.168.43.153|443|40240|musicstreaming
890|1|1.559536|32|4|6|192.168.43.153|49.44.124.111|40240|443|musicstreaming
891|0|1.562140|1380|4|6|49.44.124.111|192.168.43.153|443|40240|musicstreaming
892|0|1.564729|1380|4|6|49.44.124.111|192.168.43.153|443|40240|musicstreaming
893|1|1.564798|32|4|6|192.168.43.153|49.44.124.111|40240|443|musicstreaming
894|0|1.567448|1380|4|6|49.44.124.111|192.168.43.153|443|40240|musicstreaming
895|0|1.568673|1380|4|6|49.44.124.111|192.168.43.153|443|40240|musicstreaming
896|1|1.568706|32|4|6|192.168.43.153|49.44.124.111|40240|443|musicstreaming
897|0|1.572381|1380|4|6|49.44.124.111|192.168.43.153|443|40240|musicstreaming
898|0|1.575367|1380|4|6|49.44.124.111|192.168.43.153|443|40240|musicstreaming
899|1|1.575413|32|4|6|192.168.43.153|49.44.124.111|40240|443|musicstreaming
900|0|1.575732|1380|4|6|49.44.124.111|192.168.43.153|443|40240|musicstreaming
901|0|1.578208|1380|4|6|49.44.124.111|192.168.43.153|443|40240|musicstreaming
902|1|1.578254|32|4|6|192.168.43.153|49.44.124.111|40240|443|musicstreaming
903|0|1.581386|1380|4|6|49.44.124.111|192.168.43.153|443|40240|musicstreaming
904|0|1.581703|1380|4|6|49.44.124.111|192.168.43.153|443|40240|musicstreaming
905|1|1.581715|32|4|6|192.168.43.153|49.44.124.111|40240|443|musicstreaming
906|0|1.585340|1380|4|6|49.44.124.111|192.168.43.153|443|40240|musicstreaming
907|0|1.585633|1380|4|6|49.44.124.111|192.168.43.153|443|40240|musicstreaming
908|1|1.585649|32|4|6|192.168.43.153|49.44.124.111|40240|443|musicstreaming
909|0|1.588078|1380|4|6|49.44.124.111|192.168.43.153|443|40240|musicstreaming
910|0|1.592250|1380|4|6|49.44.124.111|192.168.43.153|443|40240|musicstreaming
911|1|1.592310|32|4|6|192.168.43.153|49.44.124.111|40240|443|musicstreaming
912|0|1.595050|1380|4|6|49.44.124.111|192.168.43.153|443|40240|musicstreaming
913|0|1.596525|1380|4|6|49.44.124.111|192.168.43.153|443|40240|musicstreaming
914|1|1.596564|32|4|6|192.168.43.153|49.44.124.111|40240|443|musicstreaming
915|0|1.598064|1380|4|6|49.44.124.111|192.168.43.153|443|40240|musicstreaming
916|0|1.608091|1380|4|6|49.44.124.111|192.168.43.153|443|40240|musicstreaming
917|1|1.608111|32|4|6|192.168.43.153|49.44.124.111|40240|443|musicstreaming
918|0|1.608349|1380|4|6|49.44.124.111|192.168.43.153|443|40240|musicstreaming
919|0|1.610609|1380|4|6|49.44.124.111|192.168.43.153|443|40240|musicstreaming
920|1|1.610662|32|4|6|192.168.43.153|49.44.124.111|40240|443|musicstreaming
921|0|1.611938|1380|4|6|49.44.124.111|192.168.43.153|443|40240|musicstreaming
922|0|1.613176|1380|4|6|49.44.124.111|192.168.43.153|443|40240|musicstreaming
923|1|1.613226|32|4|6|192.168.43.153|49.44.124.111|40240|443|musicstreaming
924|0|1.614557|1380|4|6|49.44.124.111|192.168.43.153|443|40240|musicstreaming
925|0|1.615963|1380|4|6|49.44.124.111|192.168.43.153|443|40240|musicstreaming
926|1|1.615994|32|4|6|192.168.43.153|49.44.124.111|40240|443|musicstreaming
927|0|1.617400|1380|4|6|49.44.124.111|192.168.43.153|443|40240|musicstreaming
928|0|1.651425|1380|4|6|49.44.124.111|192.168.43.153|443|40240|musicstreaming
929|1|1.651492|32|4|6|192.168.43.153|49.44.124.111|40240|443|musicstreaming
930|0|1.652894|1380|4|6|49.44.124.111|192.168.43.153|443|40240|musicstreaming
931|0|1.655666|1380|4|6|49.44.124.111|192.168.43.153|443|40240|musicstreaming
932|1|1.655690|32|4|6|192.168.43.153|49.44.124.111|40240|443|musicstreaming
933|0|1.656047|1380|4|6|49.44.124.111|192.168.43.153|443|40240|musicstreaming
934|0|1.658294|1380|4|6|49.44.124.111|192.168.43.153|443|40240|musicstreaming
935|1|1.658326|32|4|6|192.168.43.153|49.44.124.111|40240|443|musicstreaming
936|0|1.660475|1380|4|6|49.44.124.111|192.168.43.153|443|40240|musicstreaming
937|0|1.661150|1380|4|6|49.44.124.111|192.168.43.153|443|40240|musicstreaming
938|1|1.661190|32|4|6|192.168.43.153|49.44.124.111|40240|443|musicstreaming
939|0|1.662659|1380|4|6|49.44.124.111|192.168.43.153|443|40240|musicstreaming
940|0|1.667191|1380|4|6|49.44.124.111|192.168.43.153|443|40240|musicstreaming
941|1|1.667225|32|4|6|192.168.43.153|49.44.124.111|40240|443|musicstreaming
942|0|1.667933|1380|4|6|49.44.124.111|192.168.43.153|443|40240|musicstreaming
943|0|1.668693|1380|4|6|49.44.124.111|192.168.43.153|443|40240|musicstreaming
944|1|1.668721|32|4|6|192.168.43.153|49.44.124.111|40240|443|musicstreaming
945|0|1.686615|1380|4|6|49.44.124.111|192.168.43.153|443|40240|musicstreaming
946|0|1.686902|1380|4|6|49.44.124.111|192.168.43.153|443|40240|musicstreaming
947|1|1.686922|32|4|6|192.168.43.153|49.44.124.111|40240|443|musicstreaming
948|0|1.688729|1380|4|6|49.44.124.111|192.168.43.153|443|40240|musicstreaming
949|0|1.689853|1380|4|6|49.44.124.111|192.168.43.153|443|40240|musicstreaming
950|1|1.689905|32|4|6|192.168.43.153|49.44.124.111|40240|443|musicstreaming
951|0|1.690191|1380|4|6|49.44.124.111|192.168.43.153|443|40240|musicstreaming
952|0|1.698442|1380|4|6|49.44.124.111|192.168.43.153|443|40240|musicstreaming
953|1|1.698488|32|4|6|192.168.43.153|49.44.124.111|40240|443|musicstreaming
954|0|1.698742|1380|4|6|49.44.124.111|192.168.43.153|443|40240|musicstreaming
955|0|1.698895|1380|4|6|49.44.124.111|192.168.43.153|443|40240|musicstreaming
956|1|1.698905|32|4|6|192.168.43.153|49.44.124.111|40240|443|musicstreaming
957|0|1.699037|1380|4|6|49.44.124.111|192.168.43.153|443|40240|musicstreaming
958|0|1.699571|1380|4|6|49.44.124.111|192.168.43.153|443|40240|musicstreaming
959|1|1.699592|32|4|6|192.168.43.153|49.44.124.111|40240|443|musicstreaming
960|0|1.699721|1380|4|6|49.44.124.111|192.168.43.153|443|40240|musicstreaming
961|0|1.702116|1380|4|6|49.44.124.111|192.168.43.153|443|40240|musicstreaming
962|1|1.702173|32|4|6|192.168.43.153|49.44.124.111|40240|443|musicstreaming
963|0|1.702691|1380|4|6|49.44.124.111|192.168.43.153|443|40240|musicstreaming
964|0|1.704727|1380|4|6|49.44.124.111|192.168.43.153|443|40240|musicstreaming
965|1|1.704772|32|4|6|192.168.43.153|49.44.124.111|40240|443|musicstreaming
966|0|1.705181|1380|4|6|49.44.124.111|192.168.43.153|443|40240|musicstreaming
967|0|1.706430|1380|4|6|49.44.124.111|192.168.43.153|443|40240|musicstreaming
968|1|1.706453|32|4|6|192.168.43.153|49.44.124.111|40240|443|musicstreaming
969|0|1.726323|1380|4|6|49.44.124.111|192.168.43.153|443|40240|musicstreaming
970|0|1.730566|1380|4|6|49.44.124.111|192.168.43.153|443|40240|musicstreaming
971|1|1.730617|32|4|6|192.168.43.153|49.44.124.111|40240|443|musicstreaming
972|0|1.731099|1380|4|6|49.44.124.111|192.168.43.153|443|40240|musicstreaming
973|0|1.739668|1380|4|6|49.44.124.111|192.168.43.153|443|40240|musicstreaming
974|1|1.739688|32|4|6|192.168.43.153|49.44.124.111|40240|443|musicstreaming
975|0|1.739987|1380|4|6|49.44.124.111|192.168.43.153|443|40240|musicstreaming
976|0|1.740148|1380|4|6|49.44.124.111|192.168.43.153|443|40240|musicstreaming
977|1|1.740155|32|4|6|192.168.43.153|49.44.124.111|40240|443|musicstreaming
978|0|1.740304|1380|4|6|49.44.124.111|192.168.43.153|443|40240|musicstreaming
979|0|1.745258|1380|4|6|49.44.124.111|192.168.43.153|443|40240|musicstreaming
980|1|1.745278|32|4|6|192.168.43.153|49.44.124.111|40240|443|musicstreaming
981|0|1.745607|1380|4|6|49.44.124.111|192.168.43.153|443|40240|musicstreaming
982|0|1.745763|1380|4|6|49.44.124.111|192.168.43.153|443|40240|musicstreaming
983|1|1.745770|32|4|6|192.168.43.153|49.44.124.111|40240|443|musicstreaming
984|0|1.753189|1380|4|6|49.44.124.111|192.168.43.153|443|40240|musicstreaming
985|0|1.753728|1380|4|6|49.44.124.111|192.168.43.153|443|40240|musicstreaming
986|1|1.753755|32|4|6|192.168.43.153|49.44.124.111|40240|443|musicstreaming
987|0|1.767203|1380|4|6|49.44.124.111|192.168.43.153|443|40240|musicstreaming
988|0|1.767866|1380|4|6|49.44.124.111|192.168.43.153|443|40240|musicstreaming
989|1|1.767881|32|4|6|192.168.43.153|49.44.124.111|40240|443|musicstreaming
990|0|1.768162|1380|4|6|49.44.124.111|192.168.43.153|443|40240|musicstreaming
991|0|1.768613|1380|4|6|49.44.124.111|192.168.43.153|443|40240|musicstreaming
992|1|1.768622|32|4|6|192.168.43.153|49.44.124.111|40240|443|musicstreaming
993|0|1.768774|1380|4|6|49.44.124.111|192.168.43.153|443|40240|musicstreaming
994|0|1.768932|1380|4|6|49.44.124.111|192.168.43.153|443|40240|musicstreaming
995|1|1.768936|32|4|6|192.168.43.153|49.44.124.111|40240|443|musicstreaming
996|0|1.769239|1380|4|6|49.44.124.111|192.168.43.153|443|40240|musicstreaming
997|0|1.771253|1380|4|6|49.44.124.111|192.168.43.153|443|40240|musicstreaming
998|1|1.771284|32|4|6|192.168.43.153|49.44.124.111|40240|443|musicstreaming
999|0|1.771689|1380|4|6|49.44.124.111|192.168.43.153|443|40240|musicstreaming
1000|0|1.773664|1380|4|6|49.44.124.111|192.168.43.153|443|40240|musicstreaming
1001|1|1.773681|32|4|6|192.168.43.153|49.44.124.111|40240|443|musicstreaming
1002|0|1.774089|1380|4|6|49.44.124.111|192.168.43.153|443|40240|musicstreaming
1003|0|1.783971|1380|4|6|49.44.124.111|192.168.43.153|443|40240|musicstreaming
1004|1|1.784036|32|4|6|192.168.43.153|49.44.124.111|40240|443|musicstreaming
1005|0|1.784263|1380|4|6|49.44.124.111|192.168.43.153|443|40240|musicstreaming
1006|0|1.784422|1380|4|6|49.44.124.111|192.168.43.153|443|40240|musicstreaming
1007|1|1.784441|32|4|6|192.168.43.153|49.44.124.111|40240|443|musicstreaming
1008|0|1.784572|1380|4|6|49.44.124.111|192.168.43.153|443|40240|musicstreaming
1009|0|1.784728|1380|4|6|49.44.124.111|192.168.43.153|443|40240|musicstreaming
1010|1|1.784747|32|4|6|192.168.43.153|49.44.124.111|40240|443|musicstreaming
1011|0|1.784882|1380|4|6|49.44.124.111|192.168.43.153|443|40240|musicstreaming
1012|0|1.785354|1380|4|6|49.44.124.111|192.168.43.153|443|40240|musicstreaming
1013|1|1.785369|32|4|6|192.168.43.153|49.44.124.111|40240|443|musicstreaming
1014|0|1.787668|1380|4|6|49.44.124.111|192.168.43.153|443|40240|musicstreaming
1015|0|1.787982|1380|4|6|49.44.124.111|192.168.43.153|443|40240|musicstreaming
1016|1|1.788015|32|4|6|192.168.43.153|49.44.124.111|40240|443|musicstreaming
1017|0|1.789744|1380|4|6|49.44.124.111|192.168.43.153|443|40240|musicstreaming
1018|0|1.791392|1380|4|6|49.44.124.111|192.168.43.153|443|40240|musicstreaming
1019|1|1.791418|32|4|6|192.168.43.153|49.44.124.111|40240|443|musicstreaming
1020|0|1.792963|1380|4|6|49.44.124.111|192.168.43.153|443|40240|musicstreaming
1021|0|1.794601|1380|4|6|49.44.124.111|192.168.43.153|443|40240|musicstreaming
1022|1|1.794639|32|4|6|192.168.43.153|49.44.124.111|40240|443|musicstreaming
1023|0|1.794915|1380|4|6|49.44.124.111|192.168.43.153|443|40240|musicstreaming
1024|0|1.808442|1380|4|6|49.44.124.111|192.168.43.153|443|40240|musicstreaming
1025|1|1.808491|32|4|6|192.168.43.153|49.44.124.111|40240|443|musicstreaming
1026|0|1.808787|1380|4|6|49.44.124.111|192.168.43.153|443|40240|musicstreaming
1027|0|1.811222|1380|4|6|49.44.124.111|192.168.43.153|443|40240|musicstreaming
1028|1|1.811259|32|4|6|192.168.43.153|49.44.124.111|40240|443|musicstreaming
1029|0|1.812637|1380|4|6|49.44.124.111|192.168.43.153|443|40240|musicstreaming
1030|0|1.812974|1380|4|6|49.44.124.111|192.168.43.153|443|40240|musicstreaming
1031|1|1.813009|32|4|6|192.168.43.153|49.44.124.111|40240|443|musicstreaming
1032|0|1.815784|1380|4|6|49.44.124.111|192.168.43.153|443|40240|musicstreaming
1033|0|1.816058|1380|4|6|49.44.124.111|192.168.43.153|443|40240|musicstreaming
1034|1|1.816074|32|4|6|192.168.43.153|49.44.124.111|40240|443|musicstreaming
1035|0|1.817527|1380|4|6|49.44.124.111|192.168.43.153|443|40240|musicstreaming
1036|0|1.817855|1380|4|6|49.44.124.111|192.168.43.153|443|40240|musicstreaming
1037|1|1.817877|32|4|6|192.168.43.153|49.44.124.111|40240|443|musicstreaming
1038|0|1.818000|1380|4|6|49.44.124.111|192.168.43.153|443|40240|musicstreaming
1039|0|1.818157|1380|4|6|49.44.124.111|192.168.43.153|443|40240|musicstreaming
1040|1|1.818166|32|4|6|192.168.43.153|49.44.124.111|40240|443|musicstreaming
1041|0|1.828240|1380|4|6|49.44.124.111|192.168.43.153|443|40240|musicstreaming
1042|0|1.828557|1380|4|6|49.44.124.111|192.168.43.153|443|40240|musicstreaming
1043|1|1.828583|32|4|6|192.168.43.153|49.44.124.111|40240|443|musicstreaming
1044|0|1.828713|1380|4|6|49.44.124.111|192.168.43.153|443|40240|musicstreaming
1045|0|1.828869|1380|4|6|49.44.124.111|192.168.43.153|443|40240|musicstreaming
1046|1|1.828884|32|4|6|192.168.43.153|49.44.124.111|40240|443|musicstreaming
1047|0|1.831603|1380|4|6|49.44.124.111|192.168.43.153|443|40240|musicstreaming
1048|0|1.831910|1380|4|6|49.44.124.111|192.168.43.153|443|40240|musicstreaming
1049|1|1.831926|32|4|6|192.168.43.153|49.44.124.111|40240|443|musicstreaming
1050|0|1.832065|1380|4|6|49.44.124.111|192.168.43.153|443|40240|musicstreaming
1051|0|1.834643|1380|4|6|49.44.124.111|192.168.43.153|443|40240|musicstreaming
1052|1|1.834672|32|4|6|192.168.43.153|49.44.124.111|40240|443|musicstreaming
1053|0|1.834917|1380|4|6|49.44.124.111|192.168.43.153|443|40240|musicstreaming
1054|0|1.835080|1380|4|6|49.44.124.111|192.168.43.153|443|40240|musicstreaming
1055|1|1.835094|32|4|6|192.168.43.153|49.44.124.111|40240|443|musicstreaming
1056|0|1.846616|1380|4|6|49.44.124.111|192.168.43.153|443|40240|musicstreaming
1057|0|1.847066|1380|4|6|49.44.124.111|192.168.43.153|443|40240|musicstreaming
1058|1|1.847078|32|4|6|192.168.43.153|49.44.124.111|40240|443|musicstreaming
1059|0|1.847228|1380|4|6|49.44.124.111|192.168.43.153|443|40240|musicstreaming
1060|0|1.847380|1380|4|6|49.44.124.111|192.168.43.153|443|40240|musicstreaming
1061|1|1.847388|32|4|6|192.168.43.153|49.44.124.111|40240|443|musicstreaming
1062|0|1.848169|1380|4|6|49.44.124.111|192.168.43.153|443|40240|musicstreaming
1063|0|1.849117|1380|4|6|49.44.124.111|192.168.43.153|443|40240|musicstreaming
1064|1|1.849195|32|4|6|192.168.43.153|49.44.124.111|40240|443|musicstreaming
1065|0|1.849376|1380|4|6|49.44.124.111|192.168.43.153|443|40240|musicstreaming
1066|0|1.852070|1380|4|6|49.44.124.111|192.168.43.153|443|40240|musicstreaming
1067|1|1.852116|32|4|6|192.168.43.153|49.44.124.111|40240|443|musicstreaming
1068|0|1.852423|1380|4|6|49.44.124.111|192.168.43.153|443|40240|musicstreaming
1069|0|1.853692|1380|4|6|49.44.124.111|192.168.43.153|443|40240|musicstreaming
1070|1|1.853726|32|4|6|192.168.43.153|49.44.124.111|40240|443|musicstreaming
1071|0|1.855286|1380|4|6|49.44.124.111|192.168.43.153|443|40240|musicstreaming
1072|0|1.855544|1380|4|6|49.44.124.111|192.168.43.153|443|40240|musicstreaming
1073|1|1.855608|32|4|6|192.168.43.153|49.44.124.111|40240|443|musicstreaming
1074|0|1.864981|1380|4|6|49.44.124.111|192.168.43.153|443|40240|musicstreaming
1075|0|1.865156|1380|4|6|49.44.124.111|192.168.43.153|443|40240|musicstreaming
1076|1|1.865165|32|4|6|192.168.43.153|49.44.124.111|40240|443|musicstreaming
1077|0|1.865300|1380|4|6|49.44.124.111|192.168.43.153|443|40240|musicstreaming
1078|0|1.865469|1380|4|6|49.44.124.111|192.168.43.153|443|40240|musicstreaming
1079|1|1.865486|32|4|6|192.168.43.153|49.44.124.111|40240|443|musicstreaming
1080|0|1.865652|1380|4|6|49.44.124.111|192.168.43.153|443|40240|musicstreaming
1081|0|1.865792|1380|4|6|49.44.124.111|192.168.43.153|443|40240|musicstreaming
1082|1|1.865801|32|4|6|192.168.43.153|49.44.124.111|40240|443|musicstreaming
1083|0|1.867027|1380|4|6|49.44.124.111|192.168.43.153|443|40240|musicstreaming
1084|0|1.867184|1380|4|6|49.44.124.111|192.168.43.153|443|40240|musicstreaming
1085|1|1.867195|32|4|6|192.168.43.153|49.44.124.111|40240|443|musicstreaming
1086|0|1.867339|1380|4|6|49.44.124.111|192.168.43.153|443|40240|musicstreaming
1087|0|1.867757|1380|4|6|49.44.124.111|192.168.43.153|443|40240|musicstreaming
1088|1|1.867771|32|4|6|192.168.43.153|49.44.124.111|40240|443|musicstreaming
1089|0|1.869011|1380|4|6|49.44.124.111|192.168.43.153|443|40240|musicstreaming
1090|0|1.872302|1380|4|6|49.44.124.111|192.168.43.153|443|40240|musicstreaming
1091|1|1.872349|32|4|6|192.168.43.153|49.44.124.111|40240|443|musicstreaming
1092|0|1.873729|1380|4|6|49.44.124.111|192.168.43.153|443|40240|musicstreaming
1093|0|1.875236|1380|4|6|49.44.124.111|192.168.43.153|443|40240|musicstreaming
1094|1|1.875275|32|4|6|192.168.43.153|49.44.124.111|40240|443|musicstreaming
1095|0|1.888561|1380|4|6|49.44.124.111|192.168.43.153|443|40240|musicstreaming
1096|0|1.890009|1380|4|6|49.44.124.111|192.168.43.153|443|40240|musicstreaming
1097|1|1.890053|32|4|6|192.168.43.153|49.44.124.111|40240|443|musicstreaming
1098|0|1.891494|1380|4|6|49.44.124.111|192.168.43.153|443|40240|musicstreaming
1099|0|1.893101|1380|4|6|49.44.124.111|192.168.43.153|443|40240|musicstreaming
1100|1|1.893135|32|4|6|192.168.43.153|49.44.124.111|40240|443|musicstreaming
1101|0|1.893408|1380|4|6|49.44.124.111|192.168.43.153|443|40240|musicstreaming
1102|0|1.893555|1380|4|6|49.44.124.111|192.168.43.153|443|40240|musicstreaming
1103|1|1.893563|32|4|6|192.168.43.153|49.44.124.111|40240|443|musicstreaming
1104|0|1.893713|1380|4|6|49.44.124.111|192.168.43.153|443|40240|musicstreaming
1105|0|1.894874|1380|4|6|49.44.124.111|192.168.43.153|443|40240|musicstreaming
1106|1|1.894911|32|4|6|192.168.43.153|49.44.124.111|40240|443|musicstreaming
1107|0|1.896527|1380|4|6|49.44.124.111|192.168.43.153|443|40240|musicstreaming
1108|0|1.898306|1380|4|6|49.44.124.111|192.168.43.153|443|40240|musicstreaming
1109|1|1.898390|32|4|6|192.168.43.153|49.44.124.111|40240|443|musicstreaming
1110|0|1.899262|1380|4|6|49.44.124.111|192.168.43.153|443|40240|musicstreaming
1111|0|1.900557|1380|4|6|49.44.124.111|192.168.43.153|443|40240|musicstreaming
1112|1|1.900578|32|4|6|192.168.43.153|49.44.124.111|40240|443|musicstreaming
1113|0|1.911849|1380|4|6|49.44.124.111|192.168.43.153|443|40240|musicstreaming
1114|0|1.912114|1380|4|6|49.44.124.111|192.168.43.153|443|40240|musicstreaming
1115|1|1.912281|32|4|6|192.168.43.153|49.44.124.111|40240|443|musicstreaming
1116|0|1.931821|1380|4|6|49.44.124.111|192.168.43.153|443|40240|musicstreaming
1117|0|1.931977|1380|4|6|49.44.124.111|192.168.43.153|443|40240|musicstreaming
1118|1|1.932070|32|4|6|192.168.43.153|49.44.124.111|40240|443|musicstreaming
1119|0|1.932167|1380|4|6|49.44.124.111|192.168.43.153|443|40240|musicstreaming
1120|0|1.932424|1380|4|6|49.44.124.111|192.168.43.153|443|40240|musicstreaming
1121|1|1.932434|32|4|6|192.168.43.153|49.44.124.111|40240|443|musicstreaming
1122|0|1.932582|1380|4|6|49.44.124.111|192.168.43.153|443|40240|musicstreaming
1123|0|1.932749|1380|4|6|49.44.124.111|192.168.43.153|443|40240|musicstreaming
1124|1|1.932763|32|4|6|192.168.43.153|49.44.124.111|40240|443|musicstreaming
1125|0|1.933432|1380|4|6|49.44.124.111|192.168.43.153|443|40240|musicstreaming
1126|0|1.933590|1380|4|6|49.44.124.111|192.168.43.153|443|40240|musicstreaming
1127|1|1.933596|32|4|6|192.168.43.153|49.44.124.111|40240|443|musicstreaming
1128|0|1.933937|1380|4|6|49.44.124.111|192.168.43.153|443|40240|musicstreaming
1129|0|1.944540|1380|4|6|49.44.124.111|192.168.43.153|443|40240|musicstreaming
1130|1|1.944600|32|4|6|192.168.43.153|49.44.124.111|40240|443|musicstreaming
1131|0|1.944795|1380|4|6|49.44.124.111|192.168.43.153|443|40240|musicstreaming
1132|0|1.946262|1380|4|6|49.44.124.111|192.168.43.153|443|40240|musicstreaming
1133|1|1.946284|32|4|6|192.168.43.153|49.44.124.111|40240|443|musicstreaming
1134|0|1.947921|1380|4|6|49.44.124.111|192.168.43.153|443|40240|musicstreaming
1135|0|1.949540|1380|4|6|49.44.124.111|192.168.43.153|443|40240|musicstreaming
1136|1|1.949558|32|4|6|192.168.43.153|49.44.124.111|40240|443|musicstreaming
1137|0|1.949862|1380|4|6|49.44.124.111|192.168.43.153|443|40240|musicstreaming
1138|0|1.950015|1380|4|6|49.44.124.111|192.168.43.153|443|40240|musicstreaming
1139|1|1.950021|32|4|6|192.168.43.153|49.44.124.111|40240|443|musicstreaming
1140|0|1.951040|1380|4|6|49.44.124.111|192.168.43.153|443|40240|musicstreaming
1141|0|1.953876|1380|4|6|49.44.124.111|192.168.43.153|443|40240|musicstreaming
1142|1|1.953901|32|4|6|192.168.43.153|49.44.124.111|40240|443|musicstreaming
1143|0|1.955202|1380|4|6|49.44.124.111|192.168.43.153|443|40240|musicstreaming
1144|0|1.967299|1380|4|6|49.44.124.111|192.168.43.153|443|40240|musicstreaming
1145|1|1.967323|32|4|6|192.168.43.153|49.44.124.111|40240|443|musicstreaming
1146|0|1.969748|1380|4|6|49.44.124.111|192.168.43.153|443|40240|musicstreaming
1147|0|1.970039|1380|4|6|49.44.124.111|192.168.43.153|443|40240|musicstreaming
1148|1|1.970058|32|4|6|192.168.43.153|49.44.124.111|40240|443|musicstreaming
1149|0|1.972710|1380|4|6|49.44.124.111|192.168.43.153|443|40240|musicstreaming
1150|0|1.974588|1380|4|6|49.44.124.111|192.168.43.153|443|40240|musicstreaming
1151|1|1.974612|32|4|6|192.168.43.153|49.44.124.111|40240|443|musicstreaming
1152|0|1.975912|1380|4|6|49.44.124.111|192.168.43.153|443|40240|musicstreaming
1153|0|1.977435|1380|4|6|49.44.124.111|192.168.43.153|443|40240|musicstreaming
1154|1|1.977456|32|4|6|192.168.43.153|49.44.124.111|40240|443|musicstreaming
1155|0|1.978986|1380|4|6|49.44.124.111|192.168.43.153|443|40240|musicstreaming
1156|0|1.982740|1380|4|6|49.44.124.111|192.168.43.153|443|40240|musicstreaming
1157|1|1.982764|32|4|6|192.168.43.153|49.44.124.111|40240|443|musicstreaming
1158|0|1.985461|1380|4|6|49.44.124.111|192.168.43.153|443|40240|musicstreaming
1159|0|1.986960|1380|4|6|49.44.124.111|192.168.43.153|443|40240|musicstreaming
1160|1|1.986979|32|4|6|192.168.43.153|49.44.124.111|40240|443|musicstreaming
1161|0|1.990738|1380|4|6|49.44.124.111|192.168.43.153|443|40240|musicstreaming
1162|0|1.994645|1380|4|6|49.44.124.111|192.168.43.153|443|40240|musicstreaming
1163|1|1.994667|32|4|6|192.168.43.153|49.44.124.111|40240|443|musicstreaming
1164|0|2.010233|1380|4|6|49.44.124.111|192.168.43.153|443|40240|musicstreaming
1165|0|2.011527|1380|4|6|49.44.124.111|192.168.43.153|443|40240|musicstreaming
1166|1|2.011547|32|4|6|192.168.43.153|49.44.124.111|40240|443|musicstreaming
1167|0|2.011875|1380|4|6|49.44.124.111|192.168.43.153|443|40240|musicstreaming
1168|0|2.014316|1380|4|6|49.44.124.111|192.168.43.153|443|40240|musicstreaming
1169|1|2.014333|32|4|6|192.168.43.153|49.44.124.111|40240|443|musicstreaming
1170|0|2.015008|1380|4|6|49.44.124.111|192.168.43.153|443|40240|musicstreaming
1171|0|2.015138|1380|4|6|49.44.124.111|192.168.43.153|443|40240|musicstreaming
1172|1|2.015150|32|4|6|192.168.43.153|49.44.124.111|40240|443|musicstreaming
1173|0|2.018131|1380|4|6|49.44.124.111|192.168.43.153|443|40240|musicstreaming
1174|0|2.018710|1380|4|6|49.44.124.111|192.168.43.153|443|40240|musicstreaming
1175|1|2.018723|32|4|6|192.168.43.153|49.44.124.111|40240|443|musicstreaming
1176|0|2.020789|1380|4|6|49.44.124.111|192.168.43.153|443|40240|musicstreaming
1177|0|2.023626|1380|4|6|49.44.124.111|192.168.43.153|443|40240|musicstreaming
1178|1|2.023645|32|4|6|192.168.43.153|49.44.124.111|40240|443|musicstreaming
1179|0|2.023916|1380|4|6|49.44.124.111|192.168.43.153|443|40240|musicstreaming
1180|0|2.026619|1380|4|6|49.44.124.111|192.168.43.153|443|40240|musicstreaming
1181|1|2.026635|32|4|6|192.168.43.153|49.44.124.111|40240|443|musicstreaming
1182|0|2.029450|1380|4|6|49.44.124.111|192.168.43.153|443|40240|musicstreaming
1183|0|2.029777|1380|4|6|49.44.124.111|192.168.43.153|443|40240|musicstreaming
1184|1|2.029806|32|4|6|192.168.43.153|49.44.124.111|40240|443|musicstreaming
1185|0|2.031690|1380|4|6|49.44.124.111|192.168.43.153|443|40240|musicstreaming
1186|0|2.033274|1380|4|6|49.44.124.111|192.168.43.153|443|40240|musicstreaming
1187|1|2.033294|32|4|6|192.168.43.153|49.44.124.111|40240|443|musicstreaming
1188|0|2.050288|1380|4|6|49.44.124.111|192.168.43.153|443|40240|musicstreaming
1189|0|2.050599|1380|4|6|49.44.124.111|192.168.43.153|443|40240|musicstreaming
1190|1|2.050615|32|4|6|192.168.43.153|49.44.124.111|40240|443|musicstreaming
1191|0|2.051003|1380|4|6|49.44.124.111|192.168.43.153|443|40240|musicstreaming
1192|0|2.051162|1380|4|6|49.44.124.111|192.168.43.153|443|40240|musicstreaming
1193|1|2.051168|32|4|6|192.168.43.153|49.44.124.111|40240|443|musicstreaming
1194|0|2.052763|1380|4|6|49.44.124.111|192.168.43.153|443|40240|musicstreaming
1195|0|2.063478|1380|4|6|49.44.124.111|192.168.43.153|443|40240|musicstreaming
1196|1|2.063502|32|4|6|192.168.43.153|49.44.124.111|40240|443|musicstreaming
1197|0|2.063854|1380|4|6|49.44.124.111|192.168.43.153|443|40240|musicstreaming
1198|0|2.064016|1380|4|6|49.44.124.111|192.168.43.153|443|40240|musicstreaming
1199|1|2.064029|32|4|6|192.168.43.153|49.44.124.111|40240|443|musicstreaming
1200|0|2.066477|1380|4|6|49.44.124.111|192.168.43.153|443|40240|musicstreaming
1201|0|2.066819|1380|4|6|49.44.124.111|192.168.43.153|443|40240|musicstreaming
1202|1|2.066833|32|4|6|192.168.43.153|49.44.124.111|40240|443|musicstreaming
1203|0|2.066987|1380|4|6|49.44.124.111|192.168.43.153|443|40240|musicstreaming
1204|0|2.069666|1380|4|6|49.44.124.111|192.168.43.153|443|40240|musicstreaming
1205|1|2.069672|32|4|6|192.168.43.153|49.44.124.111|40240|443|musicstreaming
1206|0|2.069777|1380|4|6|49.44.124.111|192.168.43.153|443|40240|musicstreaming
1207|0|2.070677|1380|4|6|49.44.124.111|192.168.43.153|443|40240|musicstreaming
1208|1|2.070688|32|4|6|192.168.43.153|49.44.124.111|40240|443|musicstreaming
1209|0|2.070824|1380|4|6|49.44.124.111|192.168.43.153|443|40240|musicstreaming
1210|0|2.073464|1380|4|6|49.44.124.111|192.168.43.153|443|40240|musicstreaming
1211|1|2.073492|32|4|6|192.168.43.153|49.44.124.111|40240|443|musicstreaming
1212|0|2.073796|1380|4|6|49.44.124.111|192.168.43.153|443|40240|musicstreaming
1213|0|2.088442|1380|4|6|49.44.124.111|192.168.43.153|443|40240|musicstreaming
1214|1|2.088488|32|4|6|192.168.43.153|49.44.124.111|40240|443|musicstreaming
1215|0|2.088881|1380|4|6|49.44.124.111|192.168.43.153|443|40240|musicstreaming
1216|0|2.090710|1380|4|6|49.44.124.111|192.168.43.153|443|40240|musicstreaming
1217|1|2.090723|32|4|6|192.168.43.153|49.44.124.111|40240|443|musicstreaming
1218|0|2.091050|1380|4|6|49.44.124.111|192.168.43.153|443|40240|musicstreaming
1219|0|2.092257|1380|4|6|49.44.124.111|192.168.43.153|443|40240|musicstreaming
1220|1|2.092267|32|4|6|192.168.43.153|49.44.124.111|40240|443|musicstreaming
1221|0|2.103995|1380|4|6|49.44.124.111|192.168.43.153|443|40240|musicstreaming
1222|0|2.104261|1380|4|6|49.44.124.111|192.168.43.153|443|40240|musicstreaming
1223|1|2.104278|32|4|6|192.168.43.153|49.44.124.111|40240|443|musicstreaming
1224|0|2.104446|1380|4|6|49.44.124.111|192.168.43.153|443|40240|musicstreaming
1225|0|2.108358|1380|4|6|49.44.124.111|192.168.43.153|443|40240|musicstreaming
1226|1|2.108376|32|4|6|192.168.43.153|49.44.124.111|40240|443|musicstreaming
1227|0|2.109937|1380|4|6|49.44.124.111|192.168.43.153|443|40240|musicstreaming
1228|0|2.110292|1380|4|6|49.44.124.111|192.168.43.153|443|40240|musicstreaming
1229|1|2.110304|32|4|6|192.168.43.153|49.44.124.111|40240|443|musicstreaming
1230|0|2.112754|1380|4|6|49.44.124.111|192.168.43.153|443|40240|musicstreaming
1231|0|2.113020|1380|4|6|49.44.124.111|192.168.43.153|443|40240|musicstreaming
1232|1|2.113033|32|4|6|192.168.43.153|49.44.124.111|40240|443|musicstreaming
1233|0|2.125896|1380|4|6|49.44.124.111|192.168.43.153|443|40240|musicstreaming
1234|0|2.128957|1380|4|6|49.44.124.111|192.168.43.153|443|40240|musicstreaming
1235|1|2.128976|32|4|6|192.168.43.153|49.44.124.111|40240|443|musicstreaming
1236|0|2.131881|1380|4|6|49.44.124.111|192.168.43.153|443|40240|musicstreaming
1237|0|2.143579|1380|4|6|49.44.124.111|192.168.43.153|443|40240|musicstreaming
1238|1|2.143599|32|4|6|192.168.43.153|49.44.124.111|40240|443|musicstreaming
1239|0|2.143931|1380|4|6|49.44.124.111|192.168.43.153|443|40240|musicstreaming
1240|0|2.144051|1380|4|6|49.44.124.111|192.168.43.153|443|40240|musicstreaming
1241|1|2.144065|32|4|6|192.168.43.153|49.44.124.111|40240|443|musicstreaming
1242|0|2.146566|1380|4|6|49.44.124.111|192.168.43.153|443|40240|musicstreaming
1243|0|2.148258|1380|4|6|49.44.124.111|192.168.43.153|443|40240|musicstreaming
1244|1|2.148271|32|4|6|192.168.43.153|49.44.124.111|40240|443|musicstreaming
1245|0|2.152412|1380|4|6|49.44.124.111|192.168.43.153|443|40240|musicstreaming
1246|0|2.168306|1380|4|6|49.44.124.111|192.168.43.153|443|40240|musicstreaming
1247|1|2.168326|32|4|6|192.168.43.153|49.44.124.111|40240|443|musicstreaming
1248|0|2.172081|1380|4|6|49.44.124.111|192.168.43.153|443|40240|musicstreaming
1249|0|2.172183|1380|4|6|49.44.124.111|192.168.43.153|443|40240|musicstreaming
1250|1|2.172194|32|4|6|192.168.43.153|49.44.124.111|40240|443|musicstreaming
1251|0|2.175872|1380|4|6|49.44.124.111|192.168.43.153|443|40240|musicstreaming
1252|0|2.178517|1380|4|6|49.44.124.111|192.168.43.153|443|40240|musicstreaming
1253|1|2.178535|32|4|6|192.168.43.153|49.44.124.111|40240|443|musicstreaming
1254|0|2.181402|1380|4|6|49.44.124.111|192.168.43.153|443|40240|musicstreaming
1255|0|2.181850|1380|4|6|49.44.124.111|192.168.43.153|443|40240|musicstreaming
1256|1|2.181857|32|4|6|192.168.43.153|49.44.124.111|40240|443|musicstreaming
1257|0|2.185625|1380|4|6|49.44.124.111|192.168.43.153|443|40240|musicstreaming
1258|0|2.195183|1380|4|6|49.44.124.111|192.168.43.153|443|40240|musicstreaming
1259|1|2.195211|32|4|6|192.168.43.153|49.44.124.111|40240|443|musicstreaming
1260|0|2.206618|1380|4|6|49.44.124.111|192.168.43.153|443|40240|musicstreaming
1261|0|2.206887|1380|4|6|49.44.124.111|192.168.43.153|443|40240|musicstreaming
1262|1|2.206900|32|4|6|192.168.43.153|49.44.124.111|40240|443|musicstreaming
1263|0|2.208308|1380|4|6|49.44.124.111|192.168.43.153|443|40240|musicstreaming
1264|0|2.209948|1380|4|6|49.44.124.111|192.168.43.153|443|40240|musicstreaming
1265|1|2.209971|32|4|6|192.168.43.153|49.44.124.111|40240|443|musicstreaming
1266|0|2.218094|1380|4|6|49.44.124.111|192.168.43.153|443|40240|musicstreaming
1267|0|2.218404|1380|4|6|49.44.124.111|192.168.43.153|443|40240|musicstreaming
1268|1|2.218415|32|4|6|192.168.43.153|49.44.124.111|40240|443|musicstreaming
1269|0|2.218533|1380|4|6|49.44.124.111|192.168.43.153|443|40240|musicstreaming
1270|0|2.218694|1380|4|6|49.44.124.111|192.168.43.153|443|40240|musicstreaming
1271|1|2.218699|32|4|6|192.168.43.153|49.44.124.111|40240|443|musicstreaming
1272|0|2.219461|1380|4|6|49.44.124.111|192.168.43.153|443|40240|musicstreaming
1273|0|2.222048|1380|4|6|49.44.124.111|192.168.43.153|443|40240|musicstreaming
1274|1|2.222061|32|4|6|192.168.43.153|49.44.124.111|40240|443|musicstreaming
1275|0|2.223172|1380|4|6|49.44.124.111|192.168.43.153|443|40240|musicstreaming
1276|0|2.226388|1380|4|6|49.44.124.111|192.168.43.153|443|40240|musicstreaming
1277|1|2.226407|32|4|6|192.168.43.153|49.44.124.111|40240|443|musicstreaming
1278|0|2.230919|1380|4|6|49.44.124.111|192.168.43.153|443|40240|musicstreaming
1279|0|2.233477|792|4|6|49.44.124.111|192.168.43.153|443|40240|musicstreaming
1280|1|2.233490|32|4|6|192.168.43.153|49.44.124.111|40240|443|musicstreaming
1281|0|31.170957|63|4|6|49.44.124.111|192.168.43.153|443|40240|musicstreaming
1282|1|31.170974|32|4|6|192.168.43.153|49.44.124.111|40240|443|musicstreaming
1283|0|31.171063|32|4|6|49.44.124.111|192.168.43.153|443|40240|musicstreaming
1284|1|31.218553|32|4|6|192.168.43.153|49.44.124.111|40240|443|musicstreaming
1285|1|55.539937|32|4|6|192.168.43.153|49.44.124.111|40240|443|musicstreaming
