1|1|0.000000|794|4|6|192.168.43.153|23.223.244.32|50892|443|musicstreaming
2|0|0.133611|1380|4|6|23.223.244.32|192.168.43.153|443|50892|musicstreaming
3|1|0.133676|32|4|6|192.168.43.153|23.223.244.32|50892|443|musicstreaming
4|0|0.133958|1380|4|6|23.223.244.32|192.168.43.153|443|50892|musicstreaming
5|1|0.133969|32|4|6|192.168.43.153|23.223.244.32|50892|443|musicstreaming
6|0|0.135739|1380|4|6|23.223.244.32|192.168.43.153|443|50892|musicstreaming
7|1|0.135760|32|4|6|192.168.43.153|23.223.244.32|50892|443|musicstreaming
8|0|0.136172|1380|4|6|23.223.244.32|192.168.43.153|443|50892|musicstreaming
9|1|0.136192|32|4|6|192.168.43.153|23.223.244.32|50892|443|musicstreaming
10|0|0.139222|1380|4|6|23.223.244.32|192.168.43.153|443|50892|musicstreaming
11|1|0.139234|32|4|6|192.168.43.153|23.223.244.32|50892|443|musicstreaming
12|0|0.140332|1380|4|6|23.223.244.32|192.168.43.153|443|50892|musicstreaming
13|1|0.140361|32|4|6|192.168.43.153|23.223.244.32|50892|443|musicstreaming
14|0|0.142156|1380|4|6|23.223.244.32|192.168.43.153|443|50892|musicstreaming
15|1|0.142165|32|4|6|192.168.43.153|23.223.244.32|50892|443|musicstreaming
16|0|0.143301|1380|4|6|23.223.244.32|192.168.43.153|443|50892|musicstreaming
17|1|0.143310|32|4|6|192.168.43.153|23.223.244.32|50892|443|musicstreaming
18|0|0.143691|1380|4|6|23.223.244.32|192.168.43.153|443|50892|musicstreaming
19|1|0.143700|32|4|6|192.168.43.153|23.223.244.32|50892|443|musicstreaming
20|0|0.145102|1380|4|6|23.223.244.32|192.168.43.153|443|50892|musicstreaming
21|1|0.145112|32|4|6|192.168.43.153|23.223.244.32|50892|443|musicstreaming
22|0|0.147804|1380|4|6|23.223.244.32|192.168.43.153|443|50892|musicstreaming
23|1|0.147823|32|4|6|192.168.43.153|23.223.244.32|50892|443|musicstreaming
24|0|0.148149|1380|4|6|23.223.244.32|192.168.43.153|443|50892|musicstreaming
25|1|0.148162|32|4|6|192.168.43.153|23.223.244.32|50892|443|musicstreaming
26|0|0.150228|1380|4|6|23.223.244.32|192.168.43.153|443|50892|musicstreaming
27|1|0.150248|32|4|6|192.168.43.153|23.223.244.32|50892|443|musicstreaming
28|0|0.150657|1380|4|6|23.223.244.32|192.168.43.153|443|50892|musicstreaming
29|1|0.150668|32|4|6|192.168.43.153|23.223.244.32|50892|443|musicstreaming
30|0|0.152593|1380|4|6|23.223.244.32|192.168.43.153|443|50892|musicstreaming
31|1|0.152609|32|4|6|192.168.43.153|23.223.244.32|50892|443|musicstreaming
32|0|0.155578|1380|4|6|23.223.244.32|192.168.43.153|443|50892|musicstreaming
33|1|0.155598|32|4|6|192.168.43.153|23.223.244.32|50892|443|musicstreaming
34|0|0.155863|1380|4|6|23.223.244.32|192.168.43.153|443|50892|musicstreaming
35|0|0.156319|1380|4|6|23.223.244.32|192.168.43.153|443|50892|musicstreaming
36|1|0.156330|32|4|6|192.168.43.153|23.223.244.32|50892|443|musicstreaming
37|0|0.174182|1380|4|6|23.223.244.32|192.168.43.153|443|50892|musicstreaming
38|0|0.174295|1380|4|6|23.223.244.32|192.168.43.153|443|50892|musicstreaming
39|1|0.174305|32|4|6|192.168.43.153|23.223.244.32|50892|443|musicstreaming
40|0|0.174753|1380|4|6|23.223.244.32|192.168.43.153|443|50892|musicstreaming
41|0|0.176009|1380|4|6|23.223.244.32|192.168.43.153|443|50892|musicstreaming
42|1|0.176029|32|4|6|192.168.43.153|23.223.244.32|50892|443|musicstreaming
43|0|0.220111|1380|4|6|23.223.244.32|192.168.43.153|443|50892|musicstreaming
44|0|0.221598|1380|4|6|23.223.244.32|192.168.43.153|443|50892|musicstreaming
45|1|0.221617|32|4|6|192.168.43.153|23.223.244.32|50892|443|musicstreaming
46|0|0.223258|1380|4|6|23.223.244.32|192.168.43.153|443|50892|musicstreaming
47|0|0.225596|1380|4|6|23.223.244.32|192.168.43.153|443|50892|musicstreaming
48|1|0.225616|32|4|6|192.168.43.153|23.223.244.32|50892|443|musicstreaming
49|0|0.227111|1380|4|6|23.223.244.32|192.168.43.153|443|50892|musicstreaming
50|0|0.228879|1380|4|6|23.223.244.32|192.168.43.153|443|50892|musicstreaming
51|1|0.228925|32|4|6|192.168.43.153|23.223.244.32|50892|443|musicstreaming
52|0|0.231636|1380|4|6|23.223.244.32|192.168.43.153|443|50892|musicstreaming
53|0|0.233363|1380|4|6|23.223.244.32|192.168.43.153|443|50892|musicstreaming
54|1|0.233420|32|4|6|192.168.43.153|23.223.244.32|50892|443|musicstreaming
55|0|0.234825|1380|4|6|23.223.244.32|192.168.43.153|443|50892|musicstreaming
56|0|0.236255|1380|4|6|23.223.244.32|192.168.43.153|443|50892|musicstreaming
57|1|0.236271|32|4|6|192.168.43.153|23.223.244.32|50892|443|musicstreaming
58|0|0.250705|1380|4|6|23.223.244.32|192.168.43.153|443|50892|musicstreaming
59|0|0.260380|1380|4|6|23.223.244.32|192.168.43.153|443|50892|musicstreaming
60|1|0.260398|32|4|6|192.168.43.153|23.223.244.32|50892|443|musicstreaming
61|0|0.260774|1380|4|6|23.223.244.32|192.168.43.153|443|50892|musicstreaming
62|0|0.266108|1380|4|6|23.223.244.32|192.168.43.153|443|50892|musicstreaming
63|1|0.266135|32|4|6|192.168.43.153|23.223.244.32|50892|443|musicstreaming
64|0|0.266529|1380|4|6|23.223.244.32|192.168.43.153|443|50892|musicstreaming
65|0|0.266687|1380|4|6|23.223.244.32|192.168.43.153|443|50892|musicstreaming
66|1|0.266734|32|4|6|192.168.43.153|23.223.244.32|50892|443|musicstreaming
67|0|0.266823|1380|4|6|23.223.244.32|192.168.43.153|443|50892|musicstreaming
68|0|0.266987|1380|4|6|23.223.244.32|192.168.43.153|443|50892|musicstreaming
69|1|0.267162|32|4|6|192.168.43.153|23.223.244.32|50892|443|musicstreaming
70|0|0.270408|1380|4|6|23.223.244.32|192.168.43.153|443|50892|musicstreaming
71|0|0.273931|1380|4|6|23.223.244.32|192.168.43.153|443|50892|musicstreaming
72|1|0.273971|32|4|6|192.168.43.153|23.223.244.32|50892|443|musicstreaming
73|0|0.276578|1380|4|6|23.223.244.32|192.168.43.153|443|50892|musicstreaming
74|0|0.293301|1380|4|6|23.223.244.32|192.168.43.153|443|50892|musicstreaming
75|1|0.293388|32|4|6|192.168.43.153|23.223.244.32|50892|443|musicstreaming
76|0|0.293579|1380|4|6|23.223.244.32|192.168.43.153|443|50892|musicstreaming
77|0|0.297114|1380|4|6|23.223.244.32|192.168.43.153|443|50892|musicstreaming
78|1|0.297194|32|4|6|192.168.43.153|23.223.244.32|50892|443|musicstreaming
79|0|0.300228|1380|4|6|23.223.244.32|192.168.43.153|443|50892|musicstreaming
80|0|0.300812|1380|4|6|23.223.244.32|192.168.43.153|443|50892|musicstreaming
81|1|0.300886|32|4|6|192.168.43.153|23.223.244.32|50892|443|musicstreaming
82|0|0.305590|1380|4|6|23.223.244.32|192.168.43.153|443|50892|musicstreaming
83|0|0.306111|1380|4|6|23.223.244.32|192.168.43.153|443|50892|musicstreaming
84|1|0.306179|32|4|6|192.168.43.153|23.223.244.32|50892|443|musicstreaming
85|0|0.310081|1380|4|6|23.223.244.32|192.168.43.153|443|50892|musicstreaming
86|0|0.310688|1380|4|6|23.223.244.32|192.168.43.153|443|50892|musicstreaming
87|1|0.310725|32|4|6|192.168.43.153|23.223.244.32|50892|443|musicstreaming
88|0|0.313310|1380|4|6|23.223.244.32|192.168.43.153|443|50892|musicstreaming
89|0|0.316381|1380|4|6|23.223.244.32|192.168.43.153|443|50892|musicstreaming
90|1|0.316584|32|4|6|192.168.43.153|23.223.244.32|50892|443|musicstreaming
91|0|0.331940|1380|4|6|23.223.244.32|192.168.43.153|443|50892|musicstreaming
92|0|0.333608|1380|4|6|23.223.244.32|192.168.43.153|443|50892|musicstreaming
93|1|0.333709|32|4|6|192.168.43.153|23.223.244.32|50892|443|musicstreaming
94|0|0.337523|1380|4|6|23.223.244.32|192.168.43.153|443|50892|musicstreaming
95|0|0.340273|1380|4|6|23.223.244.32|192.168.43.153|443|50892|musicstreaming
96|1|0.340328|32|4|6|192.168.43.153|23.223.244.32|50892|443|musicstreaming
97|0|0.340690|1380|4|6|23.223.244.32|192.168.43.153|443|50892|musicstreaming
98|0|0.343292|1380|4|6|23.223.244.32|192.168.43.153|443|50892|musicstreaming
99|1|0.343331|32|4|6|192.168.43.153|23.223.244.32|50892|443|musicstreaming
100|0|0.344837|1380|4|6|23.223.244.32|192.168.43.153|443|50892|musicstreaming
101|0|0.346266|1380|4|6|23.223.244.32|192.168.43.153|443|50892|musicstreaming
102|1|0.346389|32|4|6|192.168.43.153|23.223.244.32|50892|443|musicstreaming
103|0|0.347814|1380|4|6|23.223.244.32|192.168.43.153|443|50892|musicstreaming
104|0|0.348166|1380|4|6|23.223.244.32|192.168.43.153|443|50892|musicstreaming
105|1|0.350669|32|4|6|192.168.43.153|23.223.244.32|50892|443|musicstreaming
106|0|0.350773|1380|4|6|23.223.244.32|192.168.43.153|443|50892|musicstreaming
107|0|0.352362|1380|4|6|23.223.244.32|192.168.43.153|443|50892|musicstreaming
108|1|0.352445|32|4|6|192.168.43.153|23.223.244.32|50892|443|musicstreaming
109|0|0.353875|1380|4|6|23.223.244.32|192.168.43.153|443|50892|musicstreaming
110|0|0.354239|1380|4|6|23.223.244.32|192.168.43.153|443|50892|musicstreaming
111|1|0.354282|32|4|6|192.168.43.153|23.223.244.32|50892|443|musicstreaming
112|0|0.355530|1380|4|6|23.223.244.32|192.168.43.153|443|50892|musicstreaming
113|0|0.372106|1380|4|6|23.223.244.32|192.168.43.153|443|50892|musicstreaming
114|1|0.372199|32|4|6|192.168.43.153|23.223.244.32|50892|443|musicstreaming
115|0|0.373391|1380|4|6|23.223.244.32|192.168.43.153|443|50892|musicstreaming
116|0|0.373760|1380|4|6|23.223.244.32|192.168.43.153|443|50892|musicstreaming
117|1|0.373811|32|4|6|192.168.43.153|23.223.244.32|50892|443|musicstreaming
118|0|0.376398|1380|4|6|23.223.244.32|192.168.43.153|443|50892|musicstreaming
119|0|0.376716|1380|4|6|23.223.244.32|192.168.43.153|443|50892|musicstreaming
120|1|0.376774|32|4|6|192.168.43.153|23.223.244.32|50892|443|musicstreaming
121|0|0.378938|1380|4|6|23.223.244.32|192.168.43.153|443|50892|musicstreaming
122|0|0.379762|1380|4|6|23.223.244.32|192.168.43.153|443|50892|musicstreaming
123|1|0.379828|32|4|6|192.168.43.153|23.223.244.32|50892|443|musicstreaming
124|0|0.382873|1380|4|6|23.223.244.32|192.168.43.153|443|50892|musicstreaming
125|0|0.383103|1380|4|6|23.223.244.32|192.168.43.153|443|50892|musicstreaming
126|1|0.383193|32|4|6|192.168.43.153|23.223.244.32|50892|443|musicstreaming
127|0|0.385090|1380|4|6|23.223.244.32|192.168.43.153|443|50892|musicstreaming
128|0|0.386540|1380|4|6|23.223.244.32|192.168.43.153|443|50892|musicstreaming
129|1|0.386581|32|4|6|192.168.43.153|23.223.244.32|50892|443|musicstreaming
130|0|0.386834|1380|4|6|23.223.244.32|192.168.43.153|443|50892|musicstreaming
131|0|0.389453|1380|4|6|23.223.244.32|192.168.43.153|443|50892|musicstreaming
132|1|0.389562|32|4|6|192.168.43.153|23.223.244.32|50892|443|musicstreaming
133|0|0.390790|1380|4|6|23.223.244.32|192.168.43.153|443|50892|musicstreaming
134|0|0.392089|1380|4|6|23.223.244.32|192.168.43.153|443|50892|musicstreaming
135|1|0.392161|32|4|6|192.168.43.153|23.223.244.32|50892|443|musicstreaming
136|0|0.394757|1380|4|6|23.223.244.32|192.168.43.153|443|50892|musicstreaming
137|0|0.396276|1380|4|6|23.223.244.32|192.168.43.153|443|50892|musicstreaming
138|1|0.396339|32|4|6|192.168.43.153|23.223.244.32|50892|443|musicstreaming
139|0|0.410512|1380|4|6|23.223.244.32|192.168.43.153|443|50892|musicstreaming
140|0|0.418483|1380|4|6|23.223.244.32|192.168.43.153|443|50892|musicstreaming
141|1|0.418564|32|4|6|192.168.43.153|23.223.244.32|50892|443|musicstreaming
142|0|0.418827|1380|4|6|23.223.244.32|192.168.43.153|443|50892|musicstreaming
143|0|0.422800|1380|4|6|23.223.244.32|192.168.43.153|443|50892|musicstreaming
144|1|0.422863|32|4|6|192.168.43.153|23.223.244.32|50892|443|musicstreaming
145|0|0.423072|1380|4|6|23.223.244.32|192.168.43.153|443|50892|musicstreaming
146|0|0.423234|1380|4|6|23.223.244.32|192.168.43.153|443|50892|musicstreaming
147|1|0.423278|32|4|6|192.168.43.153|23.223.244.32|50892|443|musicstreaming
148|0|0.423351|1380|4|6|23.223.244.32|192.168.43.153|443|50892|musicstreaming
149|0|0.423510|1380|4|6|23.223.244.32|192.168.43.153|443|50892|musicstreaming
150|1|0.423528|32|4|6|192.168.43.153|23.223.244.32|50892|443|musicstreaming
151|0|0.424141|1380|4|6|23.223.244.32|192.168.43.153|443|50892|musicstreaming
152|0|0.426114|1380|4|6|23.223.244.32|192.168.43.153|443|50892|musicstreaming
153|1|0.426145|32|4|6|192.168.43.153|23.223.244.32|50892|443|musicstreaming
154|0|0.426388|1380|4|6|23.223.244.32|192.168.43.153|443|50892|musicstreaming
155|0|0.427620|1380|4|6|23.223.244.32|192.168.43.153|443|50892|musicstreaming
156|1|0.427646|32|4|6|192.168.43.153|23.223.244.32|50892|443|musicstreaming
157|0|0.430118|1380|4|6|23.223.244.32|192.168.43.153|443|50892|musicstreaming
158|0|0.431656|1380|4|6|23.223.244.32|192.168.43.153|443|50892|musicstreaming
159|1|0.431731|32|4|6|192.168.43.153|23.223.244.32|50892|443|musicstreaming
160|0|0.433300|1380|4|6|23.223.244.32|192.168.43.153|443|50892|musicstreaming
161|0|0.436067|1380|4|6|23.223.244.32|192.168.43.153|443|50892|musicstreaming
162|1|0.436136|32|4|6|192.168.43.153|23.223.244.32|50892|443|musicstreaming
163|0|0.436305|1380|4|6|23.223.244.32|192.168.43.153|443|50892|musicstreaming
164|0|0.460745|1380|4|6|23.223.244.32|192.168.43.153|443|50892|musicstreaming
165|1|0.460802|32|4|6|192.168.43.153|23.223.244.32|50892|443|musicstreaming
166|0|0.461093|1380|4|6|23.223.244.32|192.168.43.153|443|50892|musicstreaming
167|0|0.470216|1380|4|6|23.223.244.32|192.168.43.153|443|50892|musicstreaming
168|1|0.470295|32|4|6|192.168.43.153|23.223.244.32|50892|443|musicstreaming
169|0|0.470507|1380|4|6|23.223.244.32|192.168.43.153|443|50892|musicstreaming
170|0|0.470707|1380|4|6|23.223.244.32|192.168.43.153|443|50892|musicstreaming
171|1|0.470737|32|4|6|192.168.43.153|23.223.244.32|50892|443|musicstreaming
172|0|0.470824|1380|4|6|23.223.244.32|192.168.43.153|443|50892|musicstreaming
173|0|0.491106|1380|4|6|23.223.244.32|192.168.43.153|443|50892|musicstreaming
174|1|0.491243|32|4|6|192.168.43.153|23.223.244.32|50892|443|musicstreaming
175|0|0.493805|1380|4|6|23.223.244.32|192.168.43.153|443|50892|musicstreaming
176|0|0.494172|1380|4|6|23.223.244.32|192.168.43.153|443|50892|musicstreaming
177|1|0.494236|32|4|6|192.168.43.153|23.223.244.32|50892|443|musicstreaming
178|0|0.498277|1380|4|6|23.223.244.32|192.168.43.153|443|50892|musicstreaming
179|0|0.499749|1380|4|6|23.223.244.32|192.168.43.153|443|50892|musicstreaming
180|1|0.499840|32|4|6|192.168.43.153|23.223.244.32|50892|443|musicstreaming
181|0|0.502823|1380|4|6|23.223.244.32|192.168.43.153|443|50892|musicstreaming
182|0|0.503143|1380|4|6|23.223.244.32|192.168.43.153|443|50892|musicstreaming
183|1|0.503215|32|4|6|192.168.43.153|23.223.244.32|50892|443|musicstreaming
184|0|0.503476|1380|4|6|23.223.244.32|192.168.43.153|443|50892|musicstreaming
185|0|0.506024|1380|4|6|23.223.244.32|192.168.43.153|443|50892|musicstreaming
186|1|0.506091|32|4|6|192.168.43.153|23.223.244.32|50892|443|musicstreaming
187|0|0.507877|1380|4|6|23.223.244.32|192.168.43.153|443|50892|musicstreaming
188|0|0.509398|1380|4|6|23.223.244.32|192.168.43.153|443|50892|musicstreaming
189|1|0.509506|32|4|6|192.168.43.153|23.223.244.32|50892|443|musicstreaming
190|0|0.510975|1380|4|6|23.223.244.32|192.168.43.153|443|50892|musicstreaming
191|0|0.512616|1380|4|6|23.223.244.32|192.168.43.153|443|50892|musicstreaming
192|1|0.512680|32|4|6|192.168.43.153|23.223.244.32|50892|443|musicstreaming
193|0|0.513208|1380|4|6|23.223.244.32|192.168.43.153|443|50892|musicstreaming
194|0|0.516082|1380|4|6|23.223.244.32|192.168.43.153|443|50892|musicstreaming
195|1|0.516232|32|4|6|192.168.43.153|23.223.244.32|50892|443|musicstreaming
196|0|0.531664|1001|4|6|23.223.244.32|192.168.43.153|443|50892|musicstreaming
197|1|0.531741|32|4|6|192.168.43.153|23.223.244.32|50892|443|musicstreaming
198|1|10.000111|794|4|6|192.168.43.153|23.223.244.32|50892|443|musicstreaming
199|0|10.169870|1380|4|6|23.223.244.32|192.168.43.153|443|50892|musicstreaming
200|1|10.169906|32|4|6|192.168.43.153|23.223.244.32|50892|443|musicstreaming
201|0|10.170425|1380|4|6|23.223.244.32|192.168.43.153|443|50892|musicstreaming
202|1|10.170431|32|4|6|192.168.43.153|23.223.244.32|50892|443|musicstreaming
203|0|10.173090|1380|4|6|23.223.244.32|192.168.43.153|443|50892|musicstreaming
204|1|10.173104|32|4|6|192.168.43.153|23.223.244.32|50892|443|musicstreaming
205|0|10.173494|1380|4|6|23.223.244.32|192.168.43.153|443|50892|musicstreaming
206|1|10.173501|32|4|6|192.168.43.153|23.223.244.32|50892|443|musicstreaming
207|0|10.174625|1380|4|6|23.223.244.32|192.168.43.153|443|50892|musicstreaming
208|1|10.174630|32|4|6|192.168.43.153|23.223.244.32|50892|443|musicstreaming
209|0|10.174989|1380|4|6|23.223.244.32|192.168.43.153|443|50892|musicstreaming
210|1|10.174994|32|4|6|192.168.43.153|23.223.244.32|50892|443|musicstreaming
211|0|10.175570|1380|4|6|23.223.244.32|192.168.43.153|443|50892|musicstreaming
212|1|10.175578|32|4|6|192.168.43.153|23.223.244.32|50892|443|musicstreaming
213|0|10.175706|1380|4|6|23.223.244.32|192.168.43.153|443|50892|musicstreaming
214|1|10.175711|32|4|6|192.168.43.153|23.223.244.32|50892|443|musicstreaming
215|0|10.177270|1380|4|6|23.223.244.32|192.168.43.153|443|50892|musicstreaming
216|1|10.177275|32|4|6|192.168.43.153|23.223.244.32|50892|443|musicstreaming
217|0|10.178685|1380|4|6|23.223.244.32|192.168.43.153|443|50892|musicstreaming
218|1|10.178718|32|4|6|192.168.43.153|23.223.244.32|50892|443|musicstreaming
219|0|10.179164|1380|4|6|23.223.244.32|192.168.43.153|443|50892|musicstreaming
220|1|10.179179|32|4|6|192.168.43.153|23.223.244.32|50892|443|musicstreaming
221|0|10.181555|1380|4|6|23.223.244.32|192.168.43.153|443|50892|musicstreaming
222|1|10.181565|32|4|6|192.168.43.153|23.223.244.32|50892|443|musicstreaming
223|0|10.183619|1380|4|6|23.223.244.32|192.168.43.153|443|50892|musicstreaming
224|1|10.183637|32|4|6|192.168.43.153|23.223.244.32|50892|443|musicstreaming
225|0|10.183963|1380|4|6|23.223.244.32|192.168.43.153|443|50892|musicstreaming
226|1|10.183972|32|4|6|192.168.43.153|23.223.244.32|50892|443|musicstreaming
227|0|10.184934|1380|4|6|23.223.244.32|192.168.43.153|443|50892|musicstreaming
228|1|10.184951|32|4|6|192.168.43.153|23.223.244.32|50892|443|musicstreaming
229|0|10.185270|1380|4|6|23.223.244.32|192.168.43.153|443|50892|musicstreaming
230|1|10.185286|32|4|6|192.168.43.153|23.223.244.32|50892|443|musicstreaming
231|0|10.186624|1380|4|6|23.223.244.32|192.168.43.153|443|50892|musicstreaming
232|0|10.187879|1380|4|6|23.223.244.32|192.168.43.153|443|50892|musicstreaming
233|1|10.187888|32|4|6|192.168.43.153|23.223.244.32|50892|443|musicstreaming
234|0|10.189187|1380|4|6|23.223.244.32|192.168.43.153|443|50892|musicstreaming
235|0|10.190034|1380|4|6|23.223.244.32|192.168.43.153|443|50892|musicstreaming
236|1|10.190041|32|4|6|192.168.43.153|23.223.244.32|50892|443|musicstreaming
237|0|10.194636|1380|4|6|23.223.244.32|192.168.43.153|443|50892|musicstreaming
238|0|10.194853|1380|4|6|23.223.244.32|192.168.43.153|443|50892|musicstreaming
239|1|10.194866|32|4|6|192.168.43.153|23.223.244.32|50892|443|musicstreaming
240|0|10.195012|1380|4|6|23.223.244.32|192.168.43.153|443|50892|musicstreaming
241|0|10.195169|1380|4|6|23.223.244.32|192.168.43.153|443|50892|musicstreaming
242|1|10.195177|32|4|6|192.168.43.153|23.223.244.32|50892|443|musicstreaming
243|0|10.210803|1380|4|6|23.223.244.32|192.168.43.153|443|50892|musicstreaming
244|0|10.211154|1380|4|6|23.223.244.32|192.168.43.153|443|50892|musicstreaming
245|1|10.211167|32|4|6|192.168.43.153|23.223.244.32|50892|443|musicstreaming
246|0|10.213116|1380|4|6|23.223.244.32|192.168.43.153|443|50892|musicstreaming
247|0|10.213406|1380|4|6|23.223.244.32|192.168.43.153|443|50892|musicstreaming
248|1|10.213418|32|4|6|192.168.43.153|23.223.244.32|50892|443|musicstreaming
249|0|10.215045|1380|4|6|23.223.244.32|192.168.43.153|443|50892|musicstreaming
250|0|10.215411|1380|4|6|23.223.244.32|192.168.43.153|443|50892|musicstreaming
251|1|10.215435|32|4|6|192.168.43.153|23.223.244.32|50892|443|musicstreaming
252|0|10.224902|1380|4|6|23.223.244.32|192.168.43.153|443|50892|musicstreaming
253|0|10.225395|1380|4|6|23.223.244.32|192.168.43.153|443|50892|musicstreaming
254|1|10.225416|32|4|6|192.168.43.153|23.223.244.32|50892|443|musicstreaming
255|0|10.226292|1380|4|6|23.223.244.32|192.168.43.153|443|50892|musicstreaming
256|0|10.226659|1380|4|6|23.223.244.32|192.168.43.153|443|50892|musicstreaming
257|1|10.226669|32|4|6|192.168.43.153|23.223.244.32|50892|443|musicstreaming
258|0|10.226847|1380|4|6|23.223.244.32|192.168.43.153|443|50892|musicstreaming
259|0|10.227008|1380|4|6|23.223.244.32|192.168.43.153|443|50892|musicstreaming
260|1|10.227017|32|4|6|192.168.43.153|23.223.244.32|50892|443|musicstreaming
261|0|10.227164|1380|4|6|23.223.244.32|192.168.43.153|443|50892|musicstreaming
262|0|10.227954|1380|4|6|23.223.244.32|192.168.43.153|443|50892|musicstreaming
263|1|10.227963|32|4|6|192.168.43.153|23.223.244.32|50892|443|musicstreaming
264|0|10.228287|1380|4|6|23.223.244.32|192.168.43.153|443|50892|musicstreaming
265|0|10.228796|1380|4|6|23.223.244.32|192.168.43.153|443|50892|musicstreaming
266|1|10.228821|32|4|6|192.168.43.153|23.223.244.32|50892|443|musicstreaming
267|0|10.228955|1380|4|6|23.223.244.32|192.168.43.153|443|50892|musicstreaming
268|0|10.229096|1380|4|6|23.223.244.32|192.168.43.153|443|50892|musicstreaming
269|1|10.229103|32|4|6|192.168.43.153|23.223.244.32|50892|443|musicstreaming
270|0|10.229257|1380|4|6|23.223.244.32|192.168.43.153|443|50892|musicstreaming
271|0|10.230012|1380|4|6|23.223.244.32|192.168.43.153|443|50892|musicstreaming
272|1|10.230022|32|4|6|192.168.43.153|23.223.244.32|50892|443|musicstreaming
273|0|10.231558|1380|4|6|23.223.244.32|192.168.43.153|443|50892|musicstreaming
274|0|10.232997|1380|4|6|23.223.244.32|192.168.43.153|443|50892|musicstreaming
275|1|10.233054|32|4|6|192.168.43.153|23.223.244.32|50892|443|musicstreaming
276|0|10.233885|1380|4|6|23.223.244.32|192.168.43.153|443|50892|musicstreaming
277|0|10.234285|1380|4|6|23.223.244.32|192.168.43.153|443|50892|musicstreaming
278|1|10.234292|32|4|6|192.168.43.153|23.223.244.32|50892|443|musicstreaming
279|0|10.234409|1380|4|6|23.223.244.32|192.168.43.153|443|50892|musicstreaming
280|0|10.235354|1380|4|6|23.223.244.32|192.168.43.153|443|50892|musicstreaming
281|1|10.235363|32|4|6|192.168.43.153|23.223.244.32|50892|443|musicstreaming
282|0|10.249752|1380|4|6|23.223.244.32|192.168.43.153|443|50892|musicstreaming
283|0|10.251036|1380|4|6|23.223.244.32|192.168.43.153|443|50892|musicstreaming
284|1|10.251056|32|4|6|192.168.43.153|23.223.244.32|50892|443|musicstreaming
285|0|10.251248|1380|4|6|23.223.244.32|192.168.43.153|443|50892|musicstreaming
286|0|10.251410|1380|4|6|23.223.244.32|192.168.43.153|443|50892|musicstreaming
287|1|10.251419|32|4|6|192.168.43.153|23.223.244.32|50892|443|musicstreaming
288|0|10.251534|1380|4|6|23.223.244.32|192.168.43.153|443|50892|musicstreaming
289|0|10.252764|1380|4|6|23.223.244.32|192.168.43.153|443|50892|musicstreaming
290|1|10.252783|32|4|6|192.168.43.153|23.223.244.32|50892|443|musicstreaming
291|0|10.253616|1380|4|6|23.223.244.32|192.168.43.153|443|50892|musicstreaming
292|0|10.253963|1380|4|6|23.223.244.32|192.168.43.153|443|50892|musicstreaming
293|1|10.253970|32|4|6|192.168.43.153|23.223.244.32|50892|443|musicstreaming
294|0|10.254770|1380|4|6|23.223.244.32|192.168.43.153|443|50892|musicstreaming
295|0|10.257839|1380|4|6|23.223.244.32|192.168.43.153|443|50892|musicstreaming
296|1|10.257861|44|4|6|192.168.43.153|23.223.244.32|50892|443|musicstreaming
297|0|10.258196|1380|4|6|23.223.244.32|192.168.43.153|443|50892|musicstreaming
298|1|10.258227|44|4|6|192.168.43.153|23.223.244.32|50892|443|musicstreaming
299|0|10.280814|1380|4|6|23.223.244.32|192.168.43.153|443|50892|musicstreaming
300|1|10.280851|32|4|6|192.168.43.153|23.223.244.32|50892|443|musicstreaming
301|0|10.280964|1380|4|6|23.223.244.32|192.168.43.153|443|50892|musicstreaming
302|0|10.281130|1380|4|6|23.223.244.32|192.168.43.153|443|50892|musicstreaming
303|1|10.281139|32|4|6|192.168.43.153|23.223.244.32|50892|443|musicstreaming
304|0|10.281287|1380|4|6|23.223.244.32|192.168.43.153|443|50892|musicstreaming
305|0|10.281446|1380|4|6|23.223.244.32|192.168.43.153|443|50892|musicstreaming
306|1|10.281453|32|4|6|192.168.43.153|23.223.244.32|50892|443|musicstreaming
307|0|10.281614|1380|4|6|23.223.244.32|192.168.43.153|443|50892|musicstreaming
308|0|10.281781|1380|4|6|23.223.244.32|192.168.43.153|443|50892|musicstreaming
309|1|10.281811|32|4|6|192.168.43.153|23.223.244.32|50892|443|musicstreaming
310|0|10.281941|1380|4|6|23.223.244.32|192.168.43.153|443|50892|musicstreaming
311|0|10.282111|1380|4|6|23.223.244.32|192.168.43.153|443|50892|musicstreaming
312|1|10.282128|32|4|6|192.168.43.153|23.223.244.32|50892|443|musicstreaming
313|0|10.282262|1380|4|6|23.223.244.32|192.168.43.153|443|50892|musicstreaming
314|0|10.282440|1380|4|6|23.223.244.32|192.168.43.153|443|50892|musicstreaming
315|1|10.282461|32|4|6|192.168.43.153|23.223.244.32|50892|443|musicstreaming
316|0|10.282608|1380|4|6|23.223.244.32|192.168.43.153|443|50892|musicstreaming
317|0|10.282757|1380|4|6|23.223.244.32|192.168.43.153|443|50892|musicstreaming
318|1|10.282787|32|4|6|192.168.43.153|23.223.244.32|50892|443|musicstreaming
319|0|10.282908|1380|4|6|23.223.244.32|192.168.43.153|443|50892|musicstreaming
320|0|10.283073|1380|4|6|23.223.244.32|192.168.43.153|443|50892|musicstreaming
321|1|10.283097|32|4|6|192.168.43.153|23.223.244.32|50892|443|musicstreaming
322|0|10.283231|1380|4|6|23.223.244.32|192.168.43.153|443|50892|musicstreaming
323|0|10.283399|1380|4|6|23.223.244.32|192.168.43.153|443|50892|musicstreaming
324|1|10.283446|32|4|6|192.168.43.153|23.223.244.32|50892|443|musicstreaming
325|0|10.283553|1380|4|6|23.223.244.32|192.168.43.153|443|50892|musicstreaming
326|0|10.283745|1380|4|6|23.223.244.32|192.168.43.153|443|50892|musicstreaming
327|1|10.283859|32|4|6|192.168.43.153|23.223.244.32|50892|443|musicstreaming
328|0|10.290159|1380|4|6|23.223.244.32|192.168.43.153|443|50892|musicstreaming
329|0|10.290257|1380|4|6|23.223.244.32|192.168.43.153|443|50892|musicstreaming
330|1|10.290279|32|4|6|192.168.43.153|23.223.244.32|50892|443|musicstreaming
331|0|10.291266|1380|4|6|23.223.244.32|192.168.43.153|443|50892|musicstreaming
332|0|10.291474|1380|4|6|23.223.244.32|192.168.43.153|443|50892|musicstreaming
333|1|10.291545|32|4|6|192.168.43.153|23.223.244.32|50892|443|musicstreaming
334|0|10.294503|1380|4|6|23.223.244.32|192.168.43.153|443|50892|musicstreaming
335|0|10.294885|1380|4|6|23.223.244.32|192.168.43.153|443|50892|musicstreaming
336|1|10.294977|32|4|6|192.168.43.153|23.223.244.32|50892|443|musicstreaming
337|0|10.295034|1380|4|6|23.223.244.32|192.168.43.153|443|50892|musicstreaming
338|0|10.295195|1380|4|6|23.223.244.32|192.168.43.153|443|50892|musicstreaming
339|1|10.295256|32|4|6|192.168.43.153|23.223.244.32|50892|443|musicstreaming
340|0|10.296471|1380|4|6|23.223.244.32|192.168.43.153|443|50892|musicstreaming
341|0|10.298674|1380|4|6|23.223.244.32|192.168.43.153|443|50892|musicstreaming
342|1|10.298730|32|4|6|192.168.43.153|23.223.244.32|50892|443|musicstreaming
343|0|10.299897|1380|4|6|23.223.244.32|192.168.43.153|443|50892|musicstreaming
344|0|10.300176|1380|4|6|23.223.244.32|192.168.43.153|443|50892|musicstreaming
345|1|10.300233|32|4|6|192.168.43.153|23.223.244.32|50892|443|musicstreaming
346|0|10.301267|1380|4|6|23.223.244.32|192.168.43.153|443|50892|musicstreaming
347|0|10.301558|1380|4|6|23.223.244.32|192.168.43.153|443|50892|musicstreaming
348|1|10.301609|32|4|6|192.168.43.153|23.223.244.32|50892|443|musicstreaming
349|0|10.301703|1380|4|6|23.223.244.32|192.168.43.153|443|50892|musicstreaming
350|0|10.304345|1380|4|6|23.223.244.32|192.168.43.153|443|50892|musicstreaming
351|1|10.304412|32|4|6|192.168.43.153|23.223.244.32|50892|443|musicstreaming
352|0|10.305103|1380|4|6|23.223.244.32|192.168.43.153|443|50892|musicstreaming
353|0|10.305225|1380|4|6|23.223.244.32|192.168.43.153|443|50892|musicstreaming
354|1|10.305318|32|4|6|192.168.43.153|23.223.244.32|50892|443|musicstreaming
355|0|10.307552|1380|4|6|23.223.244.32|192.168.43.153|443|50892|musicstreaming
356|0|10.308086|1380|4|6|23.223.244.32|192.168.43.153|443|50892|musicstreaming
357|1|10.308169|32|4|6|192.168.43.153|23.223.244.32|50892|443|musicstreaming
358|0|10.308369|1380|4|6|23.223.244.32|192.168.43.153|443|50892|musicstreaming
359|0|10.311611|1380|4|6|23.223.244.32|192.168.43.153|443|50892|musicstreaming
360|1|10.311670|32|4|6|192.168.43.153|23.223.244.32|50892|443|musicstreaming
361|0|10.311728|1380|4|6|23.223.244.32|192.168.43.153|443|50892|musicstreaming
362|0|10.312720|1380|4|6|23.223.244.32|192.168.43.153|443|50892|musicstreaming
363|1|10.312777|32|4|6|192.168.43.153|23.223.244.32|50892|443|musicstreaming
364|0|10.313692|1380|4|6|23.223.244.32|192.168.43.153|443|50892|musicstreaming
365|0|10.315534|1380|4|6|23.223.244.32|192.168.43.153|443|50892|musicstreaming
366|1|10.315633|32|4|6|192.168.43.153|23.223.244.32|50892|443|musicstreaming
367|0|10.315865|1380|4|6|23.223.244.32|192.168.43.153|443|50892|musicstreaming
368|0|10.316365|1380|4|6|23.223.244.32|192.168.43.153|443|50892|musicstreaming
369|1|10.316388|32|4|6|192.168.43.153|23.223.244.32|50892|443|musicstreaming
370|0|10.330995|1380|4|6|23.223.244.32|192.168.43.153|443|50892|musicstreaming
371|0|10.331335|1380|4|6|23.223.244.32|192.168.43.153|443|50892|musicstreaming
372|1|10.331374|32|4|6|192.168.43.153|23.223.244.32|50892|443|musicstreaming
373|0|10.331675|1380|4|6|23.223.244.32|192.168.43.153|443|50892|musicstreaming
374|0|10.331778|1380|4|6|23.223.244.32|192.168.43.153|443|50892|musicstreaming
375|1|10.331902|32|4|6|192.168.43.153|23.223.244.32|50892|443|musicstreaming
376|0|10.332678|1380|4|6|23.223.244.32|192.168.43.153|443|50892|musicstreaming
377|0|10.332979|1380|4|6|23.223.244.32|192.168.43.153|443|50892|musicstreaming
378|1|10.333061|32|4|6|192.168.43.153|23.223.244.32|50892|443|musicstreaming
379|0|10.334051|1380|4|6|23.223.244.32|192.168.43.153|443|50892|musicstreaming
380|0|10.335445|1380|4|6|23.223.244.32|192.168.43.153|443|50892|musicstreaming
381|1|10.335496|32|4|6|192.168.43.153|23.223.244.32|50892|443|musicstreaming
382|0|10.335832|1380|4|6|23.223.244.32|192.168.43.153|443|50892|musicstreaming
383|0|10.344740|1380|4|6|23.223.244.32|192.168.43.153|443|50892|musicstreaming
384|1|10.344801|32|4|6|192.168.43.153|23.223.244.32|50892|443|musicstreaming
385|0|10.344996|1380|4|6|23.223.244.32|192.168.43.153|443|50892|musicstreaming
386|0|10.345151|1380|4|6|23.223.244.32|192.168.43.153|443|50892|musicstreaming
387|1|10.345177|32|4|6|192.168.43.153|23.223.244.32|50892|443|musicstreaming
388|0|10.345326|1380|4|6|23.223.244.32|192.168.43.153|443|50892|musicstreaming
389|0|10.345492|1380|4|6|23.223.244.32|192.168.43.153|443|50892|musicstreaming
390|1|10.345510|32|4|6|192.168.43.153|23.223.244.32|50892|443|musicstreaming
391|0|10.346144|1380|4|6|23.223.244.32|192.168.43.153|443|50892|musicstreaming
392|0|10.346306|1380|4|6|23.223.244.32|192.168.43.153|443|50892|musicstreaming
393|1|10.346326|32|4|6|192.168.43.153|23.223.244.32|50892|443|musicstreaming
394|0|10.346415|959|4|6|23.223.244.32|192.168.43.153|443|50892|musicstreaming
395|1|10.346432|32|4|6|192.168.43.153|23.223.244.32|50892|443|musicstreaming
396|1|20.000048|794|4|6|192.168.43.153|23.223.244.32|50892|443|musicstreaming
397|0|20.191663|1380|4|6|23.223.244.32|192.168.43.153|443|50892|musicstreaming
398|1|20.191678|32|4|6|192.168.43.153|23.223.244.32|50892|443|musicstreaming
399|0|20.191826|1380|4|6|23.223.244.32|192.168.43.153|443|50892|musicstreaming
400|1|20.191835|32|4|6|192.168.43.153|23.223.244.32|50892|443|musicstreaming
401|0|20.191989|1380|4|6|23.223.244.32|192.168.43.153|443|50892|musicstreaming
402|1|20.191998|32|4|6|192.168.43.153|23.223.244.32|50892|443|musicstreaming
403|0|20.192151|1380|4|6|23.223.244.32|192.168.43.153|443|50892|musicstreaming
404|1|20.192159|32|4|6|192.168.43.153|23.223.244.32|50892|443|musicstreaming
405|0|20.192273|1380|4|6|23.223.244.32|192.168.43.153|443|50892|musicstreaming
406|1|20.192277|32|4|6|192.168.43.153|23.223.244.32|50892|443|musicstreaming
407|0|20.192434|1380|4|6|23.223.244.32|192.168.43.153|443|50892|musicstreaming
408|1|20.192437|32|4|6|192.168.43.153|23.223.244.32|50892|443|musicstreaming
409|0|20.192594|1380|4|6|23.223.244.32|192.168.43.153|443|50892|musicstreaming
410|1|20.192598|32|4|6|192.168.43.153|23.223.244.32|50892|443|musicstreaming
411|0|20.192755|1380|4|6|23.223.244.32|192.168.43.153|443|50892|musicstreaming
412|1|20.192759|32|4|6|192.168.43.153|23.223.244.32|50892|443|musicstreaming
413|0|20.192918|1380|4|6|23.223.244.32|192.168.43.153|443|50892|musicstreaming
414|1|20.192922|32|4|6|192.168.43.153|23.223.244.32|50892|443|musicstreaming
415|0|20.193108|1380|4|6|23.223.244.32|192.168.43.153|443|50892|musicstreaming
416|1|20.193113|32|4|6|192.168.43.153|23.223.244.32|50892|443|musicstreaming
417|0|20.193273|1380|4|6|23.223.244.32|192.168.43.153|443|50892|musicstreaming
418|1|20.193277|32|4|6|192.168.43.153|23.223.244.32|50892|443|musicstreaming
419|0|20.193404|1380|4|6|23.223.244.32|192.168.43.153|443|50892|musicstreaming
420|1|20.193408|32|4|6|192.168.43.153|23.223.244.32|50892|443|musicstreaming
421|0|20.193567|1380|4|6|23.223.244.32|192.168.43.153|443|50892|musicstreaming
422|1|20.193570|32|4|6|192.168.43.153|23.223.244.32|50892|443|musicstreaming
423|0|20.193729|1380|4|6|23.223.244.32|192.168.43.153|443|50892|musicstreaming
424|1|20.193732|32|4|6|192.168.43.153|23.223.244.32|50892|443|musicstreaming
425|0|20.193895|1380|4|6|23.223.244.32|192.168.43.153|443|50892|musicstreaming
426|1|20.193904|32|4|6|192.168.43.153|23.223.244.32|50892|443|musicstreaming
427|0|20.194052|1380|4|6|23.223.244.32|192.168.43.153|443|50892|musicstreaming
428|1|20.194056|32|4|6|192.168.43.153|23.223.244.32|50892|443|musicstreaming
429|0|20.194217|1380|4|6|23.223.244.32|192.168.43.153|443|50892|musicstreaming
430|0|20.194378|1380|4|6|23.223.244.32|192.168.43.153|443|50892|musicstreaming
431|1|20.194478|32|4|6|192.168.43.153|23.223.244.32|50892|443|musicstreaming
432|0|20.194560|1380|4|6|23.223.244.32|192.168.43.153|443|50892|musicstreaming
433|0|20.194712|1380|4|6|23.223.244.32|192.168.43.153|443|50892|musicstreaming
434|1|20.194749|32|4|6|192.168.43.153|23.223.244.32|50892|443|musicstreaming
435|0|20.194875|1380|4|6|23.223.244.32|192.168.43.153|443|50892|musicstreaming
436|0|20.195094|1380|4|6|23.223.244.32|192.168.43.153|443|50892|musicstreaming
437|0|20.195233|1380|4|6|23.223.244.32|192.168.43.153|443|50892|musicstreaming
438|1|20.195324|32|4|6|192.168.43.153|23.223.244.32|50892|443|musicstreaming
439|0|20.196080|1380|4|6|23.223.244.32|192.168.43.153|443|50892|musicstreaming
440|0|20.196237|1380|4|6|23.223.244.32|192.168.43.153|443|50892|musicstreaming
441|1|20.196273|32|4|6|192.168.43.153|23.223.244.32|50892|443|musicstreaming
442|0|20.196393|1380|4|6|23.223.244.32|192.168.43.153|443|50892|musicstreaming
443|0|20.196570|1380|4|6|23.223.244.32|192.168.43.153|443|50892|musicstreaming
444|1|20.196596|32|4|6|192.168.43.153|23.223.244.32|50892|443|musicstreaming
445|0|20.196712|1380|4|6|23.223.244.32|192.168.43.153|443|50892|musicstreaming
446|0|20.210140|1380|4|6|23.223.244.32|192.168.43.153|443|50892|musicstreaming
447|1|20.210205|32|4|6|192.168.43.153|23.223.244.32|50892|443|musicstreaming
448|0|20.210521|1380|4|6|23.223.244.32|192.168.43.153|443|50892|musicstreaming
449|0|20.212475|1380|4|6|23.223.244.32|192.168.43.153|443|50892|musicstreaming
450|1|20.212535|32|4|6|192.168.43.153|23.223.244.32|50892|443|musicstreaming
451|0|20.212863|1380|4|6|23.223.244.32|192.168.43.153|443|50892|musicstreaming
452|0|20.213018|1380|4|6|23.223.244.32|192.168.43.153|443|50892|musicstreaming
453|1|20.213056|32|4|6|192.168.43.153|23.223.244.32|50892|443|musicstreaming
454|0|20.213912|1380|4|6|23.223.244.32|192.168.43.153|443|50892|musicstreaming
455|0|20.217378|1380|4|6|23.223.244.32|192.168.43.153|443|50892|musicstreaming
456|1|20.217429|32|4|6|192.168.43.153|23.223.244.32|50892|443|musicstreaming
457|0|20.220057|1380|4|6|23.223.244.32|192.168.43.153|443|50892|musicstreaming
458|0|20.233946|1380|4|6|23.223.244.32|192.168.43.153|443|50892|musicstreaming
459|1|20.234004|32|4|6|192.168.43.153|23.223.244.32|50892|443|musicstreaming
460|0|20.234293|1380|4|6|23.223.244.32|192.168.43.153|443|50892|musicstreaming
461|0|20.234441|1380|4|6|23.223.244.32|192.168.43.153|443|50892|musicstreaming
462|1|20.234460|32|4|6|192.168.43.153|23.223.244.32|50892|443|musicstreaming
463|0|20.246685|1380|4|6|23.223.244.32|192.168.43.153|443|50892|musicstreaming
464|0|20.255331|1380|4|6|23.223.244.32|192.168.43.153|443|50892|musicstreaming
465|1|20.255391|32|4|6|192.168.43.153|23.223.244.32|50892|443|musicstreaming
466|0|20.255694|1380|4|6|23.223.244.32|192.168.43.153|443|50892|musicstreaming
467|0|20.258301|1380|4|6|23.223.244.32|192.168.43.153|443|50892|musicstreaming
468|1|20.258332|32|4|6|192.168.43.153|23.223.244.32|50892|443|musicstreaming
469|0|20.262573|1380|4|6|23.223.244.32|192.168.43.153|443|50892|musicstreaming
470|0|20.265909|1380|4|6|23.223.244.32|192.168.43.153|443|50892|musicstreaming
471|1|20.265993|32|4|6|192.168.43.153|23.223.244.32|50892|443|musicstreaming
472|0|20.288681|1380|4|6|23.223.244.32|192.168.43.153|443|50892|musicstreaming
473|0|20.291686|1380|4|6|23.223.244.32|192.168.43.153|443|50892|musicstreaming
474|1|20.291750|32|4|6|192.168.43.153|23.223.244.32|50892|443|musicstreaming
475|0|20.294140|1380|4|6|23.223.244.32|192.168.43.153|443|50892|musicstreaming
476|0|20.295355|1380|4|6|23.223.244.32|192.168.43.153|443|50892|musicstreaming
477|1|20.295411|32|4|6|192.168.43.153|23.223.244.32|50892|443|musicstreaming
478|0|20.304224|1380|4|6|23.223.244.32|192.168.43.153|443|50892|musicstreaming
479|0|20.304575|1380|4|6|23.223.244.32|192.168.43.153|443|50892|musicstreaming
480|1|20.304608|32|4|6|192.168.43.153|23.223.244.32|50892|443|musicstreaming
481|0|20.304741|1380|4|6|23.223.244.32|192.168.43.153|443|50892|musicstreaming
482|0|20.316461|1380|4|6|23.223.244.32|192.168.43.153|443|50892|musicstreaming
483|1|20.316519|32|4|6|192.168.43.153|23.223.244.32|50892|443|musicstreaming
484|0|20.326519|1380|4|6|23.223.244.32|192.168.43.153|443|50892|musicstreaming
485|0|20.326857|1380|4|6|23.223.244.32|192.168.43.153|443|50892|musicstreaming
486|1|20.326926|32|4|6|192.168.43.153|23.223.244.32|50892|443|musicstreaming
487|0|20.327647|1380|4|6|23.223.244.32|192.168.43.153|443|50892|musicstreaming
488|0|20.329701|1380|4|6|23.223.244.32|192.168.43.153|443|50892|musicstreaming
489|1|20.329762|32|4|6|192.168.43.153|23.223.244.32|50892|443|musicstreaming
490|0|20.333436|1380|4|6|23.223.244.32|192.168.43.153|443|50892|musicstreaming
491|0|20.344689|1380|4|6|23.223.244.32|192.168.43.153|443|50892|musicstreaming
492|1|20.344772|32|4|6|192.168.43.153|23.223.244.32|50892|443|musicstreaming
493|0|20.346941|1380|4|6|23.223.244.32|192.168.43.153|443|50892|musicstreaming
494|0|20.347275|1380|4|6|23.223.244.32|192.168.43.153|443|50892|musicstreaming
495|1|20.347326|32|4|6|192.168.43.153|23.223.244.32|50892|443|musicstreaming
496|0|20.347409|1380|4|6|23.223.244.32|192.168.43.153|443|50892|musicstreaming
497|0|20.353730|1380|4|6|23.223.244.32|192.168.43.153|443|50892|musicstreaming
498|1|20.353796|32|4|6|192.168.43.153|23.223.244.32|50892|443|musicstreaming
499|0|20.354051|1380|4|6|23.223.244.32|192.168.43.153|443|50892|musicstreaming
500|0|20.355149|1380|4|6|23.223.244.32|192.168.43.153|443|50892|musicstreaming
501|1|20.355250|32|4|6|192.168.43.153|23.223.244.32|50892|443|musicstreaming
502|0|20.371220|1380|4|6|23.223.244.32|192.168.43.153|443|50892|musicstreaming
503|0|20.374556|1380|4|6|23.223.244.32|192.168.43.153|443|50892|musicstreaming
504|1|20.374636|32|4|6|192.168.43.153|23.223.244.32|50892|443|musicstreaming
505|0|20.378109|1380|4|6|23.223.244.32|192.168.43.153|443|50892|musicstreaming
506|0|20.378466|1380|4|6|23.223.244.32|192.168.43.153|443|50892|musicstreaming
507|1|20.378513|32|4|6|192.168.43.153|23.223.244.32|50892|443|musicstreaming
508|0|20.382606|1380|4|6|23.223.244.32|192.168.43.153|443|50892|musicstreaming
509|0|20.384857|1380|4|6|23.223.244.32|192.168.43.153|443|50892|musicstreaming
510|1|20.384908|32|4|6|192.168.43.153|23.223.244.32|50892|443|musicstreaming
511|0|20.386808|1380|4|6|23.223.244.32|192.168.43.153|443|50892|musicstreaming
512|0|20.390989|1380|4|6|23.223.244.32|192.168.43.153|443|50892|musicstreaming
513|1|20.391079|32|4|6|192.168.43.153|23.223.244.32|50892|443|musicstreaming
514|0|20.393694|1380|4|6|23.223.244.32|192.168.43.153|443|50892|musicstreaming
515|0|20.395694|1380|4|6|23.223.244.32|192.168.43.153|443|50892|musicstreaming
516|1|20.395744|32|4|6|192.168.43.153|23.223.244.32|50892|443|musicstreaming
517|0|20.411142|1380|4|6|23.223.244.32|192.168.43.153|443|50892|musicstreaming
518|0|20.412400|1380|4|6|23.223.244.32|192.168.43.153|443|50892|musicstreaming
519|1|20.412460|32|4|6|192.168.43.153|23.223.244.32|50892|443|musicstreaming
520|0|20.424186|1380|4|6|23.223.244.32|192.168.43.153|443|50892|musicstreaming
521|0|20.424511|1380|4|6|23.223.244.32|192.168.43.153|443|50892|musicstreaming
522|1|20.424619|32|4|6|192.168.43.153|23.223.244.32|50892|443|musicstreaming
523|0|20.424631|1380|4|6|23.223.244.32|192.168.43.153|443|50892|musicstreaming
524|0|20.425648|1380|4|6|23.223.244.32|192.168.43.153|443|50892|musicstreaming
525|1|20.425751|32|4|6|192.168.43.153|23.223.244.32|50892|443|musicstreaming
526|0|20.430544|1380|4|6|23.223.244.32|192.168.43.153|443|50892|musicstreaming
527|0|20.446842|1380|4|6|23.223.244.32|192.168.43.153|443|50892|musicstreaming
528|1|20.446938|32|4|6|192.168.43.153|23.223.244.32|50892|443|musicstreaming
529|0|20.447219|1380|4|6|23.223.244.32|192.168.43.153|443|50892|musicstreaming
530|0|20.449384|1380|4|6|23.223.244.32|192.168.43.153|443|50892|musicstreaming
531|1|20.449604|32|4|6|192.168.43.153|23.223.244.32|50892|443|musicstreaming
532|0|20.451270|1380|4|6|23.223.244.32|192.168.43.153|443|50892|musicstreaming
533|0|20.454266|1380|4|6|23.223.244.32|192.168.43.153|443|50892|musicstreaming
534|1|20.454349|32|4|6|192.168.43.153|23.223.244.32|50892|443|musicstreaming
535|0|20.456914|1380|4|6|23.223.244.32|192.168.43.153|443|50892|musicstreaming
536|0|20.460221|1380|4|6|23.223.244.32|192.168.43.153|443|50892|musicstreaming
537|1|20.460305|32|4|6|192.168.43.153|23.223.244.32|50892|443|musicstreaming
538|0|20.461887|1380|4|6|23.223.244.32|192.168.43.153|443|50892|musicstreaming
539|0|20.463504|1380|4|6|23.223.244.32|192.168.43.153|443|50892|musicstreaming
540|1|20.463580|32|4|6|192.168.43.153|23.223.244.32|50892|443|musicstreaming
541|0|20.468544|1380|4|6|23.223.244.32|192.168.43.153|443|50892|musicstreaming
542|0|20.473082|1380|4|6|23.223.244.32|192.168.43.153|443|50892|musicstreaming
543|1|20.473169|32|4|6|192.168.43.153|23.223.244.32|50892|443|musicstreaming
544|0|20.475655|1380|4|6|23.223.244.32|192.168.43.153|443|50892|musicstreaming
545|0|20.475882|1380|4|6|23.223.244.32|192.168.43.153|443|50892|musicstreaming
546|1|20.475953|32|4|6|192.168.43.153|23.223.244.32|50892|443|musicstreaming
547|0|20.490693|1380|4|6|23.223.244.32|192.168.43.153|443|50892|musicstreaming
548|0|20.494161|1380|4|6|23.223.244.32|192.168.43.153|443|50892|musicstreaming
549|1|20.494269|32|4|6|192.168.43.153|23.223.244.32|50892|443|musicstreaming
550|0|20.504090|1380|4|6|23.223.244.32|192.168.43.153|443|50892|musicstreaming
551|0|20.520457|1380|4|6|23.223.244.32|192.168.43.153|443|50892|musicstreaming
552|1|20.520515|32|4|6|192.168.43.153|23.223.244.32|50892|443|musicstreaming
553|0|20.520588|1380|4|6|23.223.244.32|192.168.43.153|443|50892|musicstreaming
554|0|20.520741|1380|4|6|23.223.244.32|192.168.43.153|443|50892|musicstreaming
555|1|20.520790|32|4|6|192.168.43.153|23.223.244.32|50892|443|musicstreaming
556|0|20.527069|1380|4|6|23.223.244.32|192.168.43.153|443|50892|musicstreaming
557|0|20.532677|1380|4|6|23.223.244.32|192.168.43.153|443|50892|musicstreaming
558|1|20.532782|32|4|6|192.168.43.153|23.223.244.32|50892|443|musicstreaming
559|0|20.538965|1380|4|6|23.223.244.32|192.168.43.153|443|50892|musicstreaming
560|0|20.543425|1380|4|6|23.223.244.32|192.168.43.153|443|50892|musicstreaming
561|1|20.543512|32|4|6|192.168.43.153|23.223.244.32|50892|443|musicstreaming
562|0|20.547123|1380|4|6|23.223.244.32|192.168.43.153|443|50892|musicstreaming
563|0|20.551365|1380|4|6|23.223.244.32|192.168.43.153|443|50892|musicstreaming
564|1|20.551455|32|4|6|192.168.43.153|23.223.244.32|50892|443|musicstreaming
565|0|20.554623|1380|4|6|23.223.244.32|192.168.43.153|443|50892|musicstreaming
566|0|20.570082|1380|4|6|23.223.244.32|192.168.43.153|443|50892|musicstreaming
567|1|20.570165|32|4|6|192.168.43.153|23.223.244.32|50892|443|musicstreaming
568|0|20.574540|1380|4|6|23.223.244.32|192.168.43.153|443|50892|musicstreaming
569|0|20.577212|1380|4|6|23.223.244.32|192.168.43.153|443|50892|musicstreaming
570|1|20.577295|32|4|6|192.168.43.153|23.223.244.32|50892|443|musicstreaming
571|0|20.580616|1380|4|6|23.223.244.32|192.168.43.153|443|50892|musicstreaming
572|0|20.583000|1380|4|6|23.223.244.32|192.168.43.153|443|50892|musicstreaming
573|1|20.583087|32|4|6|192.168.43.153|23.223.244.32|50892|443|musicstreaming
574|0|20.584115|1380|4|6|23.223.244.32|192.168.43.153|443|50892|musicstreaming
575|0|20.591239|1380|4|6|23.223.244.32|192.168.43.153|443|50892|musicstreaming
576|1|20.591341|32|4|6|192.168.43.153|23.223.244.32|50892|443|musicstreaming
577|0|20.596013|1380|4|6|23.223.244.32|192.168.43.153|443|50892|musicstreaming
578|0|20.611805|1380|4|6|23.223.244.32|192.168.43.153|443|50892|musicstreaming
579|1|20.611883|32|4|6|192.168.43.153|23.223.244.32|50892|443|musicstreaming
580|0|20.615574|1380|4|6|23.223.244.32|192.168.43.153|443|50892|musicstreaming
581|0|20.619606|1380|4|6|23.223.244.32|192.168.43.153|443|50892|musicstreaming
582|1|20.619681|32|4|6|192.168.43.153|23.223.244.32|50892|443|musicstreaming
583|0|20.622375|1380|4|6|23.223.244.32|192.168.43.153|443|50892|musicstreaming
584|0|20.623846|1380|4|6|23.223.244.32|192.168.43.153|443|50892|musicstreaming
585|1|20.623919|32|4|6|192.168.43.153|23.223.244.32|50892|443|musicstreaming
586|0|20.627952|1380|4|6|23.223.244.32|192.168.43.153|443|50892|musicstreaming
587|0|20.632152|1380|4|6|23.223.244.32|192.168.43.153|443|50892|musicstreaming
588|1|20.632234|32|4|6|192.168.43.153|23.223.244.32|50892|443|musicstreaming
589|0|20.650634|1288|4|6|23.223.244.32|192.168.43.153|443|50892|musicstreaming
590|1|20.650692|32|4|6|192.168.43.153|23.223.244.32|50892|443|musicstreaming
591|1|30.000195|794|4|6|192.168.43.153|23.223.244.32|50892|443|musicstreaming
592|0|30.280452|1380|4|6|23.223.244.32|192.168.43.153|443|50892|musicstreaming
593|1|30.280478|32|4|6|192.168.43.153|23.223.244.32|50892|443|musicstreaming
594|0|30.280591|1380|4|6|23.223.244.32|192.168.43.153|443|50892|musicstreaming
595|1|30.280596|32|4|6|192.168.43.153|23.223.244.32|50892|443|musicstreaming
596|0|30.280751|1380|4|6|23.223.244.32|192.168.43.153|443|50892|musicstreaming
597|1|30.280755|32|4|6|192.168.43.153|23.223.244.32|50892|443|musicstreaming
598|0|30.280922|1380|4|6|23.223.244.32|192.168.43.153|443|50892|musicstreaming
599|1|30.280931|32|4|6|192.168.43.153|23.223.244.32|50892|443|musicstreaming
600|0|30.281077|1380|4|6|23.223.244.32|192.168.43.153|443|50892|musicstreaming
601|1|30.281083|32|4|6|192.168.43.153|23.223.244.32|50892|443|musicstreaming
602|0|30.281240|1380|4|6|23.223.244.32|192.168.43.153|443|50892|musicstreaming
603|1|30.281245|32|4|6|192.168.43.153|23.223.244.32|50892|443|musicstreaming
604|0|30.281400|1380|4|6|23.223.244.32|192.168.43.153|443|50892|musicstreaming
605|1|30.281405|32|4|6|192.168.43.153|23.223.244.32|50892|443|musicstreaming
606|0|30.281560|1380|4|6|23.223.244.32|192.168.43.153|443|50892|musicstreaming
607|1|30.281565|32|4|6|192.168.43.153|23.223.244.32|50892|443|musicstreaming
608|0|30.281726|1380|4|6|23.223.244.32|192.168.43.153|443|50892|musicstreaming
609|1|30.281733|32|4|6|192.168.43.153|23.223.244.32|50892|443|musicstreaming
610|0|30.281886|1380|4|6|23.223.244.32|192.168.43.153|443|50892|musicstreaming
611|1|30.281891|32|4|6|192.168.43.153|23.223.244.32|50892|443|musicstreaming
612|0|30.282049|1380|4|6|23.223.244.32|192.168.43.153|443|50892|musicstreaming
613|1|30.282056|32|4|6|192.168.43.153|23.223.244.32|50892|443|musicstreaming
614|0|30.282208|1380|4|6|23.223.244.32|192.168.43.153|443|50892|musicstreaming
615|1|30.282213|32|4|6|192.168.43.153|23.223.244.32|50892|443|musicstreaming
616|0|30.282380|1380|4|6|23.223.244.32|192.168.43.153|443|50892|musicstreaming
617|1|30.282386|32|4|6|192.168.43.153|23.223.244.32|50892|443|musicstreaming
618|0|30.282565|1380|4|6|23.223.244.32|192.168.43.153|443|50892|musicstreaming
619|1|30.282596|32|4|6|192.168.43.153|23.223.244.32|50892|443|musicstreaming
620|0|30.282712|1380|4|6|23.223.244.32|192.168.43.153|443|50892|musicstreaming
621|1|30.282734|32|4|6|192.168.43.153|23.223.244.32|50892|443|musicstreaming
622|0|30.282855|1380|4|6|23.223.244.32|192.168.43.153|443|50892|musicstreaming
623|1|30.282860|32|4|6|192.168.43.153|23.223.244.32|50892|443|musicstreaming
624|0|30.283022|1380|4|6|23.223.244.32|192.168.43.153|443|50892|musicstreaming
625|0|30.283197|1380|4|6|23.223.244.32|192.168.43.153|443|50892|musicstreaming
626|0|30.283338|1380|4|6|23.223.244.32|192.168.43.153|443|50892|musicstreaming
627|1|30.283452|32|4|6|192.168.43.153|23.223.244.32|50892|443|musicstreaming
628|0|30.283508|1380|4|6|23.223.244.32|192.168.43.153|443|50892|musicstreaming
629|0|30.283664|1380|4|6|23.223.244.32|192.168.43.153|443|50892|musicstreaming
630|1|30.283692|32|4|6|192.168.43.153|23.223.244.32|50892|443|musicstreaming
631|0|30.283830|1380|4|6|23.223.244.32|192.168.43.153|443|50892|musicstreaming
632|0|30.283988|1380|4|6|23.223.244.32|192.168.43.153|443|50892|musicstreaming
633|1|30.284016|32|4|6|192.168.43.153|23.223.244.32|50892|443|musicstreaming
634|0|30.284145|1380|4|6|23.223.244.32|192.168.43.153|443|50892|musicstreaming
635|0|30.284303|1380|4|6|23.223.244.32|192.168.43.153|443|50892|musicstreaming
636|1|30.284315|32|4|6|192.168.43.153|23.223.244.32|50892|443|musicstreaming
637|0|30.287310|1380|4|6|23.223.244.32|192.168.43.153|443|50892|musicstreaming
638|0|30.287487|1380|4|6|23.223.244.32|192.168.43.153|443|50892|musicstreaming
639|1|30.287557|32|4|6|192.168.43.153|23.223.244.32|50892|443|musicstreaming
640|0|30.287618|1380|4|6|23.223.244.32|192.168.43.153|443|50892|musicstreaming
641|0|30.287795|1380|4|6|23.223.244.32|192.168.43.153|443|50892|musicstreaming
642|1|30.287830|32|4|6|192.168.43.153|23.223.244.32|50892|443|musicstreaming
643|0|30.287939|1380|4|6|23.223.244.32|192.168.43.153|443|50892|musicstreaming
644|0|30.288080|1380|4|6|23.223.244.32|192.168.43.153|443|50892|musicstreaming
645|1|30.288109|32|4|6|192.168.43.153|23.223.244.32|50892|443|musicstreaming
646|0|30.288277|1380|4|6|23.223.244.32|192.168.43.153|443|50892|musicstreaming
647|0|30.288402|1380|4|6|23.223.244.32|192.168.43.153|443|50892|musicstreaming
648|1|30.288431|32|4|6|192.168.43.153|23.223.244.32|50892|443|musicstreaming
649|0|30.288564|1380|4|6|23.223.244.32|192.168.43.153|443|50892|musicstreaming
650|0|30.288725|1380|4|6|23.223.244.32|192.168.43.153|443|50892|musicstreaming
651|1|30.288737|32|4|6|192.168.43.153|23.223.244.32|50892|443|musicstreaming
652|0|30.288947|1380|4|6|23.223.244.32|192.168.43.153|443|50892|musicstreaming
653|0|30.289091|1380|4|6|23.223.244.32|192.168.43.153|443|50892|musicstreaming
654|1|30.289125|32|4|6|192.168.43.153|23.223.244.32|50892|443|musicstreaming
655|0|30.289238|1380|4|6|23.223.244.32|192.168.43.153|443|50892|musicstreaming
656|0|30.289375|1380|4|6|23.223.244.32|192.168.43.153|443|50892|musicstreaming
657|1|30.289396|32|4|6|192.168.43.153|23.223.244.32|50892|443|musicstreaming
658|0|30.289531|1380|4|6|23.223.244.32|192.168.43.153|443|50892|musicstreaming
659|0|30.289693|1380|4|6|23.223.244.32|192.168.43.153|443|50892|musicstreaming
660|1|30.289721|32|4|6|192.168.43.153|23.223.244.32|50892|443|musicstreaming
661|0|30.294967|1380|4|6|23.223.244.32|192.168.43.153|443|50892|musicstreaming
662|0|30.295266|1380|4|6|23.223.244.32|192.168.43.153|443|50892|musicstreaming
663|1|30.295303|32|4|6|192.168.43.153|23.223.244.32|50892|443|musicstreaming
664|0|30.297375|1380|4|6|23.223.244.32|192.168.43.153|443|50892|musicstreaming
665|0|30.300668|1380|4|6|23.223.244.32|192.168.43.153|443|50892|musicstreaming
666|1|30.300698|32|4|6|192.168.43.153|23.223.244.32|50892|443|musicstreaming
667|0|30.304173|1380|4|6|23.223.244.32|192.168.43.153|443|50892|musicstreaming
668|0|30.306801|1380|4|6|23.223.244.32|192.168.43.153|443|50892|musicstreaming
669|1|30.306864|32|4|6|192.168.43.153|23.223.244.32|50892|443|musicstreaming
670|0|30.310227|1380|4|6|23.223.244.32|192.168.43.153|443|50892|musicstreaming
671|0|30.314062|1380|4|6|23.223.244.32|192.168.43.153|443|50892|musicstreaming
672|1|30.314133|32|4|6|192.168.43.153|23.223.244.32|50892|443|musicstreaming
673|0|30.334656|1380|4|6|23.223.244.32|192.168.43.153|443|50892|musicstreaming
674|0|30.337391|1380|4|6|23.223.244.32|192.168.43.153|443|50892|musicstreaming
675|1|30.337475|32|4|6|192.168.43.153|23.223.244.32|50892|443|musicstreaming
676|0|30.340885|1380|4|6|23.223.244.32|192.168.43.153|443|50892|musicstreaming
677|0|30.342702|1380|4|6|23.223.244.32|192.168.43.153|443|50892|musicstreaming
678|1|30.342771|32|4|6|192.168.43.153|23.223.244.32|50892|443|musicstreaming
679|0|30.347448|1380|4|6|23.223.244.32|192.168.43.153|443|50892|musicstreaming
680|0|30.350193|1380|4|6|23.223.244.32|192.168.43.153|443|50892|musicstreaming
681|1|30.350247|32|4|6|192.168.43.153|23.223.244.32|50892|443|musicstreaming
682|0|30.350643|1380|4|6|23.223.244.32|192.168.43.153|443|50892|musicstreaming
683|0|30.353230|1380|4|6|23.223.244.32|192.168.43.153|443|50892|musicstreaming
684|1|30.353261|32|4|6|192.168.43.153|23.223.244.32|50892|443|musicstreaming
685|0|30.371686|1380|4|6|23.223.244.32|192.168.43.153|443|50892|musicstreaming
686|0|30.374476|1380|4|6|23.223.244.32|192.168.43.153|443|50892|musicstreaming
687|1|30.374544|32|4|6|192.168.43.153|23.223.244.32|50892|443|musicstreaming
688|0|30.374903|1380|4|6|23.223.244.32|192.168.43.153|443|50892|musicstreaming
689|0|30.381596|1380|4|6|23.223.244.32|192.168.43.153|443|50892|musicstreaming
690|1|30.381660|32|4|6|192.168.43.153|23.223.244.32|50892|443|musicstreaming
691|0|30.385332|1380|4|6|23.223.244.32|192.168.43.153|443|50892|musicstreaming
692|0|30.385666|1380|4|6|23.223.244.32|192.168.43.153|443|50892|musicstreaming
693|1|30.385693|32|4|6|192.168.43.153|23.223.244.32|50892|443|musicstreaming
694|0|30.387982|1380|4|6|23.223.244.32|192.168.43.153|443|50892|musicstreaming
695|0|30.389249|1380|4|6|23.223.244.32|192.168.43.153|443|50892|musicstreaming
696|1|30.389316|32|4|6|192.168.43.153|23.223.244.32|50892|443|musicstreaming
697|0|30.392450|1380|4|6|23.223.244.32|192.168.43.153|443|50892|musicstreaming
698|0|30.394155|1380|4|6|23.223.244.32|192.168.43.153|443|50892|musicstreaming
699|1|30.394230|32|4|6|192.168.43.153|23.223.244.32|50892|443|musicstreaming
700|0|30.410064|1380|4|6|23.223.244.32|192.168.43.153|443|50892|musicstreaming
701|0|30.412594|1380|4|6|23.223.244.32|192.168.43.153|443|50892|musicstreaming
702|1|30.412672|32|4|6|192.168.43.153|23.223.244.32|50892|443|musicstreaming
703|0|30.415587|1380|4|6|23.223.244.32|192.168.43.153|443|50892|musicstreaming
704|0|30.416997|1380|4|6|23.223.244.32|192.168.43.153|443|50892|musicstreaming
705|1|30.417045|32|4|6|192.168.43.153|23.223.244.32|50892|443|musicstreaming
706|0|30.418639|1380|4|6|23.223.244.32|192.168.43.153|443|50892|musicstreaming
707|0|30.421284|1380|4|6|23.223.244.32|192.168.43.153|443|50892|musicstreaming
708|1|30.421353|32|4|6|192.168.43.153|23.223.244.32|50892|443|musicstreaming
709|0|30.424403|1380|4|6|23.223.244.32|192.168.43.153|443|50892|musicstreaming
710|0|30.425926|1380|4|6|23.223.244.32|192.168.43.153|443|50892|musicstreaming
711|1|30.425961|32|4|6|192.168.43.153|23.223.244.32|50892|443|musicstreaming
712|0|30.430147|1380|4|6|23.223.244.32|192.168.43.153|443|50892|musicstreaming
713|0|30.431554|1380|4|6|23.223.244.32|192.168.43.153|443|50892|musicstreaming
714|1|30.431622|32|4|6|192.168.43.153|23.223.244.32|50892|443|musicstreaming
715|0|30.434294|1380|4|6|23.223.244.32|192.168.43.153|443|50892|musicstreaming
716|0|30.435714|1380|4|6|23.223.244.32|192.168.43.153|443|50892|musicstreaming
717|1|30.435790|32|4|6|192.168.43.153|23.223.244.32|50892|443|musicstreaming
718|0|30.459165|1380|4|6|23.223.244.32|192.168.43.153|443|50892|musicstreaming
719|0|30.459403|1380|4|6|23.223.244.32|192.168.43.153|443|50892|musicstreaming
720|1|30.459475|32|4|6|192.168.43.153|23.223.244.32|50892|443|musicstreaming
721|0|30.459569|1380|4|6|23.223.244.32|192.168.43.153|443|50892|musicstreaming
722|0|30.459731|1380|4|6|23.223.244.32|192.168.43.153|443|50892|musicstreaming
723|1|30.459798|32|4|6|192.168.43.153|23.223.244.32|50892|443|musicstreaming
724|0|30.460647|1380|4|6|23.223.244.32|192.168.43.153|443|50892|musicstreaming
725|0|30.462661|1380|4|6|23.223.244.32|192.168.43.153|443|50892|musicstreaming
726|1|30.462710|32|4|6|192.168.43.153|23.223.244.32|50892|443|musicstreaming
727|0|30.465030|1380|4|6|23.223.244.32|192.168.43.153|443|50892|musicstreaming
728|0|30.473042|1380|4|6|23.223.244.32|192.168.43.153|443|50892|musicstreaming
729|1|30.473115|32|4|6|192.168.43.153|23.223.244.32|50892|443|musicstreaming
730|0|30.487650|1380|4|6|23.223.244.32|192.168.43.153|443|50892|musicstreaming
731|0|30.490511|1380|4|6|23.223.244.32|192.168.43.153|443|50892|musicstreaming
732|1|30.490608|32|4|6|192.168.43.153|23.223.244.32|50892|443|musicstreaming
733|0|30.492810|1380|4|6|23.223.244.32|192.168.43.153|443|50892|musicstreaming
734|0|30.494516|1380|4|6|23.223.244.32|192.168.43.153|443|50892|musicstreaming
735|1|30.494681|32|4|6|192.168.43.153|23.223.244.32|50892|443|musicstreaming
736|0|30.498359|1380|4|6|23.223.244.32|192.168.43.153|443|50892|musicstreaming
737|0|30.502535|1380|4|6|23.223.244.32|192.168.43.153|443|50892|musicstreaming
738|1|30.502619|32|4|6|192.168.43.153|23.223.244.32|50892|443|musicstreaming
739|0|30.505260|1380|4|6|23.223.244.32|192.168.43.153|443|50892|musicstreaming
740|0|30.506475|1380|4|6|23.223.244.32|192.168.43.153|443|50892|musicstreaming
741|1|30.506515|32|4|6|192.168.43.153|23.223.244.32|50892|443|musicstreaming
742|0|30.509226|1380|4|6|23.223.244.32|192.168.43.153|443|50892|musicstreaming
743|0|30.512962|1380|4|6|23.223.244.32|192.168.43.153|443|50892|musicstreaming
744|1|30.513027|32|4|6|192.168.43.153|23.223.244.32|50892|443|musicstreaming
745|0|30.515697|1380|4|6|23.223.244.32|192.168.43.153|443|50892|musicstreaming
746|0|30.532561|1380|4|6|23.223.244.32|192.168.43.153|443|50892|musicstreaming
747|1|30.532620|32|4|6|192.168.43.153|23.223.244.32|50892|443|musicstreaming
748|0|30.534307|1380|4|6|23.223.244.32|192.168.43.153|443|50892|musicstreaming
749|0|30.536930|1380|4|6|23.223.244.32|192.168.43.153|443|50892|musicstreaming
750|1|30.536998|32|4|6|192.168.43.153|23.223.244.32|50892|443|musicstreaming
751|0|30.539529|1380|4|6|23.223.244.32|192.168.43.153|443|50892|musicstreaming
752|0|30.541362|1380|4|6|23.223.244.32|192.168.43.153|443|50892|musicstreaming
753|1|30.541430|32|4|6|192.168.43.153|23.223.244.32|50892|443|musicstreaming
754|0|30.542722|1380|4|6|23.223.244.32|192.168.43.153|443|50892|musicstreaming
755|0|30.545770|1380|4|6|23.223.244.32|192.168.43.153|443|50892|musicstreaming
756|1|30.545843|32|4|6|192.168.43.153|23.223.244.32|50892|443|musicstreaming
757|0|30.547484|1380|4|6|23.223.244.32|192.168.43.153|443|50892|musicstreaming
758|0|30.549547|1380|4|6|23.223.244.32|192.168.43.153|443|50892|musicstreaming
759|1|30.549602|32|4|6|192.168.43.153|23.223.244.32|50892|443|musicstreaming
760|0|30.551151|1380|4|6|23.223.244.32|192.168.43.153|443|50892|musicstreaming
761|0|30.552957|1380|4|6|23.223.244.32|192.168.43.153|443|50892|musicstreaming
762|1|30.552988|32|4|6|192.168.43.153|23.223.244.32|50892|443|musicstreaming
763|0|30.556078|1380|4|6|23.223.244.32|192.168.43.153|443|50892|musicstreaming
764|0|30.579343|1380|4|6|23.223.244.32|192.168.43.153|443|50892|musicstreaming
765|1|30.579400|32|4|6|192.168.43.153|23.223.244.32|50892|443|musicstreaming
766|0|30.579721|1380|4|6|23.223.244.32|192.168.43.153|443|50892|musicstreaming
767|0|30.583880|1380|4|6|23.223.244.32|192.168.43.153|443|50892|musicstreaming
768|1|30.583936|32|4|6|192.168.43.153|23.223.244.32|50892|443|musicstreaming
769|0|30.584204|1380|4|6|23.223.244.32|192.168.43.153|443|50892|musicstreaming
770|0|30.586444|1380|4|6|23.223.244.32|192.168.43.153|443|50892|musicstreaming
771|1|30.586464|32|4|6|192.168.43.153|23.223.244.32|50892|443|musicstreaming
772|0|30.586558|1380|4|6|23.223.244.32|192.168.43.153|443|50892|musicstreaming
773|0|30.588162|1380|4|6|23.223.244.32|192.168.43.153|443|50892|musicstreaming
774|1|30.588193|32|4|6|192.168.43.153|23.223.244.32|50892|443|musicstreaming
775|0|30.589640|1380|4|6|23.223.244.32|192.168.43.153|443|50892|musicstreaming
776|0|30.593013|1380|4|6|23.223.244.32|192.168.43.153|443|50892|musicstreaming
777|1|30.593081|32|4|6|192.168.43.153|23.223.244.32|50892|443|musicstreaming
778|0|30.594715|1380|4|6|23.223.244.32|192.168.43.153|443|50892|musicstreaming
779|0|30.611998|1380|4|6|23.223.244.32|192.168.43.153|443|50892|musicstreaming
780|1|30.612078|32|4|6|192.168.43.153|23.223.244.32|50892|443|musicstreaming
781|0|30.613727|1380|4|6|23.223.244.32|192.168.43.153|443|50892|musicstreaming
782|0|30.617581|1380|4|6|23.223.244.32|192.168.43.153|443|50892|musicstreaming
783|1|30.617649|32|4|6|192.168.43.153|23.223.244.32|50892|443|musicstreaming
784|0|30.619300|1093|4|6|23.223.244.32|192.168.43.153|443|50892|musicstreaming
785|1|30.619410|32|4|6|192.168.43.153|23.223.244.32|50892|443|musicstreaming
786|1|40.000196|795|4|6|192.168.43.153|23.223.244.32|50892|443|musicstreaming
787|1|40.466586|795|4|6|192.168.43.153|23.223.244.32|50892|443|musicstreaming
788|1|40.942650|795|4|6|192.168.43.153|23.223.244.32|50892|443|musicstreaming
789|1|41.874616|795|4|6|192.168.43.153|23.223.244.32|50892|443|musicstreaming
790|1|43.726653|795|4|6|192.168.43.153|23.223.244.32|50892|443|musicstreaming
791|1|47.566597|795|4|6|192.168.43.153|23.223.244.32|50892|443|musicstreaming
792|0|48.507393|1380|4|6|23.223.244.32|192.168.43.153|443|50892|musicstreaming
793|1|48.507453|32|4|6|192.168.43.153|23.223.244.32|50892|443|musicstreaming
794|0|48.507466|1380|4|6|23.223.244.32|192.168.43.153|443|50892|musicstreaming
795|1|48.507490|32|4|6|192.168.43.153|23.223.244.32|50892|443|musicstreaming
796|0|48.507646|1380|4|6|23.223.244.32|192.168.43.153|443|50892|musicstreaming
797|1|48.507654|32|4|6|192.168.43.153|23.223.244.32|50892|443|musicstreaming
798|0|48.507802|1380|4|6|23.223.244.32|192.168.43.153|443|50892|musicstreaming
799|1|48.507811|32|4|6|192.168.43.153|23.223.244.32|50892|443|musicstreaming
800|0|48.507959|1380|4|6|23.223.244.32|192.168.43.153|443|50892|musicstreaming
801|1|48.507968|32|4|6|192.168.43.153|23.223.244.32|50892|443|musicstreaming
802|0|48.508127|1380|4|6|23.223.244.32|192.168.43.153|443|50892|musicstreaming
803|1|48.508136|32|4|6|192.168.43.153|23.223.244.32|50892|443|musicstreaming
804|0|48.508292|1380|4|6|23.223.244.32|192.168.43.153|443|50892|musicstreaming
805|1|48.508300|32|4|6|192.168.43.153|23.223.244.32|50892|443|musicstreaming
806|0|48.508407|1380|4|6|23.223.244.32|192.168.43.153|443|50892|musicstreaming
807|1|48.508411|32|4|6|192.168.43.153|23.223.244.32|50892|443|musicstreaming
808|0|48.508571|1380|4|6|23.223.244.32|192.168.43.153|443|50892|musicstreaming
809|1|48.508574|32|4|6|192.168.43.153|23.223.244.32|50892|443|musicstreaming
810|0|48.508732|1380|4|6|23.223.244.32|192.168.43.153|443|50892|musicstreaming
811|1|48.508735|32|4|6|192.168.43.153|23.223.244.32|50892|443|musicstreaming
812|0|48.508893|1380|4|6|23.223.244.32|192.168.43.153|443|50892|musicstreaming
813|1|48.508897|32|4|6|192.168.43.153|23.223.244.32|50892|443|musicstreaming
814|0|48.509103|1380|4|6|23.223.244.32|192.168.43.153|443|50892|musicstreaming
815|1|48.509107|32|4|6|192.168.43.153|23.223.244.32|50892|443|musicstreaming
816|0|48.509246|1380|4|6|23.223.244.32|192.168.43.153|443|50892|musicstreaming
817|1|48.509250|32|4|6|192.168.43.153|23.223.244.32|50892|443|musicstreaming
818|0|48.509390|1380|4|6|23.223.244.32|192.168.43.153|443|50892|musicstreaming
819|1|48.509394|32|4|6|192.168.43.153|23.223.244.32|50892|443|musicstreaming
820|0|48.509539|1380|4|6|23.223.244.32|192.168.43.153|443|50892|musicstreaming
821|1|48.509543|32|4|6|192.168.43.153|23.223.244.32|50892|443|musicstreaming
822|0|48.509705|1380|4|6|23.223.244.32|192.168.43.153|443|50892|musicstreaming
823|1|48.509711|32|4|6|192.168.43.153|23.223.244.32|50892|443|musicstreaming
824|0|48.509881|1380|4|6|23.223.244.32|192.168.43.153|443|50892|musicstreaming
825|0|48.510038|1380|4|6|23.223.244.32|192.168.43.153|443|50892|musicstreaming
826|0|48.510197|1380|4|6|23.223.244.32|192.168.43.153|443|50892|musicstreaming
827|0|48.510357|1380|4|6|23.223.244.32|192.168.43.153|443|50892|musicstreaming
828|1|48.510406|32|4|6|192.168.43.153|23.223.244.32|50892|443|musicstreaming
829|0|48.510523|1380|4|6|23.223.244.32|192.168.43.153|443|50892|musicstreaming
830|0|48.510690|1380|4|6|23.223.244.32|192.168.43.153|443|50892|musicstreaming
831|1|48.510728|32|4|6|192.168.43.153|23.223.244.32|50892|443|musicstreaming
832|0|48.510853|1380|4|6|23.223.244.32|192.168.43.153|443|50892|musicstreaming
833|0|48.511012|1380|4|6|23.223.244.32|192.168.43.153|443|50892|musicstreaming
834|1|48.511053|32|4|6|192.168.43.153|23.223.244.32|50892|443|musicstreaming
835|0|48.511163|1380|4|6|23.223.244.32|192.168.43.153|443|50892|musicstreaming
836|0|48.513764|1380|4|6|23.223.244.32|192.168.43.153|443|50892|musicstreaming
837|1|48.513829|32|4|6|192.168.43.153|23.223.244.32|50892|443|musicstreaming
838|0|48.513916|1380|4|6|23.223.244.32|192.168.43.153|443|50892|musicstreaming
839|0|48.514077|1380|4|6|23.223.244.32|192.168.43.153|443|50892|musicstreaming
840|1|48.514092|32|4|6|192.168.43.153|23.223.244.32|50892|443|musicstreaming
841|0|48.514240|1380|4|6|23.223.244.32|192.168.43.153|443|50892|musicstreaming
842|0|48.514399|1380|4|6|23.223.244.32|192.168.43.153|443|50892|musicstreaming
843|1|48.514450|32|4|6|192.168.43.153|23.223.244.32|50892|443|musicstreaming
844|0|48.514568|1380|4|6|23.223.244.32|192.168.43.153|443|50892|musicstreaming
845|0|48.514725|1380|4|6|23.223.244.32|192.168.43.153|443|50892|musicstreaming
846|1|48.514874|32|4|6|192.168.43.153|23.223.244.32|50892|443|musicstreaming
847|0|48.514899|1380|4|6|23.223.244.32|192.168.43.153|443|50892|musicstreaming
848|0|48.515085|1380|4|6|23.223.244.32|192.168.43.153|443|50892|musicstreaming
849|1|48.515194|32|4|6|192.168.43.153|23.223.244.32|50892|443|musicstreaming
850|0|48.515238|1380|4|6|23.223.244.32|192.168.43.153|443|50892|musicstreaming
851|0|48.515442|1380|4|6|23.223.244.32|192.168.43.153|443|50892|musicstreaming
852|0|48.515545|1380|4|6|23.223.244.32|192.168.43.153|443|50892|musicstreaming
853|1|48.515720|32|4|6|192.168.43.153|23.223.244.32|50892|443|musicstreaming
854|0|48.515821|1380|4|6|23.223.244.32|192.168.43.153|443|50892|musicstreaming
855|0|48.530870|1380|4|6|23.223.244.32|192.168.43.153|443|50892|musicstreaming
856|1|48.530997|32|4|6|192.168.43.153|23.223.244.32|50892|443|musicstreaming
857|0|48.531164|1380|4|6|23.223.244.32|192.168.43.153|443|50892|musicstreaming
858|0|48.531318|1380|4|6|23.223.244.32|192.168.43.153|443|50892|musicstreaming
859|1|48.531352|32|4|6|192.168.43.153|23.223.244.32|50892|443|musicstreaming
860|0|48.532883|1380|4|6|23.223.244.32|192.168.43.153|443|50892|musicstreaming
861|0|48.533244|1380|4|6|23.223.244.32|192.168.43.153|443|50892|musicstreaming
862|1|48.533269|32|4|6|192.168.43.153|23.223.244.32|50892|443|musicstreaming
863|0|48.534139|1380|4|6|23.223.244.32|192.168.43.153|443|50892|musicstreaming
864|0|48.534451|1380|4|6|23.223.244.32|192.168.43.153|443|50892|musicstreaming
865|1|48.534470|32|4|6|192.168.43.153|23.223.244.32|50892|443|musicstreaming
866|0|48.534580|1380|4|6|23.223.244.32|192.168.43.153|443|50892|musicstreaming
867|0|48.536099|1380|4|6|23.223.244.32|192.168.43.153|443|50892|musicstreaming
868|1|48.536168|32|4|6|192.168.43.153|23.223.244.32|50892|443|musicstreaming
869|0|48.536314|1380|4|6|23.223.244.32|192.168.43.153|443|50892|musicstreaming
870|0|48.538854|1380|4|6|23.223.244.32|192.168.43.153|443|50892|musicstreaming
871|1|48.538917|32|4|6|192.168.43.153|23.223.244.32|50892|443|musicstreaming
872|0|48.539237|1380|4|6|23.223.244.32|192.168.43.153|443|50892|musicstreaming
873|0|48.539394|1380|4|6|23.223.244.32|192.168.43.153|443|50892|musicstreaming
874|1|48.539425|32|4|6|192.168.43.153|23.223.244.32|50892|443|musicstreaming
875|0|48.541871|1380|4|6|23.223.244.32|192.168.43.153|443|50892|musicstreaming
876|0|48.543358|1380|4|6|23.223.244.32|192.168.43.153|443|50892|musicstreaming
877|1|48.543394|32|4|6|192.168.43.153|23.223.244.32|50892|443|musicstreaming
878|0|48.543785|1380|4|6|23.223.244.32|192.168.43.153|443|50892|musicstreaming
879|0|48.543966|1380|4|6|23.223.244.32|192.168.43.153|443|50892|musicstreaming
880|1|48.544071|32|4|6|192.168.43.153|23.223.244.32|50892|443|musicstreaming
881|0|48.546350|1380|4|6|23.223.244.32|192.168.43.153|443|50892|musicstreaming
882|0|48.546737|1380|4|6|23.223.244.32|192.168.43.153|443|50892|musicstreaming
883|1|48.546777|32|4|6|192.168.43.153|23.223.244.32|50892|443|musicstreaming
884|0|48.546894|1380|4|6|23.223.244.32|192.168.43.153|443|50892|musicstreaming
885|0|48.548265|1380|4|6|23.223.244.32|192.168.43.153|443|50892|musicstreaming
886|1|48.548316|32|4|6|192.168.43.153|23.223.244.32|50892|443|musicstreaming
887|0|48.549825|1380|4|6|23.223.244.32|192.168.43.153|443|50892|musicstreaming
888|0|48.550162|1380|4|6|23.223.244.32|192.168.43.153|443|50892|musicstreaming
889|1|48.550182|32|4|6|192.168.43.153|23.223.244.32|50892|443|musicstreaming
890|0|48.550304|1380|4|6|23.223.244.32|192.168.43.153|443|50892|musicstreaming
891|0|48.550435|1380|4|6|23.223.244.32|192.168.43.153|443|50892|musicstreaming
892|1|48.550448|32|4|6|192.168.43.153|23.223.244.32|50892|443|musicstreaming
893|0|48.551837|1380|4|6|23.223.244.32|192.168.43.153|443|50892|musicstreaming
894|0|48.552812|1380|4|6|23.223.244.32|192.168.43.153|443|50892|musicstreaming
895|1|48.552848|32|4|6|192.168.43.153|23.223.244.32|50892|443|musicstreaming
896|0|48.554107|1380|4|6|23.223.244.32|192.168.43.153|443|50892|musicstreaming
897|0|48.554405|1380|4|6|23.223.244.32|192.168.43.153|443|50892|musicstreaming
898|1|48.554433|32|4|6|192.168.43.153|23.223.244.32|50892|443|musicstreaming
899|0|48.554563|1380|4|6|23.223.244.32|192.168.43.153|443|50892|musicstreaming
900|0|48.568595|1380|4|6|23.223.244.32|192.168.43.153|443|50892|musicstreaming
901|1|48.568663|32|4|6|192.168.43.153|23.223.244.32|50892|443|musicstreaming
902|0|48.568903|1380|4|6|23.223.244.32|192.168.43.153|443|50892|musicstreaming
903|0|48.569372|1380|4|6|23.223.244.32|192.168.43.153|443|50892|musicstreaming
904|1|48.569394|32|4|6|192.168.43.153|23.223.244.32|50892|443|musicstreaming
905|0|48.570632|1380|4|6|23.223.244.32|192.168.43.153|443|50892|musicstreaming
906|0|48.571981|1380|4|6|23.223.244.32|192.168.43.153|443|50892|musicstreaming
907|1|48.572033|32|4|6|192.168.43.153|23.223.244.32|50892|443|musicstreaming
908|0|48.572324|1380|4|6|23.223.244.32|192.168.43.153|443|50892|musicstreaming
909|0|48.572869|1380|4|6|23.223.244.32|192.168.43.153|443|50892|musicstreaming
910|1|48.572889|32|4|6|192.168.43.153|23.223.244.32|50892|443|musicstreaming
911|0|48.573261|1380|4|6|23.223.244.32|192.168.43.153|443|50892|musicstreaming
912|0|48.573417|1380|4|6|23.223.244.32|192.168.43.153|443|50892|musicstreaming
913|1|48.573435|32|4|6|192.168.43.153|23.223.244.32|50892|443|musicstreaming
914|0|48.574111|1380|4|6|23.223.244.32|192.168.43.153|443|50892|musicstreaming
915|0|48.574533|1380|4|6|23.223.244.32|192.168.43.153|443|50892|musicstreaming
916|1|48.574559|32|4|6|192.168.43.153|23.223.244.32|50892|443|musicstreaming
917|0|48.584881|1380|4|6|23.223.244.32|192.168.43.153|443|50892|musicstreaming
918|0|48.585213|1380|4|6|23.223.244.32|192.168.43.153|443|50892|musicstreaming
919|1|48.585252|32|4|6|192.168.43.153|23.223.244.32|50892|443|musicstreaming
920|0|48.585369|1380|4|6|23.223.244.32|192.168.43.153|443|50892|musicstreaming
921|0|48.585520|1380|4|6|23.223.244.32|192.168.43.153|443|50892|musicstreaming
922|1|48.585536|32|4|6|192.168.43.153|23.223.244.32|50892|443|musicstreaming
923|0|48.585683|1380|4|6|23.223.244.32|192.168.43.153|443|50892|musicstreaming
924|0|48.585840|1380|4|6|23.223.244.32|192.168.43.153|443|50892|musicstreaming
925|1|48.585873|32|4|6|192.168.43.153|23.223.244.32|50892|443|musicstreaming
926|0|48.586005|1380|4|6|23.223.244.32|192.168.43.153|443|50892|musicstreaming
927|0|48.586190|1380|4|6|23.223.244.32|192.168.43.153|443|50892|musicstreaming
928|1|48.586212|32|4|6|192.168.43.153|23.223.244.32|50892|443|musicstreaming
929|0|48.586306|1380|4|6|23.223.244.32|192.168.43.153|443|50892|musicstreaming
930|0|48.586468|1380|4|6|23.223.244.32|192.168.43.153|443|50892|musicstreaming
931|1|48.586481|32|4|6|192.168.43.153|23.223.244.32|50892|443|musicstreaming
932|0|48.586629|1380|4|6|23.223.244.32|192.168.43.153|443|50892|musicstreaming
933|0|48.588719|1380|4|6|23.223.244.32|192.168.43.153|443|50892|musicstreaming
934|1|48.588784|32|4|6|192.168.43.153|23.223.244.32|50892|443|musicstreaming
935|0|48.589119|1380|4|6|23.223.244.32|192.168.43.153|443|50892|musicstreaming
936|0|48.589288|1380|4|6|23.223.244.32|192.168.43.153|443|50892|musicstreaming
937|1|48.589313|32|4|6|192.168.43.153|23.223.244.32|50892|443|musicstreaming
938|0|48.589935|1380|4|6|23.223.244.32|192.168.43.153|443|50892|musicstreaming
939|0|48.606119|1380|4|6|23.223.244.32|192.168.43.153|443|50892|musicstreaming
940|1|48.606186|32|4|6|192.168.43.153|23.223.244.32|50892|443|musicstreaming
941|0|48.606429|1380|4|6|23.223.244.32|192.168.43.153|443|50892|musicstreaming
942|0|48.606614|1380|4|6|23.223.244.32|192.168.43.153|443|50892|musicstreaming
943|1|48.606676|32|4|6|192.168.43.153|23.223.244.32|50892|443|musicstreaming
944|0|48.606749|1380|4|6|23.223.244.32|192.168.43.153|443|50892|musicstreaming
945|0|48.606894|1380|4|6|23.223.244.32|192.168.43.153|443|50892|musicstreaming
946|1|48.606919|32|4|6|192.168.43.153|23.223.244.32|50892|443|musicstreaming
947|0|48.609211|1380|4|6|23.223.244.32|192.168.43.153|443|50892|musicstreaming
948|0|48.609352|1380|4|6|23.223.244.32|192.168.43.153|443|50892|musicstreaming
949|1|48.609379|32|4|6|192.168.43.153|23.223.244.32|50892|443|musicstreaming
950|0|48.609510|1380|4|6|23.223.244.32|192.168.43.153|443|50892|musicstreaming
951|0|48.609649|1380|4|6|23.223.244.32|192.168.43.153|443|50892|musicstreaming
952|1|48.609681|32|4|6|192.168.43.153|23.223.244.32|50892|443|musicstreaming
953|0|48.610497|1380|4|6|23.223.244.32|192.168.43.153|443|50892|musicstreaming
954|0|48.610876|1380|4|6|23.223.244.32|192.168.43.153|443|50892|musicstreaming
955|1|48.610928|32|4|6|192.168.43.153|23.223.244.32|50892|443|musicstreaming
956|0|48.611630|1380|4|6|23.223.244.32|192.168.43.153|443|50892|musicstreaming
957|0|48.611773|1380|4|6|23.223.244.32|192.168.43.153|443|50892|musicstreaming
958|1|48.611840|32|4|6|192.168.43.153|23.223.244.32|50892|443|musicstreaming
959|0|48.611923|1380|4|6|23.223.244.32|192.168.43.153|443|50892|musicstreaming
960|0|48.612302|1380|4|6|23.223.244.32|192.168.43.153|443|50892|musicstreaming
961|1|48.612498|32|4|6|192.168.43.153|23.223.244.32|50892|443|musicstreaming
962|0|48.613569|1380|4|6|23.223.244.32|192.168.43.153|443|50892|musicstreaming
963|0|48.613909|1380|4|6|23.223.244.32|192.168.43.153|443|50892|musicstreaming
964|1|48.613958|32|4|6|192.168.43.153|23.223.244.32|50892|443|musicstreaming
965|0|48.614056|1380|4|6|23.223.244.32|192.168.43.153|443|50892|musicstreaming
966|0|48.614217|1380|4|6|23.223.244.32|192.168.43.153|443|50892|musicstreaming
967|1|48.614271|32|4|6|192.168.43.153|23.223.244.32|50892|443|musicstreaming
968|0|48.616225|1380|4|6|23.223.244.32|192.168.43.153|443|50892|musicstreaming
969|0|48.616547|1380|4|6|23.223.244.32|192.168.43.153|443|50892|musicstreaming
970|1|48.616632|32|4|6|192.168.43.153|23.223.244.32|50892|443|musicstreaming
971|0|48.617614|1380|4|6|23.223.244.32|192.168.43.153|443|50892|musicstreaming
972|0|48.618021|1380|4|6|23.223.244.32|192.168.43.153|443|50892|musicstreaming
973|1|48.618043|32|4|6|192.168.43.153|23.223.244.32|50892|443|musicstreaming
974|0|48.618909|1380|4|6|23.223.244.32|192.168.43.153|443|50892|musicstreaming
975|0|48.621397|1380|4|6|23.223.244.32|192.168.43.153|443|50892|musicstreaming
976|1|48.621471|32|4|6|192.168.43.153|23.223.244.32|50892|443|musicstreaming
977|0|48.621648|1380|4|6|23.223.244.32|192.168.43.153|443|50892|musicstreaming
978|0|48.622597|1380|4|6|23.223.244.32|192.168.43.153|443|50892|musicstreaming
979|1|48.622651|32|4|6|192.168.43.153|23.223.244.32|50892|443|musicstreaming
980|0|48.622921|1380|4|6|23.223.244.32|192.168.43.153|443|50892|musicstreaming
981|0|48.623213|1380|4|6|23.223.244.32|192.168.43.153|443|50892|musicstreaming
982|1|48.623242|32|4|6|192.168.43.153|23.223.244.32|50892|443|musicstreaming
983|0|48.623371|1380|4|6|23.223.244.32|192.168.43.153|443|50892|musicstreaming
984|0|48.624666|54|4|6|23.223.244.32|192.168.43.153|443|50892|musicstreaming
985|1|48.624725|32|4|6|192.168.43.153|23.223.244.32|50892|443|musicstreaming
986|1|50.000806|796|4|6|192.168.43.153|23.223.244.32|50892|443|musicstreaming
987|0|50.131646|1380|4|6|23.223.244.32|192.168.43.153|443|50892|musicstreaming
988|1|50.131685|32|4|6|192.168.43.153|23.223.244.32|50892|443|musicstreaming
989|0|50.132912|1380|4|6|23.223.244.32|192.168.43.153|443|50892|musicstreaming
990|1|50.132993|32|4|6|192.168.43.153|23.223.244.32|50892|443|musicstreaming
991|0|50.133445|1380|4|6|23.223.244.32|192.168.43.153|443|50892|musicstreaming
992|1|50.133471|32|4|6|192.168.43.153|23.223.244.32|50892|443|musicstreaming
993|0|50.134360|1380|4|6|23.223.244.32|192.168.43.153|443|50892|musicstreaming
994|1|50.134373|32|4|6|192.168.43.153|23.223.244.32|50892|443|musicstreaming
995|0|50.136748|1380|4|6|23.223.244.32|192.168.43.153|443|50892|musicstreaming
996|1|50.136757|32|4|6|192.168.43.153|23.223.244.32|50892|443|musicstreaming
997|0|50.139173|1380|4|6|23.223.244.32|192.168.43.153|443|50892|musicstreaming
998|1|50.139201|32|4|6|192.168.43.153|23.223.244.32|50892|443|musicstreaming
999|0|50.140587|1380|4|6|23.223.244.32|192.168.43.153|443|50892|musicstreaming
1000|1|50.140608|32|4|6|192.168.43.153|23.223.244.32|50892|443|musicstreaming
1001|0|50.140930|1380|4|6|23.223.244.32|192.168.43.153|443|50892|musicstreaming
1002|1|50.140939|32|4|6|192.168.43.153|23.223.244.32|50892|443|musicstreaming
1003|0|50.142140|1380|4|6|23.223.244.32|192.168.43.153|443|50892|musicstreaming
1004|1|50.142148|32|4|6|192.168.43.153|23.223.244.32|50892|443|musicstreaming
1005|0|50.145623|1380|4|6|23.223.244.32|192.168.43.153|443|50892|musicstreaming
1006|1|50.145636|32|4|6|192.168.43.153|23.223.244.32|50892|443|musicstreaming
1007|0|50.145964|1380|4|6|23.223.244.32|192.168.43.153|443|50892|musicstreaming
1008|1|50.145973|32|4|6|192.168.43.153|23.223.244.32|50892|443|musicstreaming
1009|0|50.146089|1380|4|6|23.223.244.32|192.168.43.153|443|50892|musicstreaming
1010|1|50.146094|32|4|6|192.168.43.153|23.223.244.32|50892|443|musicstreaming
1011|0|50.148775|1380|4|6|23.223.244.32|192.168.43.153|443|50892|musicstreaming
1012|1|50.148864|32|4|6|192.168.43.153|23.223.244.32|50892|443|musicstreaming
1013|0|50.149168|1380|4|6|23.223.244.32|192.168.43.153|443|50892|musicstreaming
1014|1|50.149183|32|4|6|192.168.43.153|23.223.244.32|50892|443|musicstreaming
1015|0|50.150809|1380|4|6|23.223.244.32|192.168.43.153|443|50892|musicstreaming
1016|1|50.150832|32|4|6|192.168.43.153|23.223.244.32|50892|443|musicstreaming
1017|0|50.151215|1380|4|6|23.223.244.32|192.168.43.153|443|50892|musicstreaming
1018|1|50.151225|32|4|6|192.168.43.153|23.223.244.32|50892|443|musicstreaming
1019|0|50.152582|1380|4|6|23.223.244.32|192.168.43.153|443|50892|musicstreaming
1020|0|50.153697|1380|4|6|23.223.244.32|192.168.43.153|443|50892|musicstreaming
1021|1|50.153705|32|4|6|192.168.43.153|23.223.244.32|50892|443|musicstreaming
1022|0|50.170119|1380|4|6|23.223.244.32|192.168.43.153|443|50892|musicstreaming
1023|0|50.170478|1380|4|6|23.223.244.32|192.168.43.153|443|50892|musicstreaming
1024|1|50.170489|32|4|6|192.168.43.153|23.223.244.32|50892|443|musicstreaming
1025|0|50.170860|1380|4|6|23.223.244.32|192.168.43.153|443|50892|musicstreaming
1026|0|50.172418|1380|4|6|23.223.244.32|192.168.43.153|443|50892|musicstreaming
1027|1|50.172435|32|4|6|192.168.43.153|23.223.244.32|50892|443|musicstreaming
1028|0|50.172949|1380|4|6|23.223.244.32|192.168.43.153|443|50892|musicstreaming
1029|0|50.174988|1380|4|6|23.223.244.32|192.168.43.153|443|50892|musicstreaming
1030|1|50.174997|32|4|6|192.168.43.153|23.223.244.32|50892|443|musicstreaming
1031|0|50.175463|1380|4|6|23.223.244.32|192.168.43.153|443|50892|musicstreaming
1032|0|50.177361|1380|4|6|23.223.244.32|192.168.43.153|443|50892|musicstreaming
1033|1|50.177380|32|4|6|192.168.43.153|23.223.244.32|50892|443|musicstreaming
1034|0|50.177792|1380|4|6|23.223.244.32|192.168.43.153|443|50892|musicstreaming
1035|0|50.178756|1380|4|6|23.223.244.32|192.168.43.153|443|50892|musicstreaming
1036|1|50.178767|32|4|6|192.168.43.153|23.223.244.32|50892|443|musicstreaming
1037|0|50.181862|1380|4|6|23.223.244.32|192.168.43.153|443|50892|musicstreaming
1038|0|50.182384|1380|4|6|23.223.244.32|192.168.43.153|443|50892|musicstreaming
1039|1|50.182406|32|4|6|192.168.43.153|23.223.244.32|50892|443|musicstreaming
1040|0|50.182680|1380|4|6|23.223.244.32|192.168.43.153|443|50892|musicstreaming
1041|0|50.185686|1380|4|6|23.223.244.32|192.168.43.153|443|50892|musicstreaming
1042|1|50.185693|32|4|6|192.168.43.153|23.223.244.32|50892|443|musicstreaming
1043|0|50.186175|1380|4|6|23.223.244.32|192.168.43.153|443|50892|musicstreaming
1044|0|50.188585|1380|4|6|23.223.244.32|192.168.43.153|443|50892|musicstreaming
1045|1|50.188602|32|4|6|192.168.43.153|23.223.244.32|50892|443|musicstreaming
1046|0|50.189136|1380|4|6|23.223.244.32|192.168.43.153|443|50892|musicstreaming
1047|0|50.191178|1380|4|6|23.223.244.32|192.168.43.153|443|50892|musicstreaming
1048|1|50.191197|32|4|6|192.168.43.153|23.223.244.32|50892|443|musicstreaming
1049|0|50.191640|1380|4|6|23.223.244.32|192.168.43.153|443|50892|musicstreaming
1050|0|50.193678|1380|4|6|23.223.244.32|192.168.43.153|443|50892|musicstreaming
1051|1|50.193693|32|4|6|192.168.43.153|23.223.244.32|50892|443|musicstreaming
1052|0|50.194055|1380|4|6|23.223.244.32|192.168.43.153|443|50892|musicstreaming
1053|0|50.196504|1380|4|6|23.223.244.32|192.168.43.153|443|50892|musicstreaming
1054|1|50.196547|32|4|6|192.168.43.153|23.223.244.32|50892|443|musicstreaming
1055|0|50.217223|1380|4|6|23.223.244.32|192.168.43.153|443|50892|musicstreaming
1056|0|50.217562|1380|4|6|23.223.244.32|192.168.43.153|443|50892|musicstreaming
1057|1|50.217576|32|4|6|192.168.43.153|23.223.244.32|50892|443|musicstreaming
1058|0|50.217731|1380|4|6|23.223.244.32|192.168.43.153|443|50892|musicstreaming
1059|0|50.217896|1380|4|6|23.223.244.32|192.168.43.153|443|50892|musicstreaming
1060|1|50.217901|32|4|6|192.168.43.153|23.223.244.32|50892|443|musicstreaming
1061|0|50.218050|1380|4|6|23.223.244.32|192.168.43.153|443|50892|musicstreaming
1062|0|50.218601|1380|4|6|23.223.244.32|192.168.43.153|443|50892|musicstreaming
1063|1|50.218605|32|4|6|192.168.43.153|23.223.244.32|50892|443|musicstreaming
1064|0|50.220402|1380|4|6|23.223.244.32|192.168.43.153|443|50892|musicstreaming
1065|0|50.222619|1380|4|6|23.223.244.32|192.168.43.153|443|50892|musicstreaming
1066|1|50.222633|32|4|6|192.168.43.153|23.223.244.32|50892|443|musicstreaming
1067|0|50.225796|1380|4|6|23.223.244.32|192.168.43.153|443|50892|musicstreaming
1068|0|50.226077|1380|4|6|23.223.244.32|192.168.43.153|443|50892|musicstreaming
1069|1|50.226091|32|4|6|192.168.43.153|23.223.244.32|50892|443|musicstreaming
1070|0|50.228575|1380|4|6|23.223.244.32|192.168.43.153|443|50892|musicstreaming
1071|0|50.228908|1380|4|6|23.223.244.32|192.168.43.153|443|50892|musicstreaming
1072|1|50.228919|32|4|6|192.168.43.153|23.223.244.32|50892|443|musicstreaming
1073|0|50.231677|1380|4|6|23.223.244.32|192.168.43.153|443|50892|musicstreaming
1074|0|50.231970|1380|4|6|23.223.244.32|192.168.43.153|443|50892|musicstreaming
1075|1|50.232032|32|4|6|192.168.43.153|23.223.244.32|50892|443|musicstreaming
1076|0|50.233710|1380|4|6|23.223.244.32|192.168.43.153|443|50892|musicstreaming
1077|0|50.235441|1380|4|6|23.223.244.32|192.168.43.153|443|50892|musicstreaming
1078|1|50.235453|32|4|6|192.168.43.153|23.223.244.32|50892|443|musicstreaming
1079|0|50.235748|1380|4|6|23.223.244.32|192.168.43.153|443|50892|musicstreaming
1080|0|50.251483|1380|4|6|23.223.244.32|192.168.43.153|443|50892|musicstreaming
1081|1|50.251504|32|4|6|192.168.43.153|23.223.244.32|50892|443|musicstreaming
1082|0|50.251797|1380|4|6|23.223.244.32|192.168.43.153|443|50892|musicstreaming
1083|0|50.252532|1380|4|6|23.223.244.32|192.168.43.153|443|50892|musicstreaming
1084|1|50.252562|32|4|6|192.168.43.153|23.223.244.32|50892|443|musicstreaming
1085|0|50.252933|1380|4|6|23.223.244.32|192.168.43.153|443|50892|musicstreaming
1086|0|50.254440|1380|4|6|23.223.244.32|192.168.43.153|443|50892|musicstreaming
1087|1|50.254472|32|4|6|192.168.43.153|23.223.244.32|50892|443|musicstreaming
1088|0|50.256238|1380|4|6|23.223.244.32|192.168.43.153|443|50892|musicstreaming
1089|0|50.257573|1380|4|6|23.223.244.32|192.168.43.153|443|50892|musicstreaming
1090|1|50.257579|32|4|6|192.168.43.153|23.223.244.32|50892|443|musicstreaming
1091|0|50.260469|1380|4|6|23.223.244.32|192.168.43.153|443|50892|musicstreaming
1092|0|50.260671|1380|4|6|23.223.244.32|192.168.43.153|443|50892|musicstreaming
1093|1|50.260685|32|4|6|192.168.43.153|23.223.244.32|50892|443|musicstreaming
1094|0|50.264120|1380|4|6|23.223.244.32|192.168.43.153|443|50892|musicstreaming
1095|0|50.264416|1380|4|6|23.223.244.32|192.168.43.153|443|50892|musicstreaming
1096|1|50.264438|32|4|6|192.168.43.153|23.223.244.32|50892|443|musicstreaming
1097|0|50.266191|1380|4|6|23.223.244.32|192.168.43.153|443|50892|musicstreaming
1098|0|50.268009|1380|4|6|23.223.244.32|192.168.43.153|443|50892|musicstreaming
1099|1|50.268021|32|4|6|192.168.43.153|23.223.244.32|50892|443|musicstreaming
1100|0|50.269292|1380|4|6|23.223.244.32|192.168.43.153|443|50892|musicstreaming
1101|0|50.272526|1380|4|6|23.223.244.32|192.168.43.153|443|50892|musicstreaming
1102|1|50.272546|32|4|6|192.168.43.153|23.223.244.32|50892|443|musicstreaming
1103|0|50.273128|1380|4|6|23.223.244.32|192.168.43.153|443|50892|musicstreaming
1104|0|50.274856|1380|4|6|23.223.244.32|192.168.43.153|443|50892|musicstreaming
1105|1|50.274872|32|4|6|192.168.43.153|23.223.244.32|50892|443|musicstreaming
1106|0|50.289970|1380|4|6|23.223.244.32|192.168.43.153|443|50892|musicstreaming
1107|0|50.290590|1380|4|6|23.223.244.32|192.168.43.153|443|50892|musicstreaming
1108|1|50.290603|32|4|6|192.168.43.153|23.223.244.32|50892|443|musicstreaming
1109|0|50.292426|1380|4|6|23.223.244.32|192.168.43.153|443|50892|musicstreaming
1110|0|50.293956|1380|4|6|23.223.244.32|192.168.43.153|443|50892|musicstreaming
1111|1|50.293984|32|4|6|192.168.43.153|23.223.244.32|50892|443|musicstreaming
1112|0|50.295404|1380|4|6|23.223.244.32|192.168.43.153|443|50892|musicstreaming
1113|0|50.297562|1380|4|6|23.223.244.32|192.168.43.153|443|50892|musicstreaming
1114|1|50.297581|32|4|6|192.168.43.153|23.223.244.32|50892|443|musicstreaming
1115|0|50.297802|1380|4|6|23.223.244.32|192.168.43.153|443|50892|musicstreaming
1116|0|50.300503|1380|4|6|23.223.244.32|192.168.43.153|443|50892|musicstreaming
1117|1|50.300522|32|4|6|192.168.43.153|23.223.244.32|50892|443|musicstreaming
1118|0|50.302285|1380|4|6|23.223.244.32|192.168.43.153|443|50892|musicstreaming
1119|0|50.303851|1380|4|6|23.223.244.32|192.168.43.153|443|50892|musicstreaming
1120|1|50.303874|32|4|6|192.168.43.153|23.223.244.32|50892|443|musicstreaming
1121|0|50.304153|1380|4|6|23.223.244.32|192.168.43.153|443|50892|musicstreaming
1122|0|50.305337|1380|4|6|23.223.244.32|192.168.43.153|443|50892|musicstreaming
1123|1|50.305356|32|4|6|192.168.43.153|23.223.244.32|50892|443|musicstreaming
1124|0|50.307917|1380|4|6|23.223.244.32|192.168.43.153|443|50892|musicstreaming
1125|0|50.309216|1380|4|6|23.223.244.32|192.168.43.153|443|50892|musicstreaming
1126|1|50.309235|32|4|6|192.168.43.153|23.223.244.32|50892|443|musicstreaming
1127|0|50.310451|1380|4|6|23.223.244.32|192.168.43.153|443|50892|musicstreaming
1128|0|50.312098|1380|4|6|23.223.244.32|192.168.43.153|443|50892|musicstreaming
1129|1|50.312125|32|4|6|192.168.43.153|23.223.244.32|50892|443|musicstreaming
1130|0|50.313297|1380|4|6|23.223.244.32|192.168.43.153|443|50892|musicstreaming
1131|0|50.314706|1380|4|6|23.223.244.32|192.168.43.153|443|50892|musicstreaming
1132|1|50.314722|32|4|6|192.168.43.153|23.223.244.32|50892|443|musicstreaming
1133|0|50.316147|1380|4|6|23.223.244.32|192.168.43.153|443|50892|musicstreaming
1134|0|50.330236|1380|4|6|23.223.244.32|192.168.43.153|443|50892|musicstreaming
1135|1|50.330255|32|4|6|192.168.43.153|23.223.244.32|50892|443|musicstreaming
1136|0|50.330570|1380|4|6|23.223.244.32|192.168.43.153|443|50892|musicstreaming
1137|0|50.331777|1380|4|6|23.223.244.32|192.168.43.153|443|50892|musicstreaming
1138|1|50.331793|32|4|6|192.168.43.153|23.223.244.32|50892|443|musicstreaming
1139|0|50.332057|1380|4|6|23.223.244.32|192.168.43.153|443|50892|musicstreaming
1140|0|50.334451|1380|4|6|23.223.244.32|192.168.43.153|443|50892|musicstreaming
1141|1|50.334463|32|4|6|192.168.43.153|23.223.244.32|50892|443|musicstreaming
1142|0|50.335822|1380|4|6|23.223.244.32|192.168.43.153|443|50892|musicstreaming
1143|0|50.336226|1380|4|6|23.223.244.32|192.168.43.153|443|50892|musicstreaming
1144|1|50.336235|32|4|6|192.168.43.153|23.223.244.32|50892|443|musicstreaming
1145|0|50.338613|1380|4|6|23.223.244.32|192.168.43.153|443|50892|musicstreaming
1146|0|50.349212|1380|4|6|23.223.244.32|192.168.43.153|443|50892|musicstreaming
1147|1|50.349230|32|4|6|192.168.43.153|23.223.244.32|50892|443|musicstreaming
1148|0|50.349342|1380|4|6|23.223.244.32|192.168.43.153|443|50892|musicstreaming
1149|0|50.349503|1380|4|6|23.223.244.32|192.168.43.153|443|50892|musicstreaming
1150|1|50.349512|32|4|6|192.168.43.153|23.223.244.32|50892|443|musicstreaming
1151|0|50.349655|1380|4|6|23.223.244.32|192.168.43.153|443|50892|musicstreaming
1152|0|50.352308|1380|4|6|23.223.244.32|192.168.43.153|443|50892|musicstreaming
1153|1|50.352317|32|4|6|192.168.43.153|23.223.244.32|50892|443|musicstreaming
1154|0|50.354198|1380|4|6|23.223.244.32|192.168.43.153|443|50892|musicstreaming
1155|0|50.355544|1380|4|6|23.223.244.32|192.168.43.153|443|50892|musicstreaming
1156|1|50.355554|32|4|6|192.168.43.153|23.223.244.32|50892|443|musicstreaming
1157|0|50.355869|1380|4|6|23.223.244.32|192.168.43.153|443|50892|musicstreaming
1158|0|50.367280|1380|4|6|23.223.244.32|192.168.43.153|443|50892|musicstreaming
1159|1|50.367297|32|4|6|192.168.43.153|23.223.244.32|50892|443|musicstreaming
1160|0|50.367592|1380|4|6|23.223.244.32|192.168.43.153|443|50892|musicstreaming
1161|0|50.376558|1380|4|6|23.223.244.32|192.168.43.153|443|50892|musicstreaming
1162|1|50.376586|32|4|6|192.168.43.153|23.223.244.32|50892|443|musicstreaming
1163|0|50.378318|1380|4|6|23.223.244.32|192.168.43.153|443|50892|musicstreaming
1164|0|50.378682|1380|4|6|23.223.244.32|192.168.43.153|443|50892|musicstreaming
1165|1|50.378696|32|4|6|192.168.43.153|23.223.244.32|50892|443|musicstreaming
1166|0|50.378833|1380|4|6|23.223.244.32|192.168.43.153|443|50892|musicstreaming
1167|0|50.379443|1380|4|6|23.223.244.32|192.168.43.153|443|50892|musicstreaming
1168|1|50.379463|32|4|6|192.168.43.153|23.223.244.32|50892|443|musicstreaming
1169|0|50.379819|1380|4|6|23.223.244.32|192.168.43.153|443|50892|musicstreaming
1170|0|50.384715|1380|4|6|23.223.244.32|192.168.43.153|443|50892|musicstreaming
1171|1|50.384734|32|4|6|192.168.43.153|23.223.244.32|50892|443|musicstreaming
1172|0|50.389867|1380|4|6|23.223.244.32|192.168.43.153|443|50892|musicstreaming
1173|0|50.390111|1380|4|6|23.223.244.32|192.168.43.153|443|50892|musicstreaming
1174|1|50.390125|32|4|6|192.168.43.153|23.223.244.32|50892|443|musicstreaming
1175|0|50.392568|1380|4|6|23.223.244.32|192.168.43.153|443|50892|musicstreaming
1176|0|50.392824|1380|4|6|23.223.244.32|192.168.43.153|443|50892|musicstreaming
1177|1|50.392834|32|4|6|192.168.43.153|23.223.244.32|50892|443|musicstreaming
1178|0|50.392978|1380|4|6|23.223.244.32|192.168.43.153|443|50892|musicstreaming
1179|0|50.393082|1094|4|6|23.223.244.32|192.168.43.153|443|50892|musicstreaming
1180|1|50.393089|32|4|6|192.168.43.153|23.223.244.32|50892|443|musicstreaming
1181|1|59.999766|796|4|6|192.168.43.153|23.223.244.32|50892|443|musicstreaming
