1|1|0.000000|112|4|6|192.168.43.153|99.83.135.170|43004|443|chat
2|0|0.045192|20|4|6|99.83.135.170|192.168.43.153|443|43004|chat
3|0|0.265738|62|4|6|99.83.135.170|192.168.43.153|443|43004|chat
4|1|0.265778|20|4|6|192.168.43.153|99.83.135.170|43004|443|chat
5|0|0.265853|80|4|6|99.83.135.170|192.168.43.153|443|43004|chat
6|1|0.265865|20|4|6|192.168.43.153|99.83.135.170|43004|443|chat
7|1|0.317898|103|4|6|192.168.43.153|99.83.135.170|43004|443|chat
8|0|0.362906|20|4|6|99.83.135.170|192.168.43.153|443|43004|chat
9|1|0.469220|114|4|6|192.168.43.153|99.83.135.170|43004|443|chat
10|0|0.516848|20|4|6|99.83.135.170|192.168.43.153|443|43004|chat
11|0|0.547942|94|4|6|99.83.135.170|192.168.43.153|443|43004|chat
12|1|0.547970|20|4|6|192.168.43.153|99.83.135.170|43004|443|chat
13|0|0.707160|62|4|6|99.83.135.170|192.168.43.153|443|43004|chat
14|1|0.707194|20|4|6|192.168.43.153|99.83.135.170|43004|443|chat
15|0|0.707257|74|4|6|99.83.135.170|192.168.43.153|443|43004|chat
16|1|0.707266|20|4|6|192.168.43.153|99.83.135.170|43004|443|chat
17|1|0.759577|102|4|6|192.168.43.153|99.83.135.170|43004|443|chat
18|0|0.778063|159|4|6|99.83.135.170|192.168.43.153|443|43004|chat
19|1|0.778184|20|4|6|192.168.43.153|99.83.135.170|43004|443|chat
20|0|0.778240|76|4|6|99.83.135.170|192.168.43.153|443|43004|chat
21|1|0.778249|20|4|6|192.168.43.153|99.83.135.170|43004|443|chat
22|0|0.778262|98|4|6|99.83.135.170|192.168.43.153|443|43004|chat
23|1|0.778289|20|4|6|192.168.43.153|99.83.135.170|43004|443|chat
24|0|0.851783|20|4|6|99.83.135.170|192.168.43.153|443|43004|chat
25|1|0.961178|116|4|6|192.168.43.153|99.83.135.170|43004|443|chat
26|0|0.995194|97|4|6|99.83.135.170|192.168.43.153|443|43004|chat
27|1|0.995237|20|4|6|192.168.43.153|99.83.135.170|43004|443|chat
28|0|1.015001|20|4|6|99.83.135.170|192.168.43.153|443|43004|chat
29|0|1.220418|62|4|6|99.83.135.170|192.168.43.153|443|43004|chat
30|1|1.220437|20|4|6|192.168.43.153|99.83.135.170|43004|443|chat
31|0|1.220601|72|4|6|99.83.135.170|192.168.43.153|443|43004|chat
32|1|1.220611|20|4|6|192.168.43.153|99.83.135.170|43004|443|chat
33|1|1.271692|103|4|6|192.168.43.153|99.83.135.170|43004|443|chat
34|0|1.315187|151|4|6|99.83.135.170|192.168.43.153|443|43004|chat
35|1|1.315215|20|4|6|192.168.43.153|99.83.135.170|43004|443|chat
36|0|1.316642|72|4|6|99.83.135.170|192.168.43.153|443|43004|chat
37|1|1.316662|20|4|6|192.168.43.153|99.83.135.170|43004|443|chat
38|0|1.316783|65|4|6|99.83.135.170|192.168.43.153|443|43004|chat
39|1|1.316790|20|4|6|192.168.43.153|99.83.135.170|43004|443|chat
40|0|1.316797|20|4|6|99.83.135.170|192.168.43.153|443|43004|chat
41|1|1.322336|109|4|6|192.168.43.153|99.83.135.170|43004|443|chat
42|0|1.365873|20|4|6|99.83.135.170|192.168.43.153|443|43004|chat
43|0|1.507448|95|4|6|99.83.135.170|192.168.43.153|443|43004|chat
44|1|1.507475|20|4|6|192.168.43.153|99.83.135.170|43004|443|chat
45|0|1.552407|59|4|6|99.83.135.170|192.168.43.153|443|43004|chat
46|1|1.552528|20|4|6|192.168.43.153|99.83.135.170|43004|443|chat
47|0|1.552687|57|4|6|99.83.135.170|192.168.43.153|443|43004|chat
48|0|1.552710|77|4|6|99.83.135.170|192.168.43.153|443|43004|chat
49|0|1.552718|61|4|6|99.83.135.170|192.168.43.153|443|43004|chat
50|0|1.552724|66|4|6|99.83.135.170|192.168.43.153|443|43004|chat
51|1|1.552762|20|4|6|192.168.43.153|99.83.135.170|43004|443|chat
52|0|1.553491|63|4|6|99.83.135.170|192.168.43.153|443|43004|chat
53|1|1.553599|20|4|6|192.168.43.153|99.83.135.170|43004|443|chat
54|1|1.606704|101|4|6|192.168.43.153|99.83.135.170|43004|443|chat
55|0|1.658858|20|4|6|99.83.135.170|192.168.43.153|443|43004|chat
56|0|1.858953|90|4|6|99.83.135.170|192.168.43.153|443|43004|chat
57|1|1.858986|20|4|6|192.168.43.153|99.83.135.170|43004|443|chat
58|1|2.210105|111|4|6|192.168.43.153|99.83.135.170|43004|443|chat
59|0|2.267938|20|4|6|99.83.135.170|192.168.43.153|443|43004|chat
60|0|2.467455|62|4|6|99.83.135.170|192.168.43.153|443|43004|chat
61|1|2.467494|20|4|6|192.168.43.153|99.83.135.170|43004|443|chat
62|0|2.467720|78|4|6|99.83.135.170|192.168.43.153|443|43004|chat
63|1|2.467737|20|4|6|192.168.43.153|99.83.135.170|43004|443|chat
64|0|2.507838|65|4|6|99.83.135.170|192.168.43.153|443|43004|chat
65|1|2.507869|20|4|6|192.168.43.153|99.83.135.170|43004|443|chat
66|0|2.508004|103|4|6|99.83.135.170|192.168.43.153|443|43004|chat
67|1|2.508014|20|4|6|192.168.43.153|99.83.135.170|43004|443|chat
68|1|2.510546|160|4|6|192.168.43.153|99.83.135.170|43004|443|chat
69|1|2.519301|102|4|6|192.168.43.153|99.83.135.170|43004|443|chat
70|0|2.554792|20|4|6|99.83.135.170|192.168.43.153|443|43004|chat
71|0|2.570875|20|4|6|99.83.135.170|192.168.43.153|443|43004|chat
72|1|2.720528|116|4|6|192.168.43.153|99.83.135.170|43004|443|chat
73|0|2.755988|58|4|6|99.83.135.170|192.168.43.153|443|43004|chat
74|1|2.756007|20|4|6|192.168.43.153|99.83.135.170|43004|443|chat
75|0|2.762538|96|4|6|99.83.135.170|192.168.43.153|443|43004|chat
76|1|2.762557|20|4|6|192.168.43.153|99.83.135.170|43004|443|chat
77|0|2.785137|20|4|6|99.83.135.170|192.168.43.153|443|43004|chat
78|0|2.981083|62|4|6|99.83.135.170|192.168.43.153|443|43004|chat
79|1|2.981096|20|4|6|192.168.43.153|99.83.135.170|43004|443|chat
80|0|2.981594|79|4|6|99.83.135.170|192.168.43.153|443|43004|chat
81|1|2.981613|20|4|6|192.168.43.153|99.83.135.170|43004|443|chat
82|1|3.033759|99|4|6|192.168.43.153|99.83.135.170|43004|443|chat
83|0|3.049541|156|4|6|99.83.135.170|192.168.43.153|443|43004|chat
84|1|3.049563|20|4|6|192.168.43.153|99.83.135.170|43004|443|chat
85|0|3.050910|77|4|6|99.83.135.170|192.168.43.153|443|43004|chat
86|1|3.050937|20|4|6|192.168.43.153|99.83.135.170|43004|443|chat
87|0|3.051057|96|4|6|99.83.135.170|192.168.43.153|443|43004|chat
88|1|3.051070|20|4|6|192.168.43.153|99.83.135.170|43004|443|chat
89|0|3.078412|20|4|6|99.83.135.170|192.168.43.153|443|43004|chat
90|1|3.084737|115|4|6|192.168.43.153|99.83.135.170|43004|443|chat
91|0|3.128002|20|4|6|99.83.135.170|192.168.43.153|443|43004|chat
92|0|3.270268|95|4|6|99.83.135.170|192.168.43.153|443|43004|chat
93|1|3.316746|20|4|6|192.168.43.153|99.83.135.170|43004|443|chat
94|0|3.320079|62|4|6|99.83.135.170|192.168.43.153|443|43004|chat
95|1|3.320135|20|4|6|192.168.43.153|99.83.135.170|43004|443|chat
96|0|3.321263|79|4|6|99.83.135.170|192.168.43.153|443|43004|chat
97|1|3.321320|20|4|6|192.168.43.153|99.83.135.170|43004|443|chat
98|1|3.371160|102|4|6|192.168.43.153|99.83.135.170|43004|443|chat
99|0|3.418809|20|4|6|99.83.135.170|192.168.43.153|443|43004|chat
100|1|3.421673|111|4|6|192.168.43.153|99.83.135.170|43004|443|chat
101|0|3.457387|20|4|6|99.83.135.170|192.168.43.153|443|43004|chat
102|0|3.519220|164|4|6|99.83.135.170|192.168.43.153|443|43004|chat
103|1|3.519243|20|4|6|192.168.43.153|99.83.135.170|43004|443|chat
104|0|3.519336|71|4|6|99.83.135.170|192.168.43.153|443|43004|chat
105|0|3.519341|65|4|6|99.83.135.170|192.168.43.153|443|43004|chat
106|1|3.519408|20|4|6|192.168.43.153|99.83.135.170|43004|443|chat
107|0|3.606374|95|4|6|99.83.135.170|192.168.43.153|443|43004|chat
108|1|3.606441|20|4|6|192.168.43.153|99.83.135.170|43004|443|chat
109|0|3.647099|59|4|6|99.83.135.170|192.168.43.153|443|43004|chat
110|1|3.647234|20|4|6|192.168.43.153|99.83.135.170|43004|443|chat
111|0|3.647306|58|4|6|99.83.135.170|192.168.43.153|443|43004|chat
112|0|3.647338|82|4|6|99.83.135.170|192.168.43.153|443|43004|chat
113|1|3.647489|20|4|6|192.168.43.153|99.83.135.170|43004|443|chat
114|0|3.647507|61|4|6|99.83.135.170|192.168.43.153|443|43004|chat
115|0|3.647512|68|4|6|99.83.135.170|192.168.43.153|443|43004|chat
116|0|3.647515|62|4|6|99.83.135.170|192.168.43.153|443|43004|chat
117|1|3.647745|20|4|6|192.168.43.153|99.83.135.170|43004|443|chat
118|1|3.700330|104|4|6|192.168.43.153|99.83.135.170|43004|443|chat
119|1|3.750627|118|4|6|192.168.43.153|99.83.135.170|43004|443|chat
120|0|3.780071|20|4|6|99.83.135.170|192.168.43.153|443|43004|chat
121|0|3.808332|20|4|6|99.83.135.170|192.168.43.153|443|43004|chat
122|0|3.928518|96|4|6|99.83.135.170|192.168.43.153|443|43004|chat
123|1|3.928537|20|4|6|192.168.43.153|99.83.135.170|43004|443|chat
124|0|4.014200|76|4|6|99.83.135.170|192.168.43.153|443|43004|chat
125|1|4.014235|20|4|6|192.168.43.153|99.83.135.170|43004|443|chat
126|0|4.014352|61|4|6|99.83.135.170|192.168.43.153|443|43004|chat
127|1|4.014381|20|4|6|192.168.43.153|99.83.135.170|43004|443|chat
128|0|4.014440|106|4|6|99.83.135.170|192.168.43.153|443|43004|chat
129|1|4.014455|20|4|6|192.168.43.153|99.83.135.170|43004|443|chat
130|0|4.014474|63|4|6|99.83.135.170|192.168.43.153|443|43004|chat
131|1|4.014510|20|4|6|192.168.43.153|99.83.135.170|43004|443|chat
132|1|4.068451|99|4|6|192.168.43.153|99.83.135.170|43004|443|chat
133|0|4.141356|20|4|6|99.83.135.170|192.168.43.153|443|43004|chat
134|1|4.220556|115|4|6|192.168.43.153|99.83.135.170|43004|443|chat
135|0|4.300321|20|4|6|99.83.135.170|192.168.43.153|443|43004|chat
136|0|4.340281|93|4|6|99.83.135.170|192.168.43.153|443|43004|chat
137|1|4.340311|20|4|6|192.168.43.153|99.83.135.170|43004|443|chat
138|0|4.459185|74|4|6|99.83.135.170|192.168.43.153|443|43004|chat
139|1|4.459294|20|4|6|192.168.43.153|99.83.135.170|43004|443|chat
140|0|4.459368|61|4|6|99.83.135.170|192.168.43.153|443|43004|chat
141|1|4.459391|20|4|6|192.168.43.153|99.83.135.170|43004|443|chat
142|0|4.459442|97|4|6|99.83.135.170|192.168.43.153|443|43004|chat
143|1|4.459455|20|4|6|192.168.43.153|99.83.135.170|43004|443|chat
144|0|4.459472|62|4|6|99.83.135.170|192.168.43.153|443|43004|chat
145|1|4.459506|20|4|6|192.168.43.153|99.83.135.170|43004|443|chat
146|1|4.462589|165|4|6|192.168.43.153|99.83.135.170|43004|443|chat
147|1|4.513064|100|4|6|192.168.43.153|99.83.135.170|43004|443|chat
148|0|4.538750|20|4|6|99.83.135.170|192.168.43.153|443|43004|chat
149|0|4.578880|20|4|6|99.83.135.170|192.168.43.153|443|43004|chat
150|1|4.613845|115|4|6|192.168.43.153|99.83.135.170|43004|443|chat
151|0|4.701593|20|4|6|99.83.135.170|192.168.43.153|443|43004|chat
152|0|4.825658|58|4|6|99.83.135.170|192.168.43.153|443|43004|chat
153|1|4.825680|20|4|6|192.168.43.153|99.83.135.170|43004|443|chat
154|0|4.825871|93|4|6|99.83.135.170|192.168.43.153|443|43004|chat
155|1|4.825880|20|4|6|192.168.43.153|99.83.135.170|43004|443|chat
156|0|4.859183|81|4|6|99.83.135.170|192.168.43.153|443|43004|chat
157|1|4.859205|20|4|6|192.168.43.153|99.83.135.170|43004|443|chat
158|0|4.859284|61|4|6|99.83.135.170|192.168.43.153|443|43004|chat
159|1|4.859308|20|4|6|192.168.43.153|99.83.135.170|43004|443|chat
160|0|4.859316|94|4|6|99.83.135.170|192.168.43.153|443|43004|chat
161|1|4.859320|20|4|6|192.168.43.153|99.83.135.170|43004|443|chat
162|0|4.859344|62|4|6|99.83.135.170|192.168.43.153|443|43004|chat
163|1|4.859347|20|4|6|192.168.43.153|99.83.135.170|43004|443|chat
164|1|4.912264|101|4|6|192.168.43.153|99.83.135.170|43004|443|chat
165|0|5.030234|20|4|6|99.83.135.170|192.168.43.153|443|43004|chat
166|1|5.063333|116|4|6|192.168.43.153|99.83.135.170|43004|443|chat
167|0|5.139700|20|4|6|99.83.135.170|192.168.43.153|443|43004|chat
168|0|5.219450|94|4|6|99.83.135.170|192.168.43.153|443|43004|chat
169|1|5.219495|20|4|6|192.168.43.153|99.83.135.170|43004|443|chat
170|0|5.301640|68|4|6|99.83.135.170|192.168.43.153|443|43004|chat
171|1|5.301787|20|4|6|192.168.43.153|99.83.135.170|43004|443|chat
172|0|5.301864|61|4|6|99.83.135.170|192.168.43.153|443|43004|chat
173|1|5.301887|20|4|6|192.168.43.153|99.83.135.170|43004|443|chat
174|0|5.301937|96|4|6|99.83.135.170|192.168.43.153|443|43004|chat
175|1|5.301954|20|4|6|192.168.43.153|99.83.135.170|43004|443|chat
176|0|5.301974|62|4|6|99.83.135.170|192.168.43.153|443|43004|chat
177|1|5.302014|20|4|6|192.168.43.153|99.83.135.170|43004|443|chat
178|1|5.356497|101|4|6|192.168.43.153|99.83.135.170|43004|443|chat
179|0|5.419445|20|4|6|99.83.135.170|192.168.43.153|443|43004|chat
180|0|5.619579|95|4|6|99.83.135.170|192.168.43.153|443|43004|chat
181|1|5.619607|20|4|6|192.168.43.153|99.83.135.170|43004|443|chat
182|0|6.321518|62|4|6|99.83.135.170|192.168.43.153|443|43004|chat
183|1|6.321612|20|4|6|192.168.43.153|99.83.135.170|43004|443|chat
184|0|6.321686|59|4|6|99.83.135.170|192.168.43.153|443|43004|chat
185|1|6.321706|20|4|6|192.168.43.153|99.83.135.170|43004|443|chat
186|0|9.386632|67|4|6|99.83.135.170|192.168.43.153|443|43004|chat
187|1|9.386656|20|4|6|192.168.43.153|99.83.135.170|43004|443|chat
188|0|9.386761|97|4|6|99.83.135.170|192.168.43.153|443|43004|chat
189|1|9.386768|20|4|6|192.168.43.153|99.83.135.170|43004|443|chat
190|1|10.951355|111|4|6|192.168.43.153|99.83.135.170|43004|443|chat
191|0|10.997947|20|4|6|99.83.135.170|192.168.43.153|443|43004|chat
192|0|11.225150|62|4|6|99.83.135.170|192.168.43.153|443|43004|chat
193|1|11.225185|20|4|6|192.168.43.153|99.83.135.170|43004|443|chat
194|0|11.225302|82|4|6|99.83.135.170|192.168.43.153|443|43004|chat
195|1|11.225332|20|4|6|192.168.43.153|99.83.135.170|43004|443|chat
196|1|11.277302|103|4|6|192.168.43.153|99.83.135.170|43004|443|chat
197|0|11.321547|20|4|6|99.83.135.170|192.168.43.153|443|43004|chat
198|0|11.515606|95|4|6|99.83.135.170|192.168.43.153|443|43004|chat
199|1|11.515640|20|4|6|192.168.43.153|99.83.135.170|43004|443|chat
200|0|12.192375|59|4|6|99.83.135.170|192.168.43.153|443|43004|chat
201|1|12.192406|20|4|6|192.168.43.153|99.83.135.170|43004|443|chat
202|0|12.196436|60|4|6|99.83.135.170|192.168.43.153|443|43004|chat
203|1|12.196457|20|4|6|192.168.43.153|99.83.135.170|43004|443|chat
204|1|13.387939|121|4|6|192.168.43.153|99.83.135.170|43004|443|chat
205|0|13.479657|20|4|6|99.83.135.170|192.168.43.153|443|43004|chat
206|0|13.674440|62|4|6|99.83.135.170|192.168.43.153|443|43004|chat
207|1|13.674486|20|4|6|192.168.43.153|99.83.135.170|43004|443|chat
208|0|13.674632|80|4|6|99.83.135.170|192.168.43.153|443|43004|chat
209|1|13.674653|20|4|6|192.168.43.153|99.83.135.170|43004|443|chat
210|0|13.707862|61|4|6|99.83.135.170|192.168.43.153|443|43004|chat
211|1|13.707901|20|4|6|192.168.43.153|99.83.135.170|43004|443|chat
212|0|13.708265|98|4|6|99.83.135.170|192.168.43.153|443|43004|chat
213|1|13.708311|20|4|6|192.168.43.153|99.83.135.170|43004|443|chat
214|1|13.726919|103|4|6|192.168.43.153|99.83.135.170|43004|443|chat
215|0|13.784150|20|4|6|99.83.135.170|192.168.43.153|443|43004|chat
216|0|13.973349|94|4|6|99.83.135.170|192.168.43.153|443|43004|chat
217|1|13.973383|20|4|6|192.168.43.153|99.83.135.170|43004|443|chat
218|1|14.029563|117|4|6|192.168.43.153|99.83.135.170|43004|443|chat
219|0|14.074335|20|4|6|99.83.135.170|192.168.43.153|443|43004|chat
220|0|14.270616|92|4|6|99.83.135.170|192.168.43.153|443|43004|chat
221|1|14.270652|20|4|6|192.168.43.153|99.83.135.170|43004|443|chat
222|1|14.322864|103|4|6|192.168.43.153|99.83.135.170|43004|443|chat
223|0|14.368145|20|4|6|99.83.135.170|192.168.43.153|443|43004|chat
224|0|14.374208|405|4|6|99.83.135.170|192.168.43.153|443|43004|chat
225|1|14.374244|20|4|6|192.168.43.153|99.83.135.170|43004|443|chat
226|0|14.375577|75|4|6|99.83.135.170|192.168.43.153|443|43004|chat
227|1|14.375612|20|4|6|192.168.43.153|99.83.135.170|43004|443|chat
228|0|14.375702|99|4|6|99.83.135.170|192.168.43.153|443|43004|chat
229|1|14.375718|20|4|6|192.168.43.153|99.83.135.170|43004|443|chat
230|1|14.379907|163|4|6|192.168.43.153|99.83.135.170|43004|443|chat
231|0|14.470310|20|4|6|99.83.135.170|192.168.43.153|443|43004|chat
232|0|14.556868|94|4|6|99.83.135.170|192.168.43.153|443|43004|chat
233|1|14.600748|20|4|6|192.168.43.153|99.83.135.170|43004|443|chat
234|0|14.621461|58|4|6|99.83.135.170|192.168.43.153|443|43004|chat
235|1|14.621488|20|4|6|192.168.43.153|99.83.135.170|43004|443|chat
236|0|15.464943|60|4|6|99.83.135.170|192.168.43.153|443|43004|chat
237|1|15.465056|20|4|6|192.168.43.153|99.83.135.170|43004|443|chat
238|0|15.465112|59|4|6|99.83.135.170|192.168.43.153|443|43004|chat
239|1|15.465129|20|4|6|192.168.43.153|99.83.135.170|43004|443|chat
240|0|15.465148|59|4|6|99.83.135.170|192.168.43.153|443|43004|chat
241|1|15.465188|32|4|6|192.168.43.153|99.83.135.170|43004|443|chat
242|1|15.981276|119|4|6|192.168.43.153|99.83.135.170|43004|443|chat
243|0|16.072450|20|4|6|99.83.135.170|192.168.43.153|443|43004|chat
244|0|16.426297|59|4|6|99.83.135.170|192.168.43.153|443|43004|chat
245|1|16.426345|20|4|6|192.168.43.153|99.83.135.170|43004|443|chat
246|0|16.426368|119|4|6|99.83.135.170|192.168.43.153|443|43004|chat
247|1|16.426398|20|4|6|192.168.43.153|99.83.135.170|43004|443|chat
248|0|16.426408|66|4|6|99.83.135.170|192.168.43.153|443|43004|chat
249|1|16.426435|20|4|6|192.168.43.153|99.83.135.170|43004|443|chat
250|0|16.426444|62|4|6|99.83.135.170|192.168.43.153|443|43004|chat
251|1|16.426468|20|4|6|192.168.43.153|99.83.135.170|43004|443|chat
252|0|16.450708|62|4|6|99.83.135.170|192.168.43.153|443|43004|chat
253|1|16.450742|32|4|6|192.168.43.153|99.83.135.170|43004|443|chat
254|1|16.480716|102|4|6|192.168.43.153|99.83.135.170|43004|443|chat
255|0|16.527734|20|4|6|99.83.135.170|192.168.43.153|443|43004|chat
256|1|16.582253|115|4|6|192.168.43.153|99.83.135.170|43004|443|chat
257|0|16.633926|20|4|6|99.83.135.170|192.168.43.153|443|43004|chat
258|0|16.716338|94|4|6|99.83.135.170|192.168.43.153|443|43004|chat
259|1|16.716372|20|4|6|192.168.43.153|99.83.135.170|43004|443|chat
260|0|16.821849|76|4|6|99.83.135.170|192.168.43.153|443|43004|chat
261|1|16.821883|20|4|6|192.168.43.153|99.83.135.170|43004|443|chat
262|0|16.822116|61|4|6|99.83.135.170|192.168.43.153|443|43004|chat
263|1|16.822141|20|4|6|192.168.43.153|99.83.135.170|43004|443|chat
264|0|16.822208|101|4|6|99.83.135.170|192.168.43.153|443|43004|chat
265|1|16.822230|20|4|6|192.168.43.153|99.83.135.170|43004|443|chat
266|0|16.822250|62|4|6|99.83.135.170|192.168.43.153|443|43004|chat
267|1|16.822333|20|4|6|192.168.43.153|99.83.135.170|43004|443|chat
268|1|16.876881|100|4|6|192.168.43.153|99.83.135.170|43004|443|chat
269|0|16.928196|20|4|6|99.83.135.170|192.168.43.153|443|43004|chat
270|0|17.115848|94|4|6|99.83.135.170|192.168.43.153|443|43004|chat
271|1|17.115868|20|4|6|192.168.43.153|99.83.135.170|43004|443|chat
272|1|17.530226|113|4|6|192.168.43.153|99.83.135.170|43004|443|chat
273|0|17.618285|20|4|6|99.83.135.170|192.168.43.153|443|43004|chat
274|0|17.808742|76|4|6|99.83.135.170|192.168.43.153|443|43004|chat
275|1|17.808778|20|4|6|192.168.43.153|99.83.135.170|43004|443|chat
276|0|17.808887|61|4|6|99.83.135.170|192.168.43.153|443|43004|chat
277|1|17.808899|20|4|6|192.168.43.153|99.83.135.170|43004|443|chat
278|0|17.808914|97|4|6|99.83.135.170|192.168.43.153|443|43004|chat
279|1|17.808943|20|4|6|192.168.43.153|99.83.135.170|43004|443|chat
280|0|17.808954|62|4|6|99.83.135.170|192.168.43.153|443|43004|chat
281|1|17.808981|20|4|6|192.168.43.153|99.83.135.170|43004|443|chat
282|1|17.863954|105|4|6|192.168.43.153|99.83.135.170|43004|443|chat
283|0|17.907398|20|4|6|99.83.135.170|192.168.43.153|443|43004|chat
284|1|17.914907|116|4|6|192.168.43.153|99.83.135.170|43004|443|chat
285|0|17.965302|20|4|6|99.83.135.170|192.168.43.153|443|43004|chat
286|0|18.234364|98|4|6|99.83.135.170|192.168.43.153|443|43004|chat
287|1|18.234412|20|4|6|192.168.43.153|99.83.135.170|43004|443|chat
288|0|18.234435|73|4|6|99.83.135.170|192.168.43.153|443|43004|chat
289|1|18.234468|20|4|6|192.168.43.153|99.83.135.170|43004|443|chat
290|0|18.234481|61|4|6|99.83.135.170|192.168.43.153|443|43004|chat
291|1|18.234509|20|4|6|192.168.43.153|99.83.135.170|43004|443|chat
292|0|18.234519|95|4|6|99.83.135.170|192.168.43.153|443|43004|chat
293|1|18.234546|20|4|6|192.168.43.153|99.83.135.170|43004|443|chat
294|0|18.235102|64|4|6|99.83.135.170|192.168.43.153|443|43004|chat
295|1|18.235130|20|4|6|192.168.43.153|99.83.135.170|43004|443|chat
296|1|18.289477|104|4|6|192.168.43.153|99.83.135.170|43004|443|chat
297|0|18.338015|20|4|6|99.83.135.170|192.168.43.153|443|43004|chat
298|0|18.665554|95|4|6|99.83.135.170|192.168.43.153|443|43004|chat
299|1|18.665604|20|4|6|192.168.43.153|99.83.135.170|43004|443|chat
300|1|18.742847|118|4|6|192.168.43.153|99.83.135.170|43004|443|chat
301|0|18.788606|20|4|6|99.83.135.170|192.168.43.153|443|43004|chat
302|0|18.974986|74|4|6|99.83.135.170|192.168.43.153|443|43004|chat
303|1|18.975018|20|4|6|192.168.43.153|99.83.135.170|43004|443|chat
304|0|18.975131|61|4|6|99.83.135.170|192.168.43.153|443|43004|chat
305|1|18.975147|20|4|6|192.168.43.153|99.83.135.170|43004|443|chat
306|0|18.975190|96|4|6|99.83.135.170|192.168.43.153|443|43004|chat
307|1|18.975205|20|4|6|192.168.43.153|99.83.135.170|43004|443|chat
308|0|18.975219|62|4|6|99.83.135.170|192.168.43.153|443|43004|chat
309|1|18.975253|20|4|6|192.168.43.153|99.83.135.170|43004|443|chat
310|1|18.979912|165|4|6|192.168.43.153|99.83.135.170|43004|443|chat
311|0|19.025092|20|4|6|99.83.135.170|192.168.43.153|443|43004|chat
312|1|19.029820|104|4|6|192.168.43.153|99.83.135.170|43004|443|chat
313|0|19.084884|20|4|6|99.83.135.170|192.168.43.153|443|43004|chat
314|0|19.219301|58|4|6|99.83.135.170|192.168.43.153|443|43004|chat
315|1|19.219332|20|4|6|192.168.43.153|99.83.135.170|43004|443|chat
316|0|19.273763|98|4|6|99.83.135.170|192.168.43.153|443|43004|chat
317|1|19.273796|20|4|6|192.168.43.153|99.83.135.170|43004|443|chat
318|1|19.834049|116|4|6|192.168.43.153|99.83.135.170|43004|443|chat
319|0|19.914180|20|4|6|99.83.135.170|192.168.43.153|443|43004|chat
320|0|19.976715|59|4|6|99.83.135.170|192.168.43.153|443|43004|chat
321|1|19.976782|20|4|6|192.168.43.153|99.83.135.170|43004|443|chat
322|0|19.976852|62|4|6|99.83.135.170|192.168.43.153|443|43004|chat
323|1|19.976874|20|4|6|192.168.43.153|99.83.135.170|43004|443|chat
324|0|20.095840|70|4|6|99.83.135.170|192.168.43.153|443|43004|chat
325|1|20.095881|20|4|6|192.168.43.153|99.83.135.170|43004|443|chat
326|0|20.096019|61|4|6|99.83.135.170|192.168.43.153|443|43004|chat
327|1|20.096057|20|4|6|192.168.43.153|99.83.135.170|43004|443|chat
328|0|20.096116|98|4|6|99.83.135.170|192.168.43.153|443|43004|chat
329|1|20.096134|20|4|6|192.168.43.153|99.83.135.170|43004|443|chat
330|0|20.096151|62|4|6|99.83.135.170|192.168.43.153|443|43004|chat
331|1|20.096189|20|4|6|192.168.43.153|99.83.135.170|43004|443|chat
332|1|20.150513|104|4|6|192.168.43.153|99.83.135.170|43004|443|chat
333|0|20.200426|62|4|6|99.83.135.170|192.168.43.153|443|43004|chat
334|1|20.200465|32|4|6|192.168.43.153|99.83.135.170|43004|443|chat
335|0|20.210937|20|4|6|99.83.135.170|192.168.43.153|443|43004|chat
336|0|20.427840|97|4|6|99.83.135.170|192.168.43.153|443|43004|chat
337|1|20.427874|20|4|6|192.168.43.153|99.83.135.170|43004|443|chat
338|0|21.264814|60|4|6|99.83.135.170|192.168.43.153|443|43004|chat
339|1|21.264870|20|4|6|192.168.43.153|99.83.135.170|43004|443|chat
340|0|21.265001|58|4|6|99.83.135.170|192.168.43.153|443|43004|chat
341|1|21.265022|20|4|6|192.168.43.153|99.83.135.170|43004|443|chat
342|1|22.465678|112|4|6|192.168.43.153|99.83.135.170|43004|443|chat
343|0|22.523531|20|4|6|99.83.135.170|192.168.43.153|443|43004|chat
344|0|22.727073|63|4|6|99.83.135.170|192.168.43.153|443|43004|chat
345|1|22.727108|20|4|6|192.168.43.153|99.83.135.170|43004|443|chat
346|0|22.727306|78|4|6|99.83.135.170|192.168.43.153|443|43004|chat
347|1|22.727332|20|4|6|192.168.43.153|99.83.135.170|43004|443|chat
348|0|22.727385|61|4|6|99.83.135.170|192.168.43.153|443|43004|chat
349|1|22.727402|20|4|6|192.168.43.153|99.83.135.170|43004|443|chat
350|0|22.727420|96|4|6|99.83.135.170|192.168.43.153|443|43004|chat
351|1|22.727450|20|4|6|192.168.43.153|99.83.135.170|43004|443|chat
352|1|22.780289|102|4|6|192.168.43.153|99.83.135.170|43004|443|chat
353|1|22.831865|112|4|6|192.168.43.153|99.83.135.170|43004|443|chat
354|0|22.833955|20|4|6|99.83.135.170|192.168.43.153|443|43004|chat
355|0|22.876503|20|4|6|99.83.135.170|192.168.43.153|443|43004|chat
356|0|23.026809|96|4|6|99.83.135.170|192.168.43.153|443|43004|chat
357|1|23.026844|20|4|6|192.168.43.153|99.83.135.170|43004|443|chat
358|0|23.069620|63|4|6|99.83.135.170|192.168.43.153|443|43004|chat
359|1|23.069656|20|4|6|192.168.43.153|99.83.135.170|43004|443|chat
360|0|23.070958|69|4|6|99.83.135.170|192.168.43.153|443|43004|chat
361|1|23.070993|20|4|6|192.168.43.153|99.83.135.170|43004|443|chat
362|0|23.078455|61|4|6|99.83.135.170|192.168.43.153|443|43004|chat
363|1|23.078491|20|4|6|192.168.43.153|99.83.135.170|43004|443|chat
364|0|23.078644|96|4|6|99.83.135.170|192.168.43.153|443|43004|chat
365|1|23.078669|20|4|6|192.168.43.153|99.83.135.170|43004|443|chat
366|1|23.122009|100|4|6|192.168.43.153|99.83.135.170|43004|443|chat
367|0|23.167334|20|4|6|99.83.135.170|192.168.43.153|443|43004|chat
368|1|23.173258|114|4|6|192.168.43.153|99.83.135.170|43004|443|chat
369|0|23.216877|20|4|6|99.83.135.170|192.168.43.153|443|43004|chat
370|0|23.380855|94|4|6|99.83.135.170|192.168.43.153|443|43004|chat
371|1|23.380888|20|4|6|192.168.43.153|99.83.135.170|43004|443|chat
372|0|23.405796|63|4|6|99.83.135.170|192.168.43.153|443|43004|chat
373|1|23.405830|20|4|6|192.168.43.153|99.83.135.170|43004|443|chat
374|0|23.405902|78|4|6|99.83.135.170|192.168.43.153|443|43004|chat
375|1|23.405917|20|4|6|192.168.43.153|99.83.135.170|43004|443|chat
376|0|23.445345|61|4|6|99.83.135.170|192.168.43.153|443|43004|chat
377|1|23.445371|20|4|6|192.168.43.153|99.83.135.170|43004|443|chat
378|0|23.445426|97|4|6|99.83.135.170|192.168.43.153|443|43004|chat
379|1|23.445433|20|4|6|192.168.43.153|99.83.135.170|43004|443|chat
380|1|23.458390|101|4|6|192.168.43.153|99.83.135.170|43004|443|chat
381|0|23.506474|20|4|6|99.83.135.170|192.168.43.153|443|43004|chat
382|1|23.509284|109|4|6|192.168.43.153|99.83.135.170|43004|443|chat
383|0|23.548437|20|4|6|99.83.135.170|192.168.43.153|443|43004|chat
384|0|23.695782|95|4|6|99.83.135.170|192.168.43.153|443|43004|chat
385|1|23.695807|20|4|6|192.168.43.153|99.83.135.170|43004|443|chat
386|0|23.735938|75|4|6|99.83.135.170|192.168.43.153|443|43004|chat
387|1|23.736008|20|4|6|192.168.43.153|99.83.135.170|43004|443|chat
388|0|23.736166|61|4|6|99.83.135.170|192.168.43.153|443|43004|chat
389|1|23.736177|20|4|6|192.168.43.153|99.83.135.170|43004|443|chat
390|0|23.736191|97|4|6|99.83.135.170|192.168.43.153|443|43004|chat
391|1|23.736217|20|4|6|192.168.43.153|99.83.135.170|43004|443|chat
392|0|23.736226|62|4|6|99.83.135.170|192.168.43.153|443|43004|chat
393|1|23.736254|20|4|6|192.168.43.153|99.83.135.170|43004|443|chat
394|1|23.740439|162|4|6|192.168.43.153|99.83.135.170|43004|443|chat
395|1|23.791466|101|4|6|192.168.43.153|99.83.135.170|43004|443|chat
396|0|23.794749|20|4|6|99.83.135.170|192.168.43.153|443|43004|chat
397|0|23.837307|20|4|6|99.83.135.170|192.168.43.153|443|43004|chat
398|1|23.842255|112|4|6|192.168.43.153|99.83.135.170|43004|443|chat
399|0|23.887031|20|4|6|99.83.135.170|192.168.43.153|443|43004|chat
400|0|23.982179|59|4|6|99.83.135.170|192.168.43.153|443|43004|chat
401|1|23.982211|20|4|6|192.168.43.153|99.83.135.170|43004|443|chat
402|0|24.027158|96|4|6|99.83.135.170|192.168.43.153|443|43004|chat
403|1|24.027325|20|4|6|192.168.43.153|99.83.135.170|43004|443|chat
404|0|24.076122|71|4|6|99.83.135.170|192.168.43.153|443|43004|chat
405|0|24.076207|61|4|6|99.83.135.170|192.168.43.153|443|43004|chat
406|0|24.076237|95|4|6|99.83.135.170|192.168.43.153|443|43004|chat
407|0|24.076242|62|4|6|99.83.135.170|192.168.43.153|443|43004|chat
408|1|24.076289|20|4|6|192.168.43.153|99.83.135.170|43004|443|chat
409|1|24.130956|97|4|6|192.168.43.153|99.83.135.170|43004|443|chat
410|0|24.178143|20|4|6|99.83.135.170|192.168.43.153|443|43004|chat
411|1|24.182146|110|4|6|192.168.43.153|99.83.135.170|43004|443|chat
412|0|24.231687|20|4|6|99.83.135.170|192.168.43.153|443|43004|chat
413|0|24.366712|95|4|6|99.83.135.170|192.168.43.153|443|43004|chat
414|1|24.366739|20|4|6|192.168.43.153|99.83.135.170|43004|443|chat
415|0|24.413919|70|4|6|99.83.135.170|192.168.43.153|443|43004|chat
416|1|24.413953|20|4|6|192.168.43.153|99.83.135.170|43004|443|chat
417|0|24.414085|61|4|6|99.83.135.170|192.168.43.153|443|43004|chat
418|1|24.414095|20|4|6|192.168.43.153|99.83.135.170|43004|443|chat
419|0|24.414107|96|4|6|99.83.135.170|192.168.43.153|443|43004|chat
420|1|24.414135|20|4|6|192.168.43.153|99.83.135.170|43004|443|chat
421|0|24.414145|62|4|6|99.83.135.170|192.168.43.153|443|43004|chat
422|1|24.414172|20|4|6|192.168.43.153|99.83.135.170|43004|443|chat
423|1|24.468753|99|4|6|192.168.43.153|99.83.135.170|43004|443|chat
424|0|24.519366|20|4|6|99.83.135.170|192.168.43.153|443|43004|chat
425|1|24.519794|113|4|6|192.168.43.153|99.83.135.170|43004|443|chat
426|0|24.574621|20|4|6|99.83.135.170|192.168.43.153|443|43004|chat
427|0|24.705809|94|4|6|99.83.135.170|192.168.43.153|443|43004|chat
428|1|24.705857|20|4|6|192.168.43.153|99.83.135.170|43004|443|chat
429|0|24.762036|75|4|6|99.83.135.170|192.168.43.153|443|43004|chat
430|1|24.762075|20|4|6|192.168.43.153|99.83.135.170|43004|443|chat
431|0|24.762190|61|4|6|99.83.135.170|192.168.43.153|443|43004|chat
432|1|24.762208|20|4|6|192.168.43.153|99.83.135.170|43004|443|chat
433|0|24.762249|92|4|6|99.83.135.170|192.168.43.153|443|43004|chat
434|0|24.762255|62|4|6|99.83.135.170|192.168.43.153|443|43004|chat
435|1|24.762270|20|4|6|192.168.43.153|99.83.135.170|43004|443|chat
436|1|24.762302|20|4|6|192.168.43.153|99.83.135.170|43004|443|chat
437|1|24.816544|103|4|6|192.168.43.153|99.83.135.170|43004|443|chat
438|1|24.867422|109|4|6|192.168.43.153|99.83.135.170|43004|443|chat
439|0|24.891991|20|4|6|99.83.135.170|192.168.43.153|443|43004|chat
440|0|24.916727|20|4|6|99.83.135.170|192.168.43.153|443|43004|chat
441|0|25.143823|98|4|6|99.83.135.170|192.168.43.153|443|43004|chat
442|1|25.143867|20|4|6|192.168.43.153|99.83.135.170|43004|443|chat
443|0|25.144009|73|4|6|99.83.135.170|192.168.43.153|443|43004|chat
444|1|25.144030|20|4|6|192.168.43.153|99.83.135.170|43004|443|chat
445|0|25.144078|61|4|6|99.83.135.170|192.168.43.153|443|43004|chat
446|1|25.144093|20|4|6|192.168.43.153|99.83.135.170|43004|443|chat
447|0|25.144111|94|4|6|99.83.135.170|192.168.43.153|443|43004|chat
448|1|25.144198|20|4|6|192.168.43.153|99.83.135.170|43004|443|chat
449|0|25.144243|63|4|6|99.83.135.170|192.168.43.153|443|43004|chat
450|1|25.144257|20|4|6|192.168.43.153|99.83.135.170|43004|443|chat
451|1|25.199611|100|4|6|192.168.43.153|99.83.135.170|43004|443|chat
452|1|25.251907|114|4|6|192.168.43.153|99.83.135.170|43004|443|chat
453|0|25.277855|20|4|6|99.83.135.170|192.168.43.153|443|43004|chat
454|0|25.305011|20|4|6|99.83.135.170|192.168.43.153|443|43004|chat
455|0|25.435884|92|4|6|99.83.135.170|192.168.43.153|443|43004|chat
456|1|25.435919|20|4|6|192.168.43.153|99.83.135.170|43004|443|chat
457|0|25.486622|71|4|6|99.83.135.170|192.168.43.153|443|43004|chat
458|1|25.486644|20|4|6|192.168.43.153|99.83.135.170|43004|443|chat
459|0|25.486692|61|4|6|99.83.135.170|192.168.43.153|443|43004|chat
460|1|25.486726|20|4|6|192.168.43.153|99.83.135.170|43004|443|chat
461|0|25.486734|96|4|6|99.83.135.170|192.168.43.153|443|43004|chat
462|1|25.486738|20|4|6|192.168.43.153|99.83.135.170|43004|443|chat
463|0|25.486763|62|4|6|99.83.135.170|192.168.43.153|443|43004|chat
464|1|25.486766|20|4|6|192.168.43.153|99.83.135.170|43004|443|chat
465|1|25.490467|157|4|6|192.168.43.153|99.83.135.170|43004|443|chat
466|1|25.539975|102|4|6|192.168.43.153|99.83.135.170|43004|443|chat
467|0|25.543488|20|4|6|99.83.135.170|192.168.43.153|443|43004|chat
468|0|25.587138|20|4|6|99.83.135.170|192.168.43.153|443|43004|chat
469|1|25.590601|112|4|6|192.168.43.153|99.83.135.170|43004|443|chat
470|0|25.638322|20|4|6|99.83.135.170|192.168.43.153|443|43004|chat
471|0|25.735274|58|4|6|99.83.135.170|192.168.43.153|443|43004|chat
472|0|25.775062|95|4|6|99.83.135.170|192.168.43.153|443|43004|chat
473|1|25.775082|20|4|6|192.168.43.153|99.83.135.170|43004|443|chat
474|0|25.827132|74|4|6|99.83.135.170|192.168.43.153|443|43004|chat
475|0|25.827152|61|4|6|99.83.135.170|192.168.43.153|443|43004|chat
476|0|25.827156|94|4|6|99.83.135.170|192.168.43.153|443|43004|chat
477|0|25.827158|62|4|6|99.83.135.170|192.168.43.153|443|43004|chat
478|1|25.827228|20|4|6|192.168.43.153|99.83.135.170|43004|443|chat
479|1|25.880002|100|4|6|192.168.43.153|99.83.135.170|43004|443|chat
480|0|25.928748|20|4|6|99.83.135.170|192.168.43.153|443|43004|chat
481|1|25.930379|111|4|6|192.168.43.153|99.83.135.170|43004|443|chat
482|0|25.968227|20|4|6|99.83.135.170|192.168.43.153|443|43004|chat
483|0|26.184887|94|4|6|99.83.135.170|192.168.43.153|443|43004|chat
484|0|26.185051|71|4|6|99.83.135.170|192.168.43.153|443|43004|chat
485|0|26.185064|61|4|6|99.83.135.170|192.168.43.153|443|43004|chat
486|0|26.185073|96|4|6|99.83.135.170|192.168.43.153|443|43004|chat
487|0|26.185081|62|4|6|99.83.135.170|192.168.43.153|443|43004|chat
488|1|26.185182|20|4|6|192.168.43.153|99.83.135.170|43004|443|chat
489|1|26.240359|103|4|6|192.168.43.153|99.83.135.170|43004|443|chat
490|0|26.286706|20|4|6|99.83.135.170|192.168.43.153|443|43004|chat
491|1|26.291674|114|4|6|192.168.43.153|99.83.135.170|43004|443|chat
492|0|26.334781|20|4|6|99.83.135.170|192.168.43.153|443|43004|chat
493|0|26.499712|95|4|6|99.83.135.170|192.168.43.153|443|43004|chat
494|1|26.540709|20|4|6|192.168.43.153|99.83.135.170|43004|443|chat
495|0|26.547384|117|4|6|99.83.135.170|192.168.43.153|443|43004|chat
496|1|26.547410|20|4|6|192.168.43.153|99.83.135.170|43004|443|chat
497|0|26.547532|96|4|6|99.83.135.170|192.168.43.153|443|43004|chat
498|1|26.547544|20|4|6|192.168.43.153|99.83.135.170|43004|443|chat
499|0|26.547555|62|4|6|99.83.135.170|192.168.43.153|443|43004|chat
500|1|26.547579|20|4|6|192.168.43.153|99.83.135.170|43004|443|chat
501|1|26.601002|105|4|6|192.168.43.153|99.83.135.170|43004|443|chat
502|0|26.647404|20|4|6|99.83.135.170|192.168.43.153|443|43004|chat
503|1|26.652161|113|4|6|192.168.43.153|99.83.135.170|43004|443|chat
504|0|26.688726|20|4|6|99.83.135.170|192.168.43.153|443|43004|chat
505|0|26.908341|97|4|6|99.83.135.170|192.168.43.153|443|43004|chat
506|1|26.908388|20|4|6|192.168.43.153|99.83.135.170|43004|443|chat
507|0|27.033207|71|4|6|99.83.135.170|192.168.43.153|443|43004|chat
508|1|27.033239|20|4|6|192.168.43.153|99.83.135.170|43004|443|chat
509|0|27.035396|61|4|6|99.83.135.170|192.168.43.153|443|43004|chat
510|1|27.035431|20|4|6|192.168.43.153|99.83.135.170|43004|443|chat
511|0|27.035639|97|4|6|99.83.135.170|192.168.43.153|443|43004|chat
512|1|27.035659|20|4|6|192.168.43.153|99.83.135.170|43004|443|chat
513|0|27.035679|63|4|6|99.83.135.170|192.168.43.153|443|43004|chat
514|1|27.035713|20|4|6|192.168.43.153|99.83.135.170|43004|443|chat
515|1|27.091350|102|4|6|192.168.43.153|99.83.135.170|43004|443|chat
516|0|27.136481|20|4|6|99.83.135.170|192.168.43.153|443|43004|chat
517|1|27.142871|112|4|6|192.168.43.153|99.83.135.170|43004|443|chat
518|0|27.188666|20|4|6|99.83.135.170|192.168.43.153|443|43004|chat
519|0|27.471540|94|4|6|99.83.135.170|192.168.43.153|443|43004|chat
520|1|27.471595|20|4|6|192.168.43.153|99.83.135.170|43004|443|chat
521|0|27.477892|71|4|6|99.83.135.170|192.168.43.153|443|43004|chat
522|1|27.477941|20|4|6|192.168.43.153|99.83.135.170|43004|443|chat
523|0|27.478119|61|4|6|99.83.135.170|192.168.43.153|443|43004|chat
524|1|27.478157|20|4|6|192.168.43.153|99.83.135.170|43004|443|chat
525|0|27.478189|96|4|6|99.83.135.170|192.168.43.153|443|43004|chat
526|1|27.478239|20|4|6|192.168.43.153|99.83.135.170|43004|443|chat
527|0|27.478299|62|4|6|99.83.135.170|192.168.43.153|443|43004|chat
528|1|27.478321|20|4|6|192.168.43.153|99.83.135.170|43004|443|chat
529|1|27.482233|162|4|6|192.168.43.153|99.83.135.170|43004|443|chat
530|0|27.525042|20|4|6|99.83.135.170|192.168.43.153|443|43004|chat
531|1|27.532684|101|4|6|192.168.43.153|99.83.135.170|43004|443|chat
532|0|27.576796|20|4|6|99.83.135.170|192.168.43.153|443|43004|chat
533|1|27.583064|113|4|6|192.168.43.153|99.83.135.170|43004|443|chat
534|0|27.635689|20|4|6|99.83.135.170|192.168.43.153|443|43004|chat
535|0|27.713602|58|4|6|99.83.135.170|192.168.43.153|443|43004|chat
536|1|27.713637|20|4|6|192.168.43.153|99.83.135.170|43004|443|chat
537|0|27.772805|94|4|6|99.83.135.170|192.168.43.153|443|43004|chat
538|1|27.772839|20|4|6|192.168.43.153|99.83.135.170|43004|443|chat
539|0|29.226794|59|4|6|99.83.135.170|192.168.43.153|443|43004|chat
540|1|29.226822|20|4|6|192.168.43.153|99.83.135.170|43004|443|chat
541|0|29.227447|62|4|6|99.83.135.170|192.168.43.153|443|43004|chat
542|1|29.227529|20|4|6|192.168.43.153|99.83.135.170|43004|443|chat
543|0|29.227679|62|4|6|99.83.135.170|192.168.43.153|443|43004|chat
544|1|29.227692|32|4|6|192.168.43.153|99.83.135.170|43004|443|chat
545|0|29.227751|77|4|6|99.83.135.170|192.168.43.153|443|43004|chat
546|1|29.227782|20|4|6|192.168.43.153|99.83.135.170|43004|443|chat
547|0|29.228152|61|4|6|99.83.135.170|192.168.43.153|443|43004|chat
548|1|29.228166|20|4|6|192.168.43.153|99.83.135.170|43004|443|chat
549|0|29.228208|95|4|6|99.83.135.170|192.168.43.153|443|43004|chat
550|0|29.228212|62|4|6|99.83.135.170|192.168.43.153|443|43004|chat
551|1|29.228226|20|4|6|192.168.43.153|99.83.135.170|43004|443|chat
552|1|29.280727|100|4|6|192.168.43.153|99.83.135.170|43004|443|chat
553|1|29.331471|113|4|6|192.168.43.153|99.83.135.170|43004|443|chat
554|0|29.333626|20|4|6|99.83.135.170|192.168.43.153|443|43004|chat
555|0|29.386394|20|4|6|99.83.135.170|192.168.43.153|443|43004|chat
556|0|29.539190|92|4|6|99.83.135.170|192.168.43.153|443|43004|chat
557|1|29.539225|20|4|6|192.168.43.153|99.83.135.170|43004|443|chat
558|0|29.572957|76|4|6|99.83.135.170|192.168.43.153|443|43004|chat
559|1|29.572993|20|4|6|192.168.43.153|99.83.135.170|43004|443|chat
560|0|29.573568|61|4|6|99.83.135.170|192.168.43.153|443|43004|chat
561|1|29.573595|20|4|6|192.168.43.153|99.83.135.170|43004|443|chat
562|0|29.573661|96|4|6|99.83.135.170|192.168.43.153|443|43004|chat
563|1|29.573678|20|4|6|192.168.43.153|99.83.135.170|43004|443|chat
564|0|29.575603|62|4|6|99.83.135.170|192.168.43.153|443|43004|chat
565|1|29.575640|20|4|6|192.168.43.153|99.83.135.170|43004|443|chat
566|1|29.628026|102|4|6|192.168.43.153|99.83.135.170|43004|443|chat
567|0|29.676997|20|4|6|99.83.135.170|192.168.43.153|443|43004|chat
568|1|29.679003|119|4|6|192.168.43.153|99.83.135.170|43004|443|chat
569|0|29.724735|20|4|6|99.83.135.170|192.168.43.153|443|43004|chat
570|0|29.864308|96|4|6|99.83.135.170|192.168.43.153|443|43004|chat
571|1|29.864342|20|4|6|192.168.43.153|99.83.135.170|43004|443|chat
572|0|29.920716|72|4|6|99.83.135.170|192.168.43.153|443|43004|chat
573|1|29.920751|20|4|6|192.168.43.153|99.83.135.170|43004|443|chat
574|0|29.920862|61|4|6|99.83.135.170|192.168.43.153|443|43004|chat
575|1|29.920872|20|4|6|192.168.43.153|99.83.135.170|43004|443|chat
576|0|29.920885|97|4|6|99.83.135.170|192.168.43.153|443|43004|chat
577|1|29.920913|20|4|6|192.168.43.153|99.83.135.170|43004|443|chat
578|0|29.920923|62|4|6|99.83.135.170|192.168.43.153|443|43004|chat
579|1|29.920950|20|4|6|192.168.43.153|99.83.135.170|43004|443|chat
580|1|29.976289|105|4|6|192.168.43.153|99.83.135.170|43004|443|chat
581|0|30.026135|20|4|6|99.83.135.170|192.168.43.153|443|43004|chat
582|1|30.027375|114|4|6|192.168.43.153|99.83.135.170|43004|443|chat
583|0|30.067633|20|4|6|99.83.135.170|192.168.43.153|443|43004|chat
584|0|30.264852|95|4|6|99.83.135.170|192.168.43.153|443|43004|chat
585|1|30.264886|20|4|6|192.168.43.153|99.83.135.170|43004|443|chat
586|0|30.264987|73|4|6|99.83.135.170|192.168.43.153|443|43004|chat
587|1|30.265000|20|4|6|192.168.43.153|99.83.135.170|43004|443|chat
588|0|30.265012|61|4|6|99.83.135.170|192.168.43.153|443|43004|chat
589|1|30.265043|20|4|6|192.168.43.153|99.83.135.170|43004|443|chat
590|0|30.265056|97|4|6|99.83.135.170|192.168.43.153|443|43004|chat
591|1|30.265085|20|4|6|192.168.43.153|99.83.135.170|43004|443|chat
592|0|30.265218|63|4|6|99.83.135.170|192.168.43.153|443|43004|chat
593|1|30.265230|20|4|6|192.168.43.153|99.83.135.170|43004|443|chat
594|1|30.318865|101|4|6|192.168.43.153|99.83.135.170|43004|443|chat
595|1|30.369817|112|4|6|192.168.43.153|99.83.135.170|43004|443|chat
596|0|30.383523|20|4|6|99.83.135.170|192.168.43.153|443|43004|chat
597|0|30.424629|20|4|6|99.83.135.170|192.168.43.153|443|43004|chat
598|0|30.579178|95|4|6|99.83.135.170|192.168.43.153|443|43004|chat
599|1|30.579211|20|4|6|192.168.43.153|99.83.135.170|43004|443|chat
600|0|30.611827|72|4|6|99.83.135.170|192.168.43.153|443|43004|chat
601|1|30.611961|20|4|6|192.168.43.153|99.83.135.170|43004|443|chat
602|0|30.612035|61|4|6|99.83.135.170|192.168.43.153|443|43004|chat
603|1|30.612056|20|4|6|192.168.43.153|99.83.135.170|43004|443|chat
604|0|30.612074|97|4|6|99.83.135.170|192.168.43.153|443|43004|chat
605|1|30.612121|20|4|6|192.168.43.153|99.83.135.170|43004|443|chat
606|0|30.612165|62|4|6|99.83.135.170|192.168.43.153|443|43004|chat
607|1|30.612177|20|4|6|192.168.43.153|99.83.135.170|43004|443|chat
608|1|30.615557|161|4|6|192.168.43.153|99.83.135.170|43004|443|chat
609|0|30.664899|20|4|6|99.83.135.170|192.168.43.153|443|43004|chat
610|1|30.665769|102|4|6|192.168.43.153|99.83.135.170|43004|443|chat
611|0|30.706979|20|4|6|99.83.135.170|192.168.43.153|443|43004|chat
612|1|30.717072|113|4|6|192.168.43.153|99.83.135.170|43004|443|chat
613|0|30.768225|20|4|6|99.83.135.170|192.168.43.153|443|43004|chat
614|0|30.854988|58|4|6|99.83.135.170|192.168.43.153|443|43004|chat
615|1|30.855012|20|4|6|192.168.43.153|99.83.135.170|43004|443|chat
616|0|30.895033|95|4|6|99.83.135.170|192.168.43.153|443|43004|chat
617|1|30.895057|20|4|6|192.168.43.153|99.83.135.170|43004|443|chat
618|0|30.957303|71|4|6|99.83.135.170|192.168.43.153|443|43004|chat
619|1|30.957321|20|4|6|192.168.43.153|99.83.135.170|43004|443|chat
620|0|30.957385|61|4|6|99.83.135.170|192.168.43.153|443|43004|chat
621|1|30.957414|20|4|6|192.168.43.153|99.83.135.170|43004|443|chat
622|0|30.957420|97|4|6|99.83.135.170|192.168.43.153|443|43004|chat
623|0|30.957421|62|4|6|99.83.135.170|192.168.43.153|443|43004|chat
624|1|30.957430|20|4|6|192.168.43.153|99.83.135.170|43004|443|chat
625|1|30.957450|20|4|6|192.168.43.153|99.83.135.170|43004|443|chat
626|1|31.009315|100|4|6|192.168.43.153|99.83.135.170|43004|443|chat
627|0|31.058311|20|4|6|99.83.135.170|192.168.43.153|443|43004|chat
628|1|31.059909|115|4|6|192.168.43.153|99.83.135.170|43004|443|chat
629|0|31.104794|20|4|6|99.83.135.170|192.168.43.153|443|43004|chat
630|0|31.245466|95|4|6|99.83.135.170|192.168.43.153|443|43004|chat
631|1|31.245504|20|4|6|192.168.43.153|99.83.135.170|43004|443|chat
632|0|31.294730|71|4|6|99.83.135.170|192.168.43.153|443|43004|chat
633|1|31.294761|20|4|6|192.168.43.153|99.83.135.170|43004|443|chat
634|0|31.294870|61|4|6|99.83.135.170|192.168.43.153|443|43004|chat
635|1|31.294883|20|4|6|192.168.43.153|99.83.135.170|43004|443|chat
636|0|31.294898|94|4|6|99.83.135.170|192.168.43.153|443|43004|chat
637|1|31.294927|20|4|6|192.168.43.153|99.83.135.170|43004|443|chat
638|0|31.294936|62|4|6|99.83.135.170|192.168.43.153|443|43004|chat
639|1|31.294957|20|4|6|192.168.43.153|99.83.135.170|43004|443|chat
640|1|31.349247|102|4|6|192.168.43.153|99.83.135.170|43004|443|chat
641|0|31.398260|20|4|6|99.83.135.170|192.168.43.153|443|43004|chat
642|1|31.400527|112|4|6|192.168.43.153|99.83.135.170|43004|443|chat
643|0|31.440510|20|4|6|99.83.135.170|192.168.43.153|443|43004|chat
644|0|31.585605|96|4|6|99.83.135.170|192.168.43.153|443|43004|chat
645|1|31.585642|20|4|6|192.168.43.153|99.83.135.170|43004|443|chat
646|0|31.626280|75|4|6|99.83.135.170|192.168.43.153|443|43004|chat
647|1|31.626304|20|4|6|192.168.43.153|99.83.135.170|43004|443|chat
648|0|31.626386|61|4|6|99.83.135.170|192.168.43.153|443|43004|chat
649|1|31.626416|20|4|6|192.168.43.153|99.83.135.170|43004|443|chat
650|0|31.626424|96|4|6|99.83.135.170|192.168.43.153|443|43004|chat
651|1|31.626447|20|4|6|192.168.43.153|99.83.135.170|43004|443|chat
652|0|31.626454|62|4|6|99.83.135.170|192.168.43.153|443|43004|chat
653|1|31.626457|20|4|6|192.168.43.153|99.83.135.170|43004|443|chat
654|1|31.680819|104|4|6|192.168.43.153|99.83.135.170|43004|443|chat
655|0|31.725844|20|4|6|99.83.135.170|192.168.43.153|443|43004|chat
656|1|31.732117|113|4|6|192.168.43.153|99.83.135.170|43004|443|chat
657|0|31.768698|20|4|6|99.83.135.170|192.168.43.153|443|43004|chat
658|0|31.920926|97|4|6|99.83.135.170|192.168.43.153|443|43004|chat
659|1|31.920959|20|4|6|192.168.43.153|99.83.135.170|43004|443|chat
660|0|31.961857|71|4|6|99.83.135.170|192.168.43.153|443|43004|chat
661|1|31.961894|20|4|6|192.168.43.153|99.83.135.170|43004|443|chat
662|0|31.962122|61|4|6|99.83.135.170|192.168.43.153|443|43004|chat
663|1|31.962142|20|4|6|192.168.43.153|99.83.135.170|43004|443|chat
664|0|31.962191|96|4|6|99.83.135.170|192.168.43.153|443|43004|chat
665|1|31.962205|20|4|6|192.168.43.153|99.83.135.170|43004|443|chat
666|0|31.962224|63|4|6|99.83.135.170|192.168.43.153|443|43004|chat
667|1|31.962263|20|4|6|192.168.43.153|99.83.135.170|43004|443|chat
668|1|32.016559|99|4|6|192.168.43.153|99.83.135.170|43004|443|chat
669|0|32.067230|20|4|6|99.83.135.170|192.168.43.153|443|43004|chat
670|1|32.068335|110|4|6|192.168.43.153|99.83.135.170|43004|443|chat
671|0|32.117690|20|4|6|99.83.135.170|192.168.43.153|443|43004|chat
672|0|32.257638|93|4|6|99.83.135.170|192.168.43.153|443|43004|chat
673|1|32.257672|20|4|6|192.168.43.153|99.83.135.170|43004|443|chat
674|0|32.307907|72|4|6|99.83.135.170|192.168.43.153|443|43004|chat
675|1|32.307941|20|4|6|192.168.43.153|99.83.135.170|43004|443|chat
676|0|32.308066|61|4|6|99.83.135.170|192.168.43.153|443|43004|chat
677|1|32.308091|20|4|6|192.168.43.153|99.83.135.170|43004|443|chat
678|0|32.308142|96|4|6|99.83.135.170|192.168.43.153|443|43004|chat
679|1|32.308156|20|4|6|192.168.43.153|99.83.135.170|43004|443|chat
680|0|32.308173|62|4|6|99.83.135.170|192.168.43.153|443|43004|chat
681|1|32.308207|20|4|6|192.168.43.153|99.83.135.170|43004|443|chat
682|1|32.312288|161|4|6|192.168.43.153|99.83.135.170|43004|443|chat
683|1|32.362592|100|4|6|192.168.43.153|99.83.135.170|43004|443|chat
684|0|32.372893|20|4|6|99.83.135.170|192.168.43.153|443|43004|chat
685|0|32.407400|20|4|6|99.83.135.170|192.168.43.153|443|43004|chat
686|1|32.413849|114|4|6|192.168.43.153|99.83.135.170|43004|443|chat
687|0|32.457667|20|4|6|99.83.135.170|192.168.43.153|443|43004|chat
688|0|32.551782|58|4|6|99.83.135.170|192.168.43.153|443|43004|chat
689|1|32.551815|20|4|6|192.168.43.153|99.83.135.170|43004|443|chat
690|0|32.594923|94|4|6|99.83.135.170|192.168.43.153|443|43004|chat
691|1|32.594965|20|4|6|192.168.43.153|99.83.135.170|43004|443|chat
692|0|32.646236|72|4|6|99.83.135.170|192.168.43.153|443|43004|chat
693|1|32.646341|20|4|6|192.168.43.153|99.83.135.170|43004|443|chat
694|0|32.646397|61|4|6|99.83.135.170|192.168.43.153|443|43004|chat
695|1|32.646408|20|4|6|192.168.43.153|99.83.135.170|43004|443|chat
696|0|32.646420|94|4|6|99.83.135.170|192.168.43.153|443|43004|chat
697|1|32.646447|20|4|6|192.168.43.153|99.83.135.170|43004|443|chat
698|0|32.646663|62|4|6|99.83.135.170|192.168.43.153|443|43004|chat
699|1|32.646675|20|4|6|192.168.43.153|99.83.135.170|43004|443|chat
700|1|32.701078|101|4|6|192.168.43.153|99.83.135.170|43004|443|chat
701|0|32.747936|20|4|6|99.83.135.170|192.168.43.153|443|43004|chat
702|1|32.753255|113|4|6|192.168.43.153|99.83.135.170|43004|443|chat
703|0|32.797421|20|4|6|99.83.135.170|192.168.43.153|443|43004|chat
704|0|32.980163|94|4|6|99.83.135.170|192.168.43.153|443|43004|chat
705|1|32.980197|20|4|6|192.168.43.153|99.83.135.170|43004|443|chat
706|0|32.985667|72|4|6|99.83.135.170|192.168.43.153|443|43004|chat
707|1|32.985785|20|4|6|192.168.43.153|99.83.135.170|43004|443|chat
708|0|32.985841|61|4|6|99.83.135.170|192.168.43.153|443|43004|chat
709|1|32.985850|20|4|6|192.168.43.153|99.83.135.170|43004|443|chat
710|0|32.985864|95|4|6|99.83.135.170|192.168.43.153|443|43004|chat
711|1|32.985891|20|4|6|192.168.43.153|99.83.135.170|43004|443|chat
712|0|32.985902|62|4|6|99.83.135.170|192.168.43.153|443|43004|chat
713|1|32.985928|20|4|6|192.168.43.153|99.83.135.170|43004|443|chat
714|1|33.040704|101|4|6|192.168.43.153|99.83.135.170|43004|443|chat
715|0|33.088068|20|4|6|99.83.135.170|192.168.43.153|443|43004|chat
716|1|33.091816|118|4|6|192.168.43.153|99.83.135.170|43004|443|chat
717|0|33.129858|20|4|6|99.83.135.170|192.168.43.153|443|43004|chat
718|0|33.300297|95|4|6|99.83.135.170|192.168.43.153|443|43004|chat
719|1|33.300330|20|4|6|192.168.43.153|99.83.135.170|43004|443|chat
720|0|33.316862|71|4|6|99.83.135.170|192.168.43.153|443|43004|chat
721|1|33.316896|20|4|6|192.168.43.153|99.83.135.170|43004|443|chat
722|0|33.317043|61|4|6|99.83.135.170|192.168.43.153|443|43004|chat
723|1|33.317054|20|4|6|192.168.43.153|99.83.135.170|43004|443|chat
724|0|33.317067|96|4|6|99.83.135.170|192.168.43.153|443|43004|chat
725|1|33.317095|20|4|6|192.168.43.153|99.83.135.170|43004|443|chat
726|0|33.317105|62|4|6|99.83.135.170|192.168.43.153|443|43004|chat
727|1|33.317132|20|4|6|192.168.43.153|99.83.135.170|43004|443|chat
728|1|33.371927|103|4|6|192.168.43.153|99.83.135.170|43004|443|chat
729|0|33.418136|20|4|6|99.83.135.170|192.168.43.153|443|43004|chat
730|1|33.423300|116|4|6|192.168.43.153|99.83.135.170|43004|443|chat
731|0|33.468385|20|4|6|99.83.135.170|192.168.43.153|443|43004|chat
732|0|33.605619|95|4|6|99.83.135.170|192.168.43.153|443|43004|chat
733|1|33.605654|20|4|6|192.168.43.153|99.83.135.170|43004|443|chat
734|0|33.656602|74|4|6|99.83.135.170|192.168.43.153|443|43004|chat
735|1|33.656639|20|4|6|192.168.43.153|99.83.135.170|43004|443|chat
736|0|33.656721|61|4|6|99.83.135.170|192.168.43.153|443|43004|chat
737|1|33.656739|20|4|6|192.168.43.153|99.83.135.170|43004|443|chat
738|0|33.657031|95|4|6|99.83.135.170|192.168.43.153|443|43004|chat
739|1|33.657058|20|4|6|192.168.43.153|99.83.135.170|43004|443|chat
740|0|33.657452|63|4|6|99.83.135.170|192.168.43.153|443|43004|chat
741|1|33.657476|20|4|6|192.168.43.153|99.83.135.170|43004|443|chat
742|1|33.711630|100|4|6|192.168.43.153|99.83.135.170|43004|443|chat
743|0|33.755846|20|4|6|99.83.135.170|192.168.43.153|443|43004|chat
744|1|33.762904|116|4|6|192.168.43.153|99.83.135.170|43004|443|chat
745|0|33.798382|20|4|6|99.83.135.170|192.168.43.153|443|43004|chat
746|0|33.961029|95|4|6|99.83.135.170|192.168.43.153|443|43004|chat
747|1|33.961064|20|4|6|192.168.43.153|99.83.135.170|43004|443|chat
748|0|33.986616|72|4|6|99.83.135.170|192.168.43.153|443|43004|chat
749|1|33.986638|20|4|6|192.168.43.153|99.83.135.170|43004|443|chat
750|0|33.986785|122|4|6|99.83.135.170|192.168.43.153|443|43004|chat
751|1|33.986793|20|4|6|192.168.43.153|99.83.135.170|43004|443|chat
752|1|33.989259|154|4|6|192.168.43.153|99.83.135.170|43004|443|chat
753|1|34.038909|101|4|6|192.168.43.153|99.83.135.170|43004|443|chat
754|0|34.045498|20|4|6|99.83.135.170|192.168.43.153|443|43004|chat
755|1|34.089499|119|4|6|192.168.43.153|99.83.135.170|43004|443|chat
756|0|34.096217|20|4|6|99.83.135.170|192.168.43.153|443|43004|chat
757|0|34.134248|20|4|6|99.83.135.170|192.168.43.153|443|43004|chat
758|0|34.232103|58|4|6|99.83.135.170|192.168.43.153|443|43004|chat
759|1|34.272728|20|4|6|192.168.43.153|99.83.135.170|43004|443|chat
760|0|34.281962|94|4|6|99.83.135.170|192.168.43.153|443|43004|chat
761|1|34.281998|20|4|6|192.168.43.153|99.83.135.170|43004|443|chat
762|0|34.316356|72|4|6|99.83.135.170|192.168.43.153|443|43004|chat
763|1|34.316375|20|4|6|192.168.43.153|99.83.135.170|43004|443|chat
764|0|34.316538|61|4|6|99.83.135.170|192.168.43.153|443|43004|chat
765|1|34.316547|20|4|6|192.168.43.153|99.83.135.170|43004|443|chat
766|0|34.316558|97|4|6|99.83.135.170|192.168.43.153|443|43004|chat
767|1|34.316583|20|4|6|192.168.43.153|99.83.135.170|43004|443|chat
768|0|34.316590|62|4|6|99.83.135.170|192.168.43.153|443|43004|chat
769|1|34.316593|20|4|6|192.168.43.153|99.83.135.170|43004|443|chat
770|1|34.369296|103|4|6|192.168.43.153|99.83.135.170|43004|443|chat
771|0|34.407128|20|4|6|99.83.135.170|192.168.43.153|443|43004|chat
772|1|34.420282|117|4|6|192.168.43.153|99.83.135.170|43004|443|chat
773|0|34.480887|20|4|6|99.83.135.170|192.168.43.153|443|43004|chat
774|0|34.603345|97|4|6|99.83.135.170|192.168.43.153|443|43004|chat
775|1|34.603377|20|4|6|192.168.43.153|99.83.135.170|43004|443|chat
776|0|34.657966|74|4|6|99.83.135.170|192.168.43.153|443|43004|chat
777|1|34.658029|20|4|6|192.168.43.153|99.83.135.170|43004|443|chat
778|0|34.658082|61|4|6|99.83.135.170|192.168.43.153|443|43004|chat
779|1|34.658089|20|4|6|192.168.43.153|99.83.135.170|43004|443|chat
780|0|34.659478|97|4|6|99.83.135.170|192.168.43.153|443|43004|chat
781|1|34.659509|20|4|6|192.168.43.153|99.83.135.170|43004|443|chat
782|0|34.659588|62|4|6|99.83.135.170|192.168.43.153|443|43004|chat
783|1|34.659605|20|4|6|192.168.43.153|99.83.135.170|43004|443|chat
784|1|34.714273|100|4|6|192.168.43.153|99.83.135.170|43004|443|chat
785|0|34.757059|20|4|6|99.83.135.170|192.168.43.153|443|43004|chat
786|1|34.765446|114|4|6|192.168.43.153|99.83.135.170|43004|443|chat
787|0|34.807325|20|4|6|99.83.135.170|192.168.43.153|443|43004|chat
788|0|34.944557|94|4|6|99.83.135.170|192.168.43.153|443|43004|chat
789|1|34.944607|20|4|6|192.168.43.153|99.83.135.170|43004|443|chat
790|0|34.997121|71|4|6|99.83.135.170|192.168.43.153|443|43004|chat
791|1|34.997155|20|4|6|192.168.43.153|99.83.135.170|43004|443|chat
792|0|34.997263|61|4|6|99.83.135.170|192.168.43.153|443|43004|chat
793|1|34.997273|20|4|6|192.168.43.153|99.83.135.170|43004|443|chat
794|0|34.997286|94|4|6|99.83.135.170|192.168.43.153|443|43004|chat
795|1|34.997315|20|4|6|192.168.43.153|99.83.135.170|43004|443|chat
796|0|34.997324|62|4|6|99.83.135.170|192.168.43.153|443|43004|chat
797|1|34.997350|20|4|6|192.168.43.153|99.83.135.170|43004|443|chat
798|1|35.053266|101|4|6|192.168.43.153|99.83.135.170|43004|443|chat
799|0|35.097727|20|4|6|99.83.135.170|192.168.43.153|443|43004|chat
800|1|35.104388|120|4|6|192.168.43.153|99.83.135.170|43004|443|chat
801|0|35.147260|20|4|6|99.83.135.170|192.168.43.153|443|43004|chat
802|0|35.302086|96|4|6|99.83.135.170|192.168.43.153|443|43004|chat
803|1|35.302122|20|4|6|192.168.43.153|99.83.135.170|43004|443|chat
804|0|35.336754|71|4|6|99.83.135.170|192.168.43.153|443|43004|chat
805|1|35.336789|20|4|6|192.168.43.153|99.83.135.170|43004|443|chat
806|0|35.336923|61|4|6|99.83.135.170|192.168.43.153|443|43004|chat
807|1|35.336934|20|4|6|192.168.43.153|99.83.135.170|43004|443|chat
808|0|35.336947|96|4|6|99.83.135.170|192.168.43.153|443|43004|chat
809|1|35.336976|20|4|6|192.168.43.153|99.83.135.170|43004|443|chat
810|0|35.337242|63|4|6|99.83.135.170|192.168.43.153|443|43004|chat
811|1|35.337267|20|4|6|192.168.43.153|99.83.135.170|43004|443|chat
812|1|35.391578|102|4|6|192.168.43.153|99.83.135.170|43004|443|chat
813|1|35.442751|116|4|6|192.168.43.153|99.83.135.170|43004|443|chat
814|0|35.444485|20|4|6|99.83.135.170|192.168.43.153|443|43004|chat
815|0|35.513643|20|4|6|99.83.135.170|192.168.43.153|443|43004|chat
816|0|35.701948|96|4|6|99.83.135.170|192.168.43.153|443|43004|chat
817|1|35.702075|20|4|6|192.168.43.153|99.83.135.170|43004|443|chat
818|0|35.702099|92|4|6|99.83.135.170|192.168.43.153|443|43004|chat
819|1|35.702131|20|4|6|192.168.43.153|99.83.135.170|43004|443|chat
820|0|35.702143|61|4|6|99.83.135.170|192.168.43.153|443|43004|chat
821|1|35.702171|20|4|6|192.168.43.153|99.83.135.170|43004|443|chat
822|0|35.702181|101|4|6|99.83.135.170|192.168.43.153|443|43004|chat
823|1|35.702207|20|4|6|192.168.43.153|99.83.135.170|43004|443|chat
824|0|35.702217|62|4|6|99.83.135.170|192.168.43.153|443|43004|chat
825|1|35.702243|20|4|6|192.168.43.153|99.83.135.170|43004|443|chat
826|1|35.707096|160|4|6|192.168.43.153|99.83.135.170|43004|443|chat
827|1|35.757478|101|4|6|192.168.43.153|99.83.135.170|43004|443|chat
828|0|35.761832|20|4|6|99.83.135.170|192.168.43.153|443|43004|chat
829|0|35.797582|20|4|6|99.83.135.170|192.168.43.153|443|43004|chat
830|0|36.001788|58|4|6|99.83.135.170|192.168.43.153|443|43004|chat
831|1|36.001823|20|4|6|192.168.43.153|99.83.135.170|43004|443|chat
832|0|36.001903|94|4|6|99.83.135.170|192.168.43.153|443|43004|chat
833|1|36.001921|20|4|6|192.168.43.153|99.83.135.170|43004|443|chat
834|1|36.311643|109|4|6|192.168.43.153|99.83.135.170|43004|443|chat
835|0|36.357711|20|4|6|99.83.135.170|192.168.43.153|443|43004|chat
836|0|36.582575|62|4|6|99.83.135.170|192.168.43.153|443|43004|chat
837|1|36.582690|20|4|6|192.168.43.153|99.83.135.170|43004|443|chat
838|0|36.582718|72|4|6|99.83.135.170|192.168.43.153|443|43004|chat
839|1|36.582755|20|4|6|192.168.43.153|99.83.135.170|43004|443|chat
840|0|36.582770|61|4|6|99.83.135.170|192.168.43.153|443|43004|chat
841|1|36.582804|20|4|6|192.168.43.153|99.83.135.170|43004|443|chat
842|0|36.582818|95|4|6|99.83.135.170|192.168.43.153|443|43004|chat
843|1|36.582850|20|4|6|192.168.43.153|99.83.135.170|43004|443|chat
844|1|36.634815|101|4|6|192.168.43.153|99.83.135.170|43004|443|chat
845|0|36.677666|20|4|6|99.83.135.170|192.168.43.153|443|43004|chat
846|0|36.870668|94|4|6|99.83.135.170|192.168.43.153|443|43004|chat
847|1|36.870703|20|4|6|192.168.43.153|99.83.135.170|43004|443|chat
848|0|37.864087|87|4|6|99.83.135.170|192.168.43.153|443|43004|chat
849|1|37.864210|20|4|6|192.168.43.153|99.83.135.170|43004|443|chat
850|0|37.864235|76|4|6|99.83.135.170|192.168.43.153|443|43004|chat
851|1|37.864267|20|4|6|192.168.43.153|99.83.135.170|43004|443|chat
852|0|37.864279|76|4|6|99.83.135.170|192.168.43.153|443|43004|chat
853|1|37.864309|32|4|6|192.168.43.153|99.83.135.170|43004|443|chat
854|1|39.902642|111|4|6|192.168.43.153|99.83.135.170|43004|443|chat
855|0|39.948360|20|4|6|99.83.135.170|192.168.43.153|443|43004|chat
856|0|40.184027|72|4|6|99.83.135.170|192.168.43.153|443|43004|chat
857|1|40.184077|20|4|6|192.168.43.153|99.83.135.170|43004|443|chat
858|0|40.184183|62|4|6|99.83.135.170|192.168.43.153|443|43004|chat
859|1|40.184193|20|4|6|192.168.43.153|99.83.135.170|43004|443|chat
860|0|40.184205|61|4|6|99.83.135.170|192.168.43.153|443|43004|chat
861|1|40.184234|20|4|6|192.168.43.153|99.83.135.170|43004|443|chat
862|0|40.184245|94|4|6|99.83.135.170|192.168.43.153|443|43004|chat
863|1|40.184272|20|4|6|192.168.43.153|99.83.135.170|43004|443|chat
864|1|40.237346|103|4|6|192.168.43.153|99.83.135.170|43004|443|chat
865|0|40.277741|20|4|6|99.83.135.170|192.168.43.153|443|43004|chat
866|0|40.465791|96|4|6|99.83.135.170|192.168.43.153|443|43004|chat
867|1|40.465837|20|4|6|192.168.43.153|99.83.135.170|43004|443|chat
868|0|41.385977|60|4|6|99.83.135.170|192.168.43.153|443|43004|chat
869|1|41.386102|20|4|6|192.168.43.153|99.83.135.170|43004|443|chat
870|0|41.386160|59|4|6|99.83.135.170|192.168.43.153|443|43004|chat
871|1|41.386177|20|4|6|192.168.43.153|99.83.135.170|43004|443|chat
872|0|41.386195|59|4|6|99.83.135.170|192.168.43.153|443|43004|chat
873|1|41.386238|32|4|6|192.168.43.153|99.83.135.170|43004|443|chat
874|1|42.151205|115|4|6|192.168.43.153|99.83.135.170|43004|443|chat
875|0|42.216854|20|4|6|99.83.135.170|192.168.43.153|443|43004|chat
876|0|42.425131|71|4|6|99.83.135.170|192.168.43.153|443|43004|chat
877|1|42.425220|20|4|6|192.168.43.153|99.83.135.170|43004|443|chat
878|0|42.425234|61|4|6|99.83.135.170|192.168.43.153|443|43004|chat
879|1|42.425258|20|4|6|192.168.43.153|99.83.135.170|43004|443|chat
880|0|42.425265|93|4|6|99.83.135.170|192.168.43.153|443|43004|chat
881|1|42.425270|20|4|6|192.168.43.153|99.83.135.170|43004|443|chat
882|0|42.425296|62|4|6|99.83.135.170|192.168.43.153|443|43004|chat
883|1|42.425320|20|4|6|192.168.43.153|99.83.135.170|43004|443|chat
884|1|42.477938|103|4|6|192.168.43.153|99.83.135.170|43004|443|chat
885|0|42.527255|20|4|6|99.83.135.170|192.168.43.153|443|43004|chat
886|0|42.714954|94|4|6|99.83.135.170|192.168.43.153|443|43004|chat
887|1|42.715001|20|4|6|192.168.43.153|99.83.135.170|43004|443|chat
888|1|42.780833|114|4|6|192.168.43.153|99.83.135.170|43004|443|chat
889|0|42.826917|20|4|6|99.83.135.170|192.168.43.153|443|43004|chat
890|0|43.017368|74|4|6|99.83.135.170|192.168.43.153|443|43004|chat
891|1|43.017398|20|4|6|192.168.43.153|99.83.135.170|43004|443|chat
892|0|43.017631|61|4|6|99.83.135.170|192.168.43.153|443|43004|chat
893|1|43.017658|20|4|6|192.168.43.153|99.83.135.170|43004|443|chat
894|0|43.017721|97|4|6|99.83.135.170|192.168.43.153|443|43004|chat
895|1|43.017735|20|4|6|192.168.43.153|99.83.135.170|43004|443|chat
896|0|43.017753|63|4|6|99.83.135.170|192.168.43.153|443|43004|chat
897|1|43.017812|20|4|6|192.168.43.153|99.83.135.170|43004|443|chat
898|1|43.072393|104|4|6|192.168.43.153|99.83.135.170|43004|443|chat
899|0|43.116741|20|4|6|99.83.135.170|192.168.43.153|443|43004|chat
900|1|43.123672|114|4|6|192.168.43.153|99.83.135.170|43004|443|chat
901|0|43.190660|20|4|6|99.83.135.170|192.168.43.153|443|43004|chat
902|0|43.306144|97|4|6|99.83.135.170|192.168.43.153|443|43004|chat
903|1|43.306163|20|4|6|192.168.43.153|99.83.135.170|43004|443|chat
904|0|43.356336|70|4|6|99.83.135.170|192.168.43.153|443|43004|chat
905|1|43.356353|20|4|6|192.168.43.153|99.83.135.170|43004|443|chat
906|0|43.356397|61|4|6|99.83.135.170|192.168.43.153|443|43004|chat
907|1|43.356425|20|4|6|192.168.43.153|99.83.135.170|43004|443|chat
908|0|43.356431|97|4|6|99.83.135.170|192.168.43.153|443|43004|chat
909|1|43.356433|20|4|6|192.168.43.153|99.83.135.170|43004|443|chat
910|0|43.356457|62|4|6|99.83.135.170|192.168.43.153|443|43004|chat
911|1|43.356459|20|4|6|192.168.43.153|99.83.135.170|43004|443|chat
912|1|43.358762|163|4|6|192.168.43.153|99.83.135.170|43004|443|chat
913|1|43.408535|102|4|6|192.168.43.153|99.83.135.170|43004|443|chat
914|0|43.413666|20|4|6|99.83.135.170|192.168.43.153|443|43004|chat
915|0|43.455542|20|4|6|99.83.135.170|192.168.43.153|443|43004|chat
916|1|43.459804|114|4|6|192.168.43.153|99.83.135.170|43004|443|chat
917|0|43.507753|20|4|6|99.83.135.170|192.168.43.153|443|43004|chat
918|0|43.600120|58|4|6|99.83.135.170|192.168.43.153|443|43004|chat
919|1|43.600160|20|4|6|192.168.43.153|99.83.135.170|43004|443|chat
920|0|43.644934|94|4|6|99.83.135.170|192.168.43.153|443|43004|chat
921|1|43.644974|20|4|6|192.168.43.153|99.83.135.170|43004|443|chat
922|0|43.694568|73|4|6|99.83.135.170|192.168.43.153|443|43004|chat
923|1|43.694605|20|4|6|192.168.43.153|99.83.135.170|43004|443|chat
924|0|43.694761|61|4|6|99.83.135.170|192.168.43.153|443|43004|chat
925|1|43.694772|20|4|6|192.168.43.153|99.83.135.170|43004|443|chat
926|0|43.694785|94|4|6|99.83.135.170|192.168.43.153|443|43004|chat
927|1|43.694812|20|4|6|192.168.43.153|99.83.135.170|43004|443|chat
928|0|43.694822|62|4|6|99.83.135.170|192.168.43.153|443|43004|chat
929|1|43.694849|20|4|6|192.168.43.153|99.83.135.170|43004|443|chat
930|1|43.749726|102|4|6|192.168.43.153|99.83.135.170|43004|443|chat
931|0|43.797416|20|4|6|99.83.135.170|192.168.43.153|443|43004|chat
932|1|43.800995|111|4|6|192.168.43.153|99.83.135.170|43004|443|chat
933|0|43.846033|20|4|6|99.83.135.170|192.168.43.153|443|43004|chat
934|0|44.021123|95|4|6|99.83.135.170|192.168.43.153|443|43004|chat
935|1|44.021170|20|4|6|192.168.43.153|99.83.135.170|43004|443|chat
936|0|44.034866|71|4|6|99.83.135.170|192.168.43.153|443|43004|chat
937|1|44.034910|20|4|6|192.168.43.153|99.83.135.170|43004|443|chat
938|0|44.035136|61|4|6|99.83.135.170|192.168.43.153|443|43004|chat
939|1|44.035155|20|4|6|192.168.43.153|99.83.135.170|43004|443|chat
940|0|44.035177|93|4|6|99.83.135.170|192.168.43.153|443|43004|chat
941|1|44.035214|20|4|6|192.168.43.153|99.83.135.170|43004|443|chat
942|0|44.035232|62|4|6|99.83.135.170|192.168.43.153|443|43004|chat
943|1|44.035271|20|4|6|192.168.43.153|99.83.135.170|43004|443|chat
944|1|44.089905|100|4|6|192.168.43.153|99.83.135.170|43004|443|chat
945|1|44.140978|116|4|6|192.168.43.153|99.83.135.170|43004|443|chat
946|0|44.145746|20|4|6|99.83.135.170|192.168.43.153|443|43004|chat
947|0|44.186323|20|4|6|99.83.135.170|192.168.43.153|443|43004|chat
948|0|44.331548|94|4|6|99.83.135.170|192.168.43.153|443|43004|chat
949|1|44.331566|20|4|6|192.168.43.153|99.83.135.170|43004|443|chat
950|0|44.375174|71|4|6|99.83.135.170|192.168.43.153|443|43004|chat
951|1|44.375192|20|4|6|192.168.43.153|99.83.135.170|43004|443|chat
952|0|44.375332|61|4|6|99.83.135.170|192.168.43.153|443|43004|chat
953|1|44.375341|20|4|6|192.168.43.153|99.83.135.170|43004|443|chat
954|0|44.375354|93|4|6|99.83.135.170|192.168.43.153|443|43004|chat
955|1|44.375378|20|4|6|192.168.43.153|99.83.135.170|43004|443|chat
956|0|44.375387|62|4|6|99.83.135.170|192.168.43.153|443|43004|chat
957|1|44.375414|20|4|6|192.168.43.153|99.83.135.170|43004|443|chat
958|1|44.428930|104|4|6|192.168.43.153|99.83.135.170|43004|443|chat
959|1|44.480528|112|4|6|192.168.43.153|99.83.135.170|43004|443|chat
960|0|44.498121|20|4|6|99.83.135.170|192.168.43.153|443|43004|chat
961|0|44.527882|20|4|6|99.83.135.170|192.168.43.153|443|43004|chat
962|0|44.683991|96|4|6|99.83.135.170|192.168.43.153|443|43004|chat
963|1|44.684025|20|4|6|192.168.43.153|99.83.135.170|43004|443|chat
964|0|44.720779|73|4|6|99.83.135.170|192.168.43.153|443|43004|chat
965|1|44.720821|20|4|6|192.168.43.153|99.83.135.170|43004|443|chat
966|0|44.720876|61|4|6|99.83.135.170|192.168.43.153|443|43004|chat
967|1|44.720885|20|4|6|192.168.43.153|99.83.135.170|43004|443|chat
968|0|44.720898|98|4|6|99.83.135.170|192.168.43.153|443|43004|chat
969|1|44.720925|20|4|6|192.168.43.153|99.83.135.170|43004|443|chat
970|0|44.720936|63|4|6|99.83.135.170|192.168.43.153|443|43004|chat
971|1|44.720962|20|4|6|192.168.43.153|99.83.135.170|43004|443|chat
972|1|44.775217|101|4|6|192.168.43.153|99.83.135.170|43004|443|chat
973|0|44.816074|20|4|6|99.83.135.170|192.168.43.153|443|43004|chat
974|1|44.826500|115|4|6|192.168.43.153|99.83.135.170|43004|443|chat
975|0|44.880174|20|4|6|99.83.135.170|192.168.43.153|443|43004|chat
976|0|45.058983|94|4|6|99.83.135.170|192.168.43.153|443|43004|chat
977|1|45.059012|20|4|6|192.168.43.153|99.83.135.170|43004|443|chat
978|0|45.065660|72|4|6|99.83.135.170|192.168.43.153|443|43004|chat
979|1|45.065691|20|4|6|192.168.43.153|99.83.135.170|43004|443|chat
980|0|45.065818|61|4|6|99.83.135.170|192.168.43.153|443|43004|chat
981|0|45.065823|95|4|6|99.83.135.170|192.168.43.153|443|43004|chat
982|0|45.065826|62|4|6|99.83.135.170|192.168.43.153|443|43004|chat
983|1|45.065840|20|4|6|192.168.43.153|99.83.135.170|43004|443|chat
984|1|45.065867|20|4|6|192.168.43.153|99.83.135.170|43004|443|chat
985|1|45.069289|158|4|6|192.168.43.153|99.83.135.170|43004|443|chat
986|0|45.114329|20|4|6|99.83.135.170|192.168.43.153|443|43004|chat
987|1|45.119632|102|4|6|192.168.43.153|99.83.135.170|43004|443|chat
988|0|45.156495|20|4|6|99.83.135.170|192.168.43.153|443|43004|chat
989|1|45.170744|118|4|6|192.168.43.153|99.83.135.170|43004|443|chat
990|0|45.273813|20|4|6|99.83.135.170|192.168.43.153|443|43004|chat
991|0|45.310150|58|4|6|99.83.135.170|192.168.43.153|443|43004|chat
992|1|45.310283|20|4|6|192.168.43.153|99.83.135.170|43004|443|chat
993|0|45.345705|96|4|6|99.83.135.170|192.168.43.153|443|43004|chat
994|1|45.345735|20|4|6|192.168.43.153|99.83.135.170|43004|443|chat
995|0|45.461631|71|4|6|99.83.135.170|192.168.43.153|443|43004|chat
996|1|45.461668|20|4|6|192.168.43.153|99.83.135.170|43004|443|chat
997|0|45.461864|61|4|6|99.83.135.170|192.168.43.153|443|43004|chat
998|1|45.461878|20|4|6|192.168.43.153|99.83.135.170|43004|443|chat
999|0|45.461925|97|4|6|99.83.135.170|192.168.43.153|443|43004|chat
1000|1|45.461936|20|4|6|192.168.43.153|99.83.135.170|43004|443|chat
1001|0|45.461951|62|4|6|99.83.135.170|192.168.43.153|443|43004|chat
1002|1|45.461978|20|4|6|192.168.43.153|99.83.135.170|43004|443|chat
1003|1|45.515281|103|4|6|192.168.43.153|99.83.135.170|43004|443|chat
1004|1|45.566591|110|4|6|192.168.43.153|99.83.135.170|43004|443|chat
1005|0|45.598960|20|4|6|99.83.135.170|192.168.43.153|443|43004|chat
1006|0|45.624166|20|4|6|99.83.135.170|192.168.43.153|443|43004|chat
1007|0|45.744320|95|4|6|99.83.135.170|192.168.43.153|443|43004|chat
1008|1|45.744360|20|4|6|192.168.43.153|99.83.135.170|43004|443|chat
1009|0|45.807799|71|4|6|99.83.135.170|192.168.43.153|443|43004|chat
1010|1|45.807834|20|4|6|192.168.43.153|99.83.135.170|43004|443|chat
1011|0|45.808118|61|4|6|99.83.135.170|192.168.43.153|443|43004|chat
1012|0|45.808118|96|4|6|99.83.135.170|192.168.43.153|443|43004|chat
1013|0|45.808118|62|4|6|99.83.135.170|192.168.43.153|443|43004|chat
1014|1|45.808144|20|4|6|192.168.43.153|99.83.135.170|43004|443|chat
1015|1|45.808205|20|4|6|192.168.43.153|99.83.135.170|43004|443|chat
1016|1|45.808231|20|4|6|192.168.43.153|99.83.135.170|43004|443|chat
1017|1|45.861967|103|4|6|192.168.43.153|99.83.135.170|43004|443|chat
1018|0|45.906171|20|4|6|99.83.135.170|192.168.43.153|443|43004|chat
1019|1|45.913244|110|4|6|192.168.43.153|99.83.135.170|43004|443|chat
1020|0|45.955057|20|4|6|99.83.135.170|192.168.43.153|443|43004|chat
1021|0|46.097647|95|4|6|99.83.135.170|192.168.43.153|443|43004|chat
1022|1|46.097681|20|4|6|192.168.43.153|99.83.135.170|43004|443|chat
1023|0|46.146764|72|4|6|99.83.135.170|192.168.43.153|443|43004|chat
1024|1|46.146800|20|4|6|192.168.43.153|99.83.135.170|43004|443|chat
1025|0|46.146913|61|4|6|99.83.135.170|192.168.43.153|443|43004|chat
1026|1|46.146922|20|4|6|192.168.43.153|99.83.135.170|43004|443|chat
1027|0|46.146935|95|4|6|99.83.135.170|192.168.43.153|443|43004|chat
1028|1|46.146962|20|4|6|192.168.43.153|99.83.135.170|43004|443|chat
1029|0|46.146973|62|4|6|99.83.135.170|192.168.43.153|443|43004|chat
1030|1|46.146999|20|4|6|192.168.43.153|99.83.135.170|43004|443|chat
1031|1|46.201402|104|4|6|192.168.43.153|99.83.135.170|43004|443|chat
1032|0|46.247016|20|4|6|99.83.135.170|192.168.43.153|443|43004|chat
1033|1|46.252604|116|4|6|192.168.43.153|99.83.135.170|43004|443|chat
1034|0|46.298459|20|4|6|99.83.135.170|192.168.43.153|443|43004|chat
1035|0|46.503985|97|4|6|99.83.135.170|192.168.43.153|443|43004|chat
1036|1|46.504009|20|4|6|192.168.43.153|99.83.135.170|43004|443|chat
1037|0|46.504185|75|4|6|99.83.135.170|192.168.43.153|443|43004|chat
1038|1|46.504201|20|4|6|192.168.43.153|99.83.135.170|43004|443|chat
1039|0|46.504216|61|4|6|99.83.135.170|192.168.43.153|443|43004|chat
1040|1|46.504232|20|4|6|192.168.43.153|99.83.135.170|43004|443|chat
1041|0|46.504242|94|4|6|99.83.135.170|192.168.43.153|443|43004|chat
1042|1|46.504251|20|4|6|192.168.43.153|99.83.135.170|43004|443|chat
1043|0|46.510804|64|4|6|99.83.135.170|192.168.43.153|443|43004|chat
1044|1|46.510833|20|4|6|192.168.43.153|99.83.135.170|43004|443|chat
1045|1|46.562531|103|4|6|192.168.43.153|99.83.135.170|43004|443|chat
1046|0|46.606208|20|4|6|99.83.135.170|192.168.43.153|443|43004|chat
1047|1|46.613662|112|4|6|192.168.43.153|99.83.135.170|43004|443|chat
1048|0|46.658703|20|4|6|99.83.135.170|192.168.43.153|443|43004|chat
1049|0|46.819397|96|4|6|99.83.135.170|192.168.43.153|443|43004|chat
1050|1|46.819446|20|4|6|192.168.43.153|99.83.135.170|43004|443|chat
1051|0|46.859127|73|4|6|99.83.135.170|192.168.43.153|443|43004|chat
1052|1|46.859165|20|4|6|192.168.43.153|99.83.135.170|43004|443|chat
1053|0|46.859298|61|4|6|99.83.135.170|192.168.43.153|443|43004|chat
1054|0|46.859304|97|4|6|99.83.135.170|192.168.43.153|443|43004|chat
1055|0|46.859308|62|4|6|99.83.135.170|192.168.43.153|443|43004|chat
1056|1|46.859327|20|4|6|192.168.43.153|99.83.135.170|43004|443|chat
1057|1|46.859360|20|4|6|192.168.43.153|99.83.135.170|43004|443|chat
1058|1|46.863823|162|4|6|192.168.43.153|99.83.135.170|43004|443|chat
1059|1|46.913982|104|4|6|192.168.43.153|99.83.135.170|43004|443|chat
1060|0|46.914712|20|4|6|99.83.135.170|192.168.43.153|443|43004|chat
1061|0|46.958705|20|4|6|99.83.135.170|192.168.43.153|443|43004|chat
1062|1|46.964995|117|4|6|192.168.43.153|99.83.135.170|43004|443|chat
1063|0|47.050372|20|4|6|99.83.135.170|192.168.43.153|443|43004|chat
1064|0|47.100892|58|4|6|99.83.135.170|192.168.43.153|443|43004|chat
1065|1|47.144710|20|4|6|192.168.43.153|99.83.135.170|43004|443|chat
1066|0|47.144962|98|4|6|99.83.135.170|192.168.43.153|443|43004|chat
1067|1|47.144985|20|4|6|192.168.43.153|99.83.135.170|43004|443|chat
1068|0|47.238952|71|4|6|99.83.135.170|192.168.43.153|443|43004|chat
1069|1|47.238997|20|4|6|192.168.43.153|99.83.135.170|43004|443|chat
1070|0|47.239017|61|4|6|99.83.135.170|192.168.43.153|443|43004|chat
1071|1|47.239046|20|4|6|192.168.43.153|99.83.135.170|43004|443|chat
1072|0|47.239056|94|4|6|99.83.135.170|192.168.43.153|443|43004|chat
1073|1|47.239081|20|4|6|192.168.43.153|99.83.135.170|43004|443|chat
1074|0|47.239089|62|4|6|99.83.135.170|192.168.43.153|443|43004|chat
1075|1|47.239111|20|4|6|192.168.43.153|99.83.135.170|43004|443|chat
1076|1|47.292592|101|4|6|192.168.43.153|99.83.135.170|43004|443|chat
1077|0|47.336494|20|4|6|99.83.135.170|192.168.43.153|443|43004|chat
1078|1|47.343975|117|4|6|192.168.43.153|99.83.135.170|43004|443|chat
1079|0|47.394983|20|4|6|99.83.135.170|192.168.43.153|443|43004|chat
1080|0|47.539444|95|4|6|99.83.135.170|192.168.43.153|443|43004|chat
1081|1|47.539480|20|4|6|192.168.43.153|99.83.135.170|43004|443|chat
1082|0|47.605162|73|4|6|99.83.135.170|192.168.43.153|443|43004|chat
1083|1|47.605196|20|4|6|192.168.43.153|99.83.135.170|43004|443|chat
1084|0|47.605400|61|4|6|99.83.135.170|192.168.43.153|443|43004|chat
1085|1|47.605420|20|4|6|192.168.43.153|99.83.135.170|43004|443|chat
1086|0|47.605486|96|4|6|99.83.135.170|192.168.43.153|443|43004|chat
1087|1|47.605509|20|4|6|192.168.43.153|99.83.135.170|43004|443|chat
1088|0|47.605530|62|4|6|99.83.135.170|192.168.43.153|443|43004|chat
1089|1|47.605589|20|4|6|192.168.43.153|99.83.135.170|43004|443|chat
1090|1|47.660449|100|4|6|192.168.43.153|99.83.135.170|43004|443|chat
1091|0|47.705897|20|4|6|99.83.135.170|192.168.43.153|443|43004|chat
1092|1|47.711566|114|4|6|192.168.43.153|99.83.135.170|43004|443|chat
1093|0|47.745780|20|4|6|99.83.135.170|192.168.43.153|443|43004|chat
1094|0|47.945376|93|4|6|99.83.135.170|192.168.43.153|443|43004|chat
1095|1|47.945410|20|4|6|192.168.43.153|99.83.135.170|43004|443|chat
1096|0|47.945523|71|4|6|99.83.135.170|192.168.43.153|443|43004|chat
1097|1|47.945533|20|4|6|192.168.43.153|99.83.135.170|43004|443|chat
1098|0|47.945546|61|4|6|99.83.135.170|192.168.43.153|443|43004|chat
1099|1|47.945573|20|4|6|192.168.43.153|99.83.135.170|43004|443|chat
1100|0|47.945584|96|4|6|99.83.135.170|192.168.43.153|443|43004|chat
1101|1|47.945611|20|4|6|192.168.43.153|99.83.135.170|43004|443|chat
1102|0|47.946146|62|4|6|99.83.135.170|192.168.43.153|443|43004|chat
1103|1|47.946182|20|4|6|192.168.43.153|99.83.135.170|43004|443|chat
1104|1|48.000516|100|4|6|192.168.43.153|99.83.135.170|43004|443|chat
1105|0|48.046173|20|4|6|99.83.135.170|192.168.43.153|443|43004|chat
1106|1|48.051332|113|4|6|192.168.43.153|99.83.135.170|43004|443|chat
1107|0|48.087481|20|4|6|99.83.135.170|192.168.43.153|443|43004|chat
1108|0|48.258846|96|4|6|99.83.135.170|192.168.43.153|443|43004|chat
1109|1|48.258876|20|4|6|192.168.43.153|99.83.135.170|43004|443|chat
1110|0|48.306427|72|4|6|99.83.135.170|192.168.43.153|443|43004|chat
1111|1|48.306462|20|4|6|192.168.43.153|99.83.135.170|43004|443|chat
1112|0|48.306521|61|4|6|99.83.135.170|192.168.43.153|443|43004|chat
1113|1|48.306530|20|4|6|192.168.43.153|99.83.135.170|43004|443|chat
1114|0|48.306542|95|4|6|99.83.135.170|192.168.43.153|443|43004|chat
1115|1|48.306570|20|4|6|192.168.43.153|99.83.135.170|43004|443|chat
1116|0|48.306580|63|4|6|99.83.135.170|192.168.43.153|443|43004|chat
1117|1|48.306606|20|4|6|192.168.43.153|99.83.135.170|43004|443|chat
1118|1|48.361322|102|4|6|192.168.43.153|99.83.135.170|43004|443|chat
1119|1|48.412976|112|4|6|192.168.43.153|99.83.135.170|43004|443|chat
1120|0|48.414905|20|4|6|99.83.135.170|192.168.43.153|443|43004|chat
1121|0|48.464325|20|4|6|99.83.135.170|192.168.43.153|443|43004|chat
1122|0|48.665379|95|4|6|99.83.135.170|192.168.43.153|443|43004|chat
1123|1|48.665487|20|4|6|192.168.43.153|99.83.135.170|43004|443|chat
1124|0|48.665541|73|4|6|99.83.135.170|192.168.43.153|443|43004|chat
1125|1|48.665549|20|4|6|192.168.43.153|99.83.135.170|43004|443|chat
1126|0|48.665562|61|4|6|99.83.135.170|192.168.43.153|443|43004|chat
1127|1|48.665587|20|4|6|192.168.43.153|99.83.135.170|43004|443|chat
1128|0|48.665596|94|4|6|99.83.135.170|192.168.43.153|443|43004|chat
1129|1|48.665622|20|4|6|192.168.43.153|99.83.135.170|43004|443|chat
1130|0|48.665630|62|4|6|99.83.135.170|192.168.43.153|443|43004|chat
1131|1|48.665654|20|4|6|192.168.43.153|99.83.135.170|43004|443|chat
1132|1|48.670282|160|4|6|192.168.43.153|99.83.135.170|43004|443|chat
1133|1|48.720534|103|4|6|192.168.43.153|99.83.135.170|43004|443|chat
1134|0|48.723785|20|4|6|99.83.135.170|192.168.43.153|443|43004|chat
1135|1|48.771586|112|4|6|192.168.43.153|99.83.135.170|43004|443|chat
1136|0|48.775551|20|4|6|99.83.135.170|192.168.43.153|443|43004|chat
1137|0|48.817862|20|4|6|99.83.135.170|192.168.43.153|443|43004|chat
1138|0|48.913378|59|4|6|99.83.135.170|192.168.43.153|443|43004|chat
1139|1|48.913408|20|4|6|192.168.43.153|99.83.135.170|43004|443|chat
1140|0|48.963205|95|4|6|99.83.135.170|192.168.43.153|443|43004|chat
1141|1|48.963234|20|4|6|192.168.43.153|99.83.135.170|43004|443|chat
1142|0|49.006092|71|4|6|99.83.135.170|192.168.43.153|443|43004|chat
1143|1|49.006124|20|4|6|192.168.43.153|99.83.135.170|43004|443|chat
1144|0|49.006369|61|4|6|99.83.135.170|192.168.43.153|443|43004|chat
1145|1|49.006389|20|4|6|192.168.43.153|99.83.135.170|43004|443|chat
1146|0|49.006438|96|4|6|99.83.135.170|192.168.43.153|443|43004|chat
1147|1|49.006450|20|4|6|192.168.43.153|99.83.135.170|43004|443|chat
1148|0|49.006466|62|4|6|99.83.135.170|192.168.43.153|443|43004|chat
1149|1|49.006501|20|4|6|192.168.43.153|99.83.135.170|43004|443|chat
1150|1|49.060297|102|4|6|192.168.43.153|99.83.135.170|43004|443|chat
1151|0|49.105880|20|4|6|99.83.135.170|192.168.43.153|443|43004|chat
1152|1|49.111222|112|4|6|192.168.43.153|99.83.135.170|43004|443|chat
1153|0|49.147538|20|4|6|99.83.135.170|192.168.43.153|443|43004|chat
1154|0|49.298747|94|4|6|99.83.135.170|192.168.43.153|443|43004|chat
1155|1|49.298781|20|4|6|192.168.43.153|99.83.135.170|43004|443|chat
1156|0|49.336425|71|4|6|99.83.135.170|192.168.43.153|443|43004|chat
1157|1|49.336461|20|4|6|192.168.43.153|99.83.135.170|43004|443|chat
1158|0|49.336520|61|4|6|99.83.135.170|192.168.43.153|443|43004|chat
1159|1|49.336529|20|4|6|192.168.43.153|99.83.135.170|43004|443|chat
1160|0|49.336542|96|4|6|99.83.135.170|192.168.43.153|443|43004|chat
1161|1|49.336569|20|4|6|192.168.43.153|99.83.135.170|43004|443|chat
1162|0|49.336579|62|4|6|99.83.135.170|192.168.43.153|443|43004|chat
1163|1|49.336611|20|4|6|192.168.43.153|99.83.135.170|43004|443|chat
1164|1|49.391230|100|4|6|192.168.43.153|99.83.135.170|43004|443|chat
1165|0|49.435958|20|4|6|99.83.135.170|192.168.43.153|443|43004|chat
1166|1|49.442379|118|4|6|192.168.43.153|99.83.135.170|43004|443|chat
1167|0|49.487629|20|4|6|99.83.135.170|192.168.43.153|443|43004|chat
1168|0|49.624241|95|4|6|99.83.135.170|192.168.43.153|443|43004|chat
1169|1|49.624275|20|4|6|192.168.43.153|99.83.135.170|43004|443|chat
1170|0|49.675900|71|4|6|99.83.135.170|192.168.43.153|443|43004|chat
1171|1|49.675952|20|4|6|192.168.43.153|99.83.135.170|43004|443|chat
1172|0|49.676013|61|4|6|99.83.135.170|192.168.43.153|443|43004|chat
1173|1|49.676021|20|4|6|192.168.43.153|99.83.135.170|43004|443|chat
1174|0|49.676033|96|4|6|99.83.135.170|192.168.43.153|443|43004|chat
1175|1|49.676060|20|4|6|192.168.43.153|99.83.135.170|43004|443|chat
1176|0|49.676070|62|4|6|99.83.135.170|192.168.43.153|443|43004|chat
1177|1|49.676096|20|4|6|192.168.43.153|99.83.135.170|43004|443|chat
1178|1|49.732099|100|4|6|192.168.43.153|99.83.135.170|43004|443|chat
1179|0|49.777422|20|4|6|99.83.135.170|192.168.43.153|443|43004|chat
1180|1|49.783175|113|4|6|192.168.43.153|99.83.135.170|43004|443|chat
1181|0|49.827626|20|4|6|99.83.135.170|192.168.43.153|443|43004|chat
1182|0|49.995231|95|4|6|99.83.135.170|192.168.43.153|443|43004|chat
1183|1|49.995265|20|4|6|192.168.43.153|99.83.135.170|43004|443|chat
1184|0|50.016195|148|4|6|99.83.135.170|192.168.43.153|443|43004|chat
1185|1|50.016241|20|4|6|192.168.43.153|99.83.135.170|43004|443|chat
1186|1|50.070926|98|4|6|192.168.43.153|99.83.135.170|43004|443|chat
1187|0|50.116771|20|4|6|99.83.135.170|192.168.43.153|443|43004|chat
1188|1|50.122101|113|4|6|192.168.43.153|99.83.135.170|43004|443|chat
1189|0|50.168338|20|4|6|99.83.135.170|192.168.43.153|443|43004|chat
1190|0|50.309252|93|4|6|99.83.135.170|192.168.43.153|443|43004|chat
1191|1|50.309289|20|4|6|192.168.43.153|99.83.135.170|43004|443|chat
1192|0|50.356569|72|4|6|99.83.135.170|192.168.43.153|443|43004|chat
1193|1|50.356597|20|4|6|192.168.43.153|99.83.135.170|43004|443|chat
1194|0|50.356703|61|4|6|99.83.135.170|192.168.43.153|443|43004|chat
1195|1|50.356715|20|4|6|192.168.43.153|99.83.135.170|43004|443|chat
1196|0|50.356729|95|4|6|99.83.135.170|192.168.43.153|443|43004|chat
1197|1|50.356759|20|4|6|192.168.43.153|99.83.135.170|43004|443|chat
1198|0|50.356771|62|4|6|99.83.135.170|192.168.43.153|443|43004|chat
1199|1|50.356814|20|4|6|192.168.43.153|99.83.135.170|43004|443|chat
1200|1|50.360020|158|4|6|192.168.43.153|99.83.135.170|43004|443|chat
1201|1|50.409806|103|4|6|192.168.43.153|99.83.135.170|43004|443|chat
1202|0|50.413863|20|4|6|99.83.135.170|192.168.43.153|443|43004|chat
1203|0|50.455276|20|4|6|99.83.135.170|192.168.43.153|443|43004|chat
1204|1|50.461023|117|4|6|192.168.43.153|99.83.135.170|43004|443|chat
1205|0|50.507491|20|4|6|99.83.135.170|192.168.43.153|443|43004|chat
1206|0|50.606402|58|4|6|99.83.135.170|192.168.43.153|443|43004|chat
1207|1|50.606429|20|4|6|192.168.43.153|99.83.135.170|43004|443|chat
1208|0|50.649139|96|4|6|99.83.135.170|192.168.43.153|443|43004|chat
1209|1|50.649173|20|4|6|192.168.43.153|99.83.135.170|43004|443|chat
1210|0|50.695853|72|4|6|99.83.135.170|192.168.43.153|443|43004|chat
1211|1|50.695949|20|4|6|192.168.43.153|99.83.135.170|43004|443|chat
1212|0|50.696003|61|4|6|99.83.135.170|192.168.43.153|443|43004|chat
1213|1|50.696012|20|4|6|192.168.43.153|99.83.135.170|43004|443|chat
1214|0|50.696024|95|4|6|99.83.135.170|192.168.43.153|443|43004|chat
1215|1|50.696050|20|4|6|192.168.43.153|99.83.135.170|43004|443|chat
1216|0|50.696059|62|4|6|99.83.135.170|192.168.43.153|443|43004|chat
1217|1|50.696084|20|4|6|192.168.43.153|99.83.135.170|43004|443|chat
1218|1|50.750549|102|4|6|192.168.43.153|99.83.135.170|43004|443|chat
1219|0|50.796931|20|4|6|99.83.135.170|192.168.43.153|443|43004|chat
1220|1|50.802015|114|4|6|192.168.43.153|99.83.135.170|43004|443|chat
1221|0|50.870948|20|4|6|99.83.135.170|192.168.43.153|443|43004|chat
1222|0|50.983995|95|4|6|99.83.135.170|192.168.43.153|443|43004|chat
1223|1|50.984029|20|4|6|192.168.43.153|99.83.135.170|43004|443|chat
1224|0|51.035845|72|4|6|99.83.135.170|192.168.43.153|443|43004|chat
1225|1|51.035879|20|4|6|192.168.43.153|99.83.135.170|43004|443|chat
1226|0|51.035939|61|4|6|99.83.135.170|192.168.43.153|443|43004|chat
1227|1|51.035947|20|4|6|192.168.43.153|99.83.135.170|43004|443|chat
1228|0|51.035960|95|4|6|99.83.135.170|192.168.43.153|443|43004|chat
1229|1|51.035987|20|4|6|192.168.43.153|99.83.135.170|43004|443|chat
1230|0|51.035997|62|4|6|99.83.135.170|192.168.43.153|443|43004|chat
1231|1|51.036023|20|4|6|192.168.43.153|99.83.135.170|43004|443|chat
1232|1|51.091591|100|4|6|192.168.43.153|99.83.135.170|43004|443|chat
1233|0|51.126739|20|4|6|99.83.135.170|192.168.43.153|443|43004|chat
1234|1|51.141585|111|4|6|192.168.43.153|99.83.135.170|43004|443|chat
1235|0|51.186167|20|4|6|99.83.135.170|192.168.43.153|443|43004|chat
1236|0|51.383783|93|4|6|99.83.135.170|192.168.43.153|443|43004|chat
1237|1|51.383818|20|4|6|192.168.43.153|99.83.135.170|43004|443|chat
1238|0|51.383938|71|4|6|99.83.135.170|192.168.43.153|443|43004|chat
1239|1|51.383948|20|4|6|192.168.43.153|99.83.135.170|43004|443|chat
1240|0|51.383962|61|4|6|99.83.135.170|192.168.43.153|443|43004|chat
1241|1|51.383989|20|4|6|192.168.43.153|99.83.135.170|43004|443|chat
1242|0|51.383999|96|4|6|99.83.135.170|192.168.43.153|443|43004|chat
1243|1|51.384025|20|4|6|192.168.43.153|99.83.135.170|43004|443|chat
1244|0|51.384034|62|4|6|99.83.135.170|192.168.43.153|443|43004|chat
1245|1|51.384062|20|4|6|192.168.43.153|99.83.135.170|43004|443|chat
1246|1|51.438937|104|4|6|192.168.43.153|99.83.135.170|43004|443|chat
1247|0|51.486201|20|4|6|99.83.135.170|192.168.43.153|443|43004|chat
1248|1|51.489808|114|4|6|192.168.43.153|99.83.135.170|43004|443|chat
1249|0|51.527270|20|4|6|99.83.135.170|192.168.43.153|443|43004|chat
1250|0|51.698308|96|4|6|99.83.135.170|192.168.43.153|443|43004|chat
1251|1|51.698349|20|4|6|192.168.43.153|99.83.135.170|43004|443|chat
1252|0|51.717946|74|4|6|99.83.135.170|192.168.43.153|443|43004|chat
1253|1|51.717974|20|4|6|192.168.43.153|99.83.135.170|43004|443|chat
1254|0|51.719111|61|4|6|99.83.135.170|192.168.43.153|443|43004|chat
1255|1|51.719142|20|4|6|192.168.43.153|99.83.135.170|43004|443|chat
1256|0|51.719296|94|4|6|99.83.135.170|192.168.43.153|443|43004|chat
1257|1|51.719326|20|4|6|192.168.43.153|99.83.135.170|43004|443|chat
1258|0|51.719379|63|4|6|99.83.135.170|192.168.43.153|443|43004|chat
1259|1|51.719391|20|4|6|192.168.43.153|99.83.135.170|43004|443|chat
1260|1|51.773039|103|4|6|192.168.43.153|99.83.135.170|43004|443|chat
1261|0|51.816514|20|4|6|99.83.135.170|192.168.43.153|443|43004|chat
1262|1|51.823849|113|4|6|192.168.43.153|99.83.135.170|43004|443|chat
1263|0|51.874943|20|4|6|99.83.135.170|192.168.43.153|443|43004|chat
1264|0|52.011541|94|4|6|99.83.135.170|192.168.43.153|443|43004|chat
1265|1|52.011577|20|4|6|192.168.43.153|99.83.135.170|43004|443|chat
1266|0|52.063586|71|4|6|99.83.135.170|192.168.43.153|443|43004|chat
1267|1|52.063731|20|4|6|192.168.43.153|99.83.135.170|43004|443|chat
1268|0|52.063805|61|4|6|99.83.135.170|192.168.43.153|443|43004|chat
1269|1|52.063821|20|4|6|192.168.43.153|99.83.135.170|43004|443|chat
1270|0|52.063840|96|4|6|99.83.135.170|192.168.43.153|443|43004|chat
1271|1|52.063873|20|4|6|192.168.43.153|99.83.135.170|43004|443|chat
1272|0|52.063887|62|4|6|99.83.135.170|192.168.43.153|443|43004|chat
1273|1|52.063920|20|4|6|192.168.43.153|99.83.135.170|43004|443|chat
1274|1|52.069643|163|4|6|192.168.43.153|99.83.135.170|43004|443|chat
1275|1|52.119464|101|4|6|192.168.43.153|99.83.135.170|43004|443|chat
1276|0|52.147234|20|4|6|99.83.135.170|192.168.43.153|443|43004|chat
1277|1|52.170562|114|4|6|192.168.43.153|99.83.135.170|43004|443|chat
1278|0|52.175834|20|4|6|99.83.135.170|192.168.43.153|443|43004|chat
1279|0|52.224482|20|4|6|99.83.135.170|192.168.43.153|443|43004|chat
1280|0|52.302505|58|4|6|99.83.135.170|192.168.43.153|443|43004|chat
1281|1|52.344718|20|4|6|192.168.43.153|99.83.135.170|43004|443|chat
1282|0|52.366944|95|4|6|99.83.135.170|192.168.43.153|443|43004|chat
1283|1|52.366976|20|4|6|192.168.43.153|99.83.135.170|43004|443|chat
1284|0|52.413295|89|4|6|99.83.135.170|192.168.43.153|443|43004|chat
1285|1|52.413392|20|4|6|192.168.43.153|99.83.135.170|43004|443|chat
1286|0|52.413449|61|4|6|99.83.135.170|192.168.43.153|443|43004|chat
1287|1|52.413457|20|4|6|192.168.43.153|99.83.135.170|43004|443|chat
1288|0|52.413467|95|4|6|99.83.135.170|192.168.43.153|443|43004|chat
1289|1|52.413493|20|4|6|192.168.43.153|99.83.135.170|43004|443|chat
1290|0|52.413502|62|4|6|99.83.135.170|192.168.43.153|443|43004|chat
1291|1|52.413507|20|4|6|192.168.43.153|99.83.135.170|43004|443|chat
1292|1|52.467787|102|4|6|192.168.43.153|99.83.135.170|43004|443|chat
1293|0|52.525770|20|4|6|99.83.135.170|192.168.43.153|443|43004|chat
1294|0|52.709241|95|4|6|99.83.135.170|192.168.43.153|443|43004|chat
1295|1|52.709276|20|4|6|192.168.43.153|99.83.135.170|43004|443|chat
1296|1|52.770055|111|4|6|192.168.43.153|99.83.135.170|43004|443|chat
1297|0|52.806645|20|4|6|99.83.135.170|192.168.43.153|443|43004|chat
1298|0|52.995682|62|4|6|99.83.135.170|192.168.43.153|443|43004|chat
1299|1|52.995799|20|4|6|192.168.43.153|99.83.135.170|43004|443|chat
1300|0|52.995855|71|4|6|99.83.135.170|192.168.43.153|443|43004|chat
1301|1|52.995864|20|4|6|192.168.43.153|99.83.135.170|43004|443|chat
1302|0|52.995877|61|4|6|99.83.135.170|192.168.43.153|443|43004|chat
1303|1|52.995903|20|4|6|192.168.43.153|99.83.135.170|43004|443|chat
1304|0|52.995914|95|4|6|99.83.135.170|192.168.43.153|443|43004|chat
1305|1|52.995940|20|4|6|192.168.43.153|99.83.135.170|43004|443|chat
1306|1|53.048215|102|4|6|192.168.43.153|99.83.135.170|43004|443|chat
1307|0|53.097475|20|4|6|99.83.135.170|192.168.43.153|443|43004|chat
1308|0|53.304584|93|4|6|99.83.135.170|192.168.43.153|443|43004|chat
1309|1|53.304613|20|4|6|192.168.43.153|99.83.135.170|43004|443|chat
1310|0|54.023612|76|4|6|99.83.135.170|192.168.43.153|443|43004|chat
1311|1|54.023679|20|4|6|192.168.43.153|99.83.135.170|43004|443|chat
1312|0|54.023735|87|4|6|99.83.135.170|192.168.43.153|443|43004|chat
1313|1|54.023745|20|4|6|192.168.43.153|99.83.135.170|43004|443|chat
1314|0|57.002631|63|4|6|99.83.135.170|192.168.43.153|443|43004|chat
1315|1|57.002649|20|4|6|192.168.43.153|99.83.135.170|43004|443|chat
1316|0|57.002707|97|4|6|99.83.135.170|192.168.43.153|443|43004|chat
1317|1|57.002717|20|4|6|192.168.43.153|99.83.135.170|43004|443|chat
1318|1|57.819489|112|4|6|192.168.43.153|99.83.135.170|43004|443|chat
1319|0|57.858474|20|4|6|99.83.135.170|192.168.43.153|443|43004|chat
1320|0|58.046172|72|4|6|99.83.135.170|192.168.43.153|443|43004|chat
1321|1|58.046198|20|4|6|192.168.43.153|99.83.135.170|43004|443|chat
1322|0|58.046231|62|4|6|99.83.135.170|192.168.43.153|443|43004|chat
1323|1|58.046234|20|4|6|192.168.43.153|99.83.135.170|43004|443|chat
1324|1|58.097755|105|4|6|192.168.43.153|99.83.135.170|43004|443|chat
1325|0|58.154457|20|4|6|99.83.135.170|192.168.43.153|443|43004|chat
1326|1|58.299026|112|4|6|192.168.43.153|99.83.135.170|43004|443|chat
1327|0|58.341356|96|4|6|99.83.135.170|192.168.43.153|443|43004|chat
1328|1|58.341373|20|4|6|192.168.43.153|99.83.135.170|43004|443|chat
1329|0|58.356413|20|4|6|99.83.135.170|192.168.43.153|443|43004|chat
1330|0|58.545283|63|4|6|99.83.135.170|192.168.43.153|443|43004|chat
1331|1|58.545305|20|4|6|192.168.43.153|99.83.135.170|43004|443|chat
1332|0|58.545557|83|4|6|99.83.135.170|192.168.43.153|443|43004|chat
1333|1|58.545570|20|4|6|192.168.43.153|99.83.135.170|43004|443|chat
1334|0|58.545607|61|4|6|99.83.135.170|192.168.43.153|443|43004|chat
1335|0|58.545612|98|4|6|99.83.135.170|192.168.43.153|443|43004|chat
1336|1|58.545622|20|4|6|192.168.43.153|99.83.135.170|43004|443|chat
1337|1|58.545640|20|4|6|192.168.43.153|99.83.135.170|43004|443|chat
1338|1|58.596841|103|4|6|192.168.43.153|99.83.135.170|43004|443|chat
1339|0|58.647947|20|4|6|99.83.135.170|192.168.43.153|443|43004|chat
1340|1|58.748005|113|4|6|192.168.43.153|99.83.135.170|43004|443|chat
1341|0|58.800403|20|4|6|99.83.135.170|192.168.43.153|443|43004|chat
1342|0|58.834820|96|4|6|99.83.135.170|192.168.43.153|443|43004|chat
1343|1|58.834838|20|4|6|192.168.43.153|99.83.135.170|43004|443|chat
1344|0|58.985566|71|4|6|99.83.135.170|192.168.43.153|443|43004|chat
1345|1|58.985584|20|4|6|192.168.43.153|99.83.135.170|43004|443|chat
1346|0|58.985651|61|4|6|99.83.135.170|192.168.43.153|443|43004|chat
1347|1|58.985675|20|4|6|192.168.43.153|99.83.135.170|43004|443|chat
1348|0|58.985680|96|4|6|99.83.135.170|192.168.43.153|443|43004|chat
1349|0|58.985682|62|4|6|99.83.135.170|192.168.43.153|443|43004|chat
1350|1|58.985691|20|4|6|192.168.43.153|99.83.135.170|43004|443|chat
1351|1|58.987852|163|4|6|192.168.43.153|99.83.135.170|43004|443|chat
1352|0|59.033730|20|4|6|99.83.135.170|192.168.43.153|443|43004|chat
1353|1|59.037619|101|4|6|192.168.43.153|99.83.135.170|43004|443|chat
1354|0|59.086016|20|4|6|99.83.135.170|192.168.43.153|443|43004|chat
1355|1|59.188629|111|4|6|192.168.43.153|99.83.135.170|43004|443|chat
1356|0|59.221258|58|4|6|99.83.135.170|192.168.43.153|443|43004|chat
1357|1|59.221276|20|4|6|192.168.43.153|99.83.135.170|43004|443|chat
1358|0|59.237665|20|4|6|99.83.135.170|192.168.43.153|443|43004|chat
1359|0|59.284484|94|4|6|99.83.135.170|192.168.43.153|443|43004|chat
1360|1|59.284501|20|4|6|192.168.43.153|99.83.135.170|43004|443|chat
1361|0|59.461198|71|4|6|99.83.135.170|192.168.43.153|443|43004|chat
1362|1|59.461220|20|4|6|192.168.43.153|99.83.135.170|43004|443|chat
1363|0|59.461388|61|4|6|99.83.135.170|192.168.43.153|443|43004|chat
1364|1|59.461397|20|4|6|192.168.43.153|99.83.135.170|43004|443|chat
1365|0|59.461405|139|4|6|99.83.135.170|192.168.43.153|443|43004|chat
1366|1|59.461408|20|4|6|192.168.43.153|99.83.135.170|43004|443|chat
1367|1|59.513264|103|4|6|192.168.43.153|99.83.135.170|43004|443|chat
1368|0|59.565069|20|4|6|99.83.135.170|192.168.43.153|443|43004|chat
1369|1|59.614058|111|4|6|192.168.43.153|99.83.135.170|43004|443|chat
1370|0|59.655967|20|4|6|99.83.135.170|192.168.43.153|443|43004|chat
1371|0|59.753254|95|4|6|99.83.135.170|192.168.43.153|443|43004|chat
1372|1|59.753271|20|4|6|192.168.43.153|99.83.135.170|43004|443|chat
1373|0|59.844710|76|4|6|99.83.135.170|192.168.43.153|443|43004|chat
1374|1|59.844726|20|4|6|192.168.43.153|99.83.135.170|43004|443|chat
1375|0|59.844769|61|4|6|99.83.135.170|192.168.43.153|443|43004|chat
1376|1|59.844781|20|4|6|192.168.43.153|99.83.135.170|43004|443|chat
1377|0|59.844796|139|4|6|99.83.135.170|192.168.43.153|443|43004|chat
1378|1|59.844802|20|4|6|192.168.43.153|99.83.135.170|43004|443|chat
1379|1|59.897081|102|4|6|192.168.43.153|99.83.135.170|43004|443|chat
1380|0|59.947227|20|4|6|99.83.135.170|192.168.43.153|443|43004|chat
