1|1|0.000000|40|4|6|192.168.43.153|13.227.143.147|46894|443|browsing
2|0|0.091749|40|4|6|13.227.143.147|192.168.43.153|443|46894|browsing
3|1|0.091900|32|4|6|192.168.43.153|13.227.143.147|46894|443|browsing
4|1|0.092316|549|4|6|192.168.43.153|13.227.143.147|46894|443|browsing
5|0|0.108131|40|4|6|13.227.143.147|192.168.43.153|443|46894|browsing
6|1|0.108206|32|4|6|192.168.43.153|13.227.143.147|46894|443|browsing
7|0|0.138957|32|4|6|13.227.143.147|192.168.43.153|443|46894|browsing
8|0|0.140612|1380|4|6|13.227.143.147|192.168.43.153|443|46894|browsing
9|1|0.140629|32|4|6|192.168.43.153|13.227.143.147|46894|443|browsing
10|0|0.140917|1380|4|6|13.227.143.147|192.168.43.153|443|46894|browsing
11|1|0.140926|32|4|6|192.168.43.153|13.227.143.147|46894|443|browsing
12|0|0.141078|1380|4|6|13.227.143.147|192.168.43.153|443|46894|browsing
13|1|0.141084|32|4|6|192.168.43.153|13.227.143.147|46894|443|browsing
14|0|0.142309|1081|4|6|13.227.143.147|192.168.43.153|443|46894|browsing
15|1|0.142314|32|4|6|192.168.43.153|13.227.143.147|46894|443|browsing
16|1|0.142633|96|4|6|192.168.43.153|13.227.143.147|46894|443|browsing
17|0|0.200620|32|4|6|13.227.143.147|192.168.43.153|443|46894|browsing
18|0|0.200830|94|4|6|13.227.143.147|192.168.43.153|443|46894|browsing
19|1|0.200869|32|4|6|192.168.43.153|13.227.143.147|46894|443|browsing
20|1|10.738169|124|4|6|192.168.43.153|13.227.143.147|46894|443|browsing
21|1|10.738263|63|4|6|192.168.43.153|13.227.143.147|46894|443|browsing
22|1|10.738310|449|4|6|192.168.43.153|13.227.143.147|46894|443|browsing
23|1|10.751399|149|4|6|192.168.43.153|13.227.143.147|46894|443|browsing
24|1|10.751444|517|4|6|192.168.43.153|13.227.143.147|46894|443|browsing
25|1|10.751492|300|4|6|192.168.43.153|13.227.143.147|46894|443|browsing
26|1|10.751506|497|4|6|192.168.43.153|13.227.143.147|46894|443|browsing
27|1|10.751537|232|4|6|192.168.43.153|13.227.143.147|46894|443|browsing
28|1|10.751612|141|4|6|192.168.43.153|13.227.143.147|46894|443|browsing
29|1|10.751649|132|4|6|192.168.43.153|13.227.143.147|46894|443|browsing
30|0|10.787540|32|4|6|13.227.143.147|192.168.43.153|443|46894|browsing
31|0|10.787686|32|4|6|13.227.143.147|192.168.43.153|443|46894|browsing
32|0|10.787695|63|4|6|13.227.143.147|192.168.43.153|443|46894|browsing
33|1|10.787710|32|4|6|192.168.43.153|13.227.143.147|46894|443|browsing
34|0|10.790424|32|4|6|13.227.143.147|192.168.43.153|443|46894|browsing
35|0|10.793401|1314|4|6|13.227.143.147|192.168.43.153|443|46894|browsing
36|1|10.793417|32|4|6|192.168.43.153|13.227.143.147|46894|443|browsing
37|0|10.798917|32|4|6|13.227.143.147|192.168.43.153|443|46894|browsing
38|0|10.808367|32|4|6|13.227.143.147|192.168.43.153|443|46894|browsing
39|0|10.808530|32|4|6|13.227.143.147|192.168.43.153|443|46894|browsing
40|0|10.808536|32|4|6|13.227.143.147|192.168.43.153|443|46894|browsing
41|0|10.808693|1380|4|6|13.227.143.147|192.168.43.153|443|46894|browsing
42|1|10.808708|32|4|6|192.168.43.153|13.227.143.147|46894|443|browsing
43|0|10.808933|586|4|6|13.227.143.147|192.168.43.153|443|46894|browsing
44|1|10.808939|32|4|6|192.168.43.153|13.227.143.147|46894|443|browsing
45|0|10.809098|1380|4|6|13.227.143.147|192.168.43.153|443|46894|browsing
46|1|10.809107|32|4|6|192.168.43.153|13.227.143.147|46894|443|browsing
47|0|10.809267|1380|4|6|13.227.143.147|192.168.43.153|443|46894|browsing
48|1|10.809272|32|4|6|192.168.43.153|13.227.143.147|46894|443|browsing
49|0|10.809422|1380|4|6|13.227.143.147|192.168.43.153|443|46894|browsing
50|1|10.809427|32|4|6|192.168.43.153|13.227.143.147|46894|443|browsing
51|0|10.811666|1380|4|6|13.227.143.147|192.168.43.153|443|46894|browsing
52|1|10.811692|32|4|6|192.168.43.153|13.227.143.147|46894|443|browsing
53|0|10.818820|1380|4|6|13.227.143.147|192.168.43.153|443|46894|browsing
54|1|10.818840|32|4|6|192.168.43.153|13.227.143.147|46894|443|browsing
55|0|10.819102|1380|4|6|13.227.143.147|192.168.43.153|443|46894|browsing
56|1|10.819111|32|4|6|192.168.43.153|13.227.143.147|46894|443|browsing
57|0|10.820281|1380|4|6|13.227.143.147|192.168.43.153|443|46894|browsing
58|1|10.820292|32|4|6|192.168.43.153|13.227.143.147|46894|443|browsing
59|0|10.820607|1380|4|6|13.227.143.147|192.168.43.153|443|46894|browsing
60|1|10.820614|32|4|6|192.168.43.153|13.227.143.147|46894|443|browsing
61|0|10.822054|1380|4|6|13.227.143.147|192.168.43.153|443|46894|browsing
62|1|10.822060|32|4|6|192.168.43.153|13.227.143.147|46894|443|browsing
63|0|10.823688|1380|4|6|13.227.143.147|192.168.43.153|443|46894|browsing
64|1|10.823696|32|4|6|192.168.43.153|13.227.143.147|46894|443|browsing
65|0|10.824101|1380|4|6|13.227.143.147|192.168.43.153|443|46894|browsing
66|1|10.824111|32|4|6|192.168.43.153|13.227.143.147|46894|443|browsing
67|0|10.824273|1380|4|6|13.227.143.147|192.168.43.153|443|46894|browsing
68|1|10.824281|32|4|6|192.168.43.153|13.227.143.147|46894|443|browsing
69|0|10.826616|1380|4|6|13.227.143.147|192.168.43.153|443|46894|browsing
70|0|10.827003|1380|4|6|13.227.143.147|192.168.43.153|443|46894|browsing
71|1|10.827016|32|4|6|192.168.43.153|13.227.143.147|46894|443|browsing
72|0|10.827159|1380|4|6|13.227.143.147|192.168.43.153|443|46894|browsing
73|0|10.827325|1380|4|6|13.227.143.147|192.168.43.153|443|46894|browsing
74|0|10.828394|1380|4|6|13.227.143.147|192.168.43.153|443|46894|browsing
75|0|10.828677|1380|4|6|13.227.143.147|192.168.43.153|443|46894|browsing
76|1|10.828754|32|4|6|192.168.43.153|13.227.143.147|46894|443|browsing
77|0|10.829929|1380|4|6|13.227.143.147|192.168.43.153|443|46894|browsing
78|0|10.830266|1380|4|6|13.227.143.147|192.168.43.153|443|46894|browsing
79|1|10.830276|32|4|6|192.168.43.153|13.227.143.147|46894|443|browsing
80|0|10.830420|1380|4|6|13.227.143.147|192.168.43.153|443|46894|browsing
81|0|10.831657|1380|4|6|13.227.143.147|192.168.43.153|443|46894|browsing
82|1|10.831663|32|4|6|192.168.43.153|13.227.143.147|46894|443|browsing
83|0|10.832025|1380|4|6|13.227.143.147|192.168.43.153|443|46894|browsing
84|0|10.832190|1380|4|6|13.227.143.147|192.168.43.153|443|46894|browsing
85|1|10.832197|32|4|6|192.168.43.153|13.227.143.147|46894|443|browsing
86|0|10.833980|1380|4|6|13.227.143.147|192.168.43.153|443|46894|browsing
87|0|10.834345|1380|4|6|13.227.143.147|192.168.43.153|443|46894|browsing
88|1|10.835072|32|4|6|192.168.43.153|13.227.143.147|46894|443|browsing
89|0|10.838824|1380|4|6|13.227.143.147|192.168.43.153|443|46894|browsing
90|0|10.839112|1380|4|6|13.227.143.147|192.168.43.153|443|46894|browsing
91|1|10.839128|32|4|6|192.168.43.153|13.227.143.147|46894|443|browsing
92|0|10.874398|1380|4|6|13.227.143.147|192.168.43.153|443|46894|browsing
93|1|10.874431|32|4|6|192.168.43.153|13.227.143.147|46894|443|browsing
94|0|10.874727|1380|4|6|13.227.143.147|192.168.43.153|443|46894|browsing
95|1|10.874745|32|4|6|192.168.43.153|13.227.143.147|46894|443|browsing
96|0|10.888994|1380|4|6|13.227.143.147|192.168.43.153|443|46894|browsing
97|1|10.889017|32|4|6|192.168.43.153|13.227.143.147|46894|443|browsing
98|0|10.891760|1380|4|6|13.227.143.147|192.168.43.153|443|46894|browsing
99|1|10.891781|32|4|6|192.168.43.153|13.227.143.147|46894|443|browsing
100|0|10.922941|1380|4|6|13.227.143.147|192.168.43.153|443|46894|browsing
101|1|10.922960|32|4|6|192.168.43.153|13.227.143.147|46894|443|browsing
102|0|10.932114|1380|4|6|13.227.143.147|192.168.43.153|443|46894|browsing
103|1|10.932132|32|4|6|192.168.43.153|13.227.143.147|46894|443|browsing
104|0|10.934043|1380|4|6|13.227.143.147|192.168.43.153|443|46894|browsing
105|1|10.934062|32|4|6|192.168.43.153|13.227.143.147|46894|443|browsing
106|0|10.934407|1380|4|6|13.227.143.147|192.168.43.153|443|46894|browsing
107|1|10.934429|32|4|6|192.168.43.153|13.227.143.147|46894|443|browsing
108|0|11.003028|1380|4|6|13.227.143.147|192.168.43.153|443|46894|browsing
109|1|11.003055|32|4|6|192.168.43.153|13.227.143.147|46894|443|browsing
110|0|11.013429|1380|4|6|13.227.143.147|192.168.43.153|443|46894|browsing
111|1|11.013449|32|4|6|192.168.43.153|13.227.143.147|46894|443|browsing
112|0|11.027589|1380|4|6|13.227.143.147|192.168.43.153|443|46894|browsing
113|1|11.027625|32|4|6|192.168.43.153|13.227.143.147|46894|443|browsing
114|0|11.029027|1380|4|6|13.227.143.147|192.168.43.153|443|46894|browsing
115|1|11.029038|32|4|6|192.168.43.153|13.227.143.147|46894|443|browsing
116|0|11.041061|1380|4|6|13.227.143.147|192.168.43.153|443|46894|browsing
117|1|11.041086|32|4|6|192.168.43.153|13.227.143.147|46894|443|browsing
118|0|11.061667|1380|4|6|13.227.143.147|192.168.43.153|443|46894|browsing
119|1|11.061688|32|4|6|192.168.43.153|13.227.143.147|46894|443|browsing
120|0|11.068097|1380|4|6|13.227.143.147|192.168.43.153|443|46894|browsing
121|1|11.068117|32|4|6|192.168.43.153|13.227.143.147|46894|443|browsing
122|0|11.083769|1380|4|6|13.227.143.147|192.168.43.153|443|46894|browsing
123|1|11.083787|32|4|6|192.168.43.153|13.227.143.147|46894|443|browsing
124|0|11.084076|1380|4|6|13.227.143.147|192.168.43.153|443|46894|browsing
125|1|11.084083|32|4|6|192.168.43.153|13.227.143.147|46894|443|browsing
126|0|11.084199|1380|4|6|13.227.143.147|192.168.43.153|443|46894|browsing
127|1|11.084204|32|4|6|192.168.43.153|13.227.143.147|46894|443|browsing
128|0|11.084356|1380|4|6|13.227.143.147|192.168.43.153|443|46894|browsing
129|1|11.084361|32|4|6|192.168.43.153|13.227.143.147|46894|443|browsing
130|0|11.086719|1380|4|6|13.227.143.147|192.168.43.153|443|46894|browsing
131|1|11.086726|32|4|6|192.168.43.153|13.227.143.147|46894|443|browsing
132|0|11.087033|1380|4|6|13.227.143.147|192.168.43.153|443|46894|browsing
133|1|11.087039|32|4|6|192.168.43.153|13.227.143.147|46894|443|browsing
134|0|11.088244|1380|4|6|13.227.143.147|192.168.43.153|443|46894|browsing
135|1|11.088249|32|4|6|192.168.43.153|13.227.143.147|46894|443|browsing
136|0|11.089954|1380|4|6|13.227.143.147|192.168.43.153|443|46894|browsing
137|1|11.089991|32|4|6|192.168.43.153|13.227.143.147|46894|443|browsing
138|0|11.090321|1380|4|6|13.227.143.147|192.168.43.153|443|46894|browsing
139|1|11.090337|32|4|6|192.168.43.153|13.227.143.147|46894|443|browsing
140|0|11.091624|1380|4|6|13.227.143.147|192.168.43.153|443|46894|browsing
141|1|11.091661|32|4|6|192.168.43.153|13.227.143.147|46894|443|browsing
142|0|11.091911|1380|4|6|13.227.143.147|192.168.43.153|443|46894|browsing
143|1|11.091928|32|4|6|192.168.43.153|13.227.143.147|46894|443|browsing
144|0|11.092061|1380|4|6|13.227.143.147|192.168.43.153|443|46894|browsing
145|1|11.092070|32|4|6|192.168.43.153|13.227.143.147|46894|443|browsing
146|0|11.093407|1380|4|6|13.227.143.147|192.168.43.153|443|46894|browsing
147|1|11.093432|32|4|6|192.168.43.153|13.227.143.147|46894|443|browsing
148|0|11.093681|1380|4|6|13.227.143.147|192.168.43.153|443|46894|browsing
149|1|11.093689|32|4|6|192.168.43.153|13.227.143.147|46894|443|browsing
150|0|11.093836|1380|4|6|13.227.143.147|192.168.43.153|443|46894|browsing
151|1|11.093842|32|4|6|192.168.43.153|13.227.143.147|46894|443|browsing
152|0|11.103123|1380|4|6|13.227.143.147|192.168.43.153|443|46894|browsing
153|1|11.103142|32|4|6|192.168.43.153|13.227.143.147|46894|443|browsing
154|0|11.103441|1380|4|6|13.227.143.147|192.168.43.153|443|46894|browsing
155|1|11.103446|32|4|6|192.168.43.153|13.227.143.147|46894|443|browsing
156|0|11.103592|1380|4|6|13.227.143.147|192.168.43.153|443|46894|browsing
157|1|11.103597|32|4|6|192.168.43.153|13.227.143.147|46894|443|browsing
158|0|11.104369|1380|4|6|13.227.143.147|192.168.43.153|443|46894|browsing
159|1|11.104373|32|4|6|192.168.43.153|13.227.143.147|46894|443|browsing
160|0|11.104494|1380|4|6|13.227.143.147|192.168.43.153|443|46894|browsing
161|1|11.104498|32|4|6|192.168.43.153|13.227.143.147|46894|443|browsing
162|0|11.105660|1380|4|6|13.227.143.147|192.168.43.153|443|46894|browsing
163|1|11.105687|32|4|6|192.168.43.153|13.227.143.147|46894|443|browsing
164|0|11.106007|1380|4|6|13.227.143.147|192.168.43.153|443|46894|browsing
165|1|11.106023|32|4|6|192.168.43.153|13.227.143.147|46894|443|browsing
166|0|11.107214|1380|4|6|13.227.143.147|192.168.43.153|443|46894|browsing
167|1|11.107229|32|4|6|192.168.43.153|13.227.143.147|46894|443|browsing
168|0|11.107530|1380|4|6|13.227.143.147|192.168.43.153|443|46894|browsing
169|1|11.107539|32|4|6|192.168.43.153|13.227.143.147|46894|443|browsing
170|0|11.107690|1380|4|6|13.227.143.147|192.168.43.153|443|46894|browsing
171|1|11.107699|32|4|6|192.168.43.153|13.227.143.147|46894|443|browsing
172|0|11.107850|1380|4|6|13.227.143.147|192.168.43.153|443|46894|browsing
173|1|11.107863|32|4|6|192.168.43.153|13.227.143.147|46894|443|browsing
174|0|11.108011|1380|4|6|13.227.143.147|192.168.43.153|443|46894|browsing
175|1|11.108019|32|4|6|192.168.43.153|13.227.143.147|46894|443|browsing
176|0|11.108172|1380|4|6|13.227.143.147|192.168.43.153|443|46894|browsing
177|1|11.108181|32|4|6|192.168.43.153|13.227.143.147|46894|443|browsing
178|0|11.108931|1380|4|6|13.227.143.147|192.168.43.153|443|46894|browsing
179|1|11.108936|32|4|6|192.168.43.153|13.227.143.147|46894|443|browsing
180|0|11.109351|1380|4|6|13.227.143.147|192.168.43.153|443|46894|browsing
181|1|11.109356|32|4|6|192.168.43.153|13.227.143.147|46894|443|browsing
182|0|11.109500|1380|4|6|13.227.143.147|192.168.43.153|443|46894|browsing
183|1|11.109504|32|4|6|192.168.43.153|13.227.143.147|46894|443|browsing
184|0|11.111260|1380|4|6|13.227.143.147|192.168.43.153|443|46894|browsing
185|1|11.111331|32|4|6|192.168.43.153|13.227.143.147|46894|443|browsing
186|0|11.111560|1380|4|6|13.227.143.147|192.168.43.153|443|46894|browsing
187|1|11.111579|32|4|6|192.168.43.153|13.227.143.147|46894|443|browsing
188|0|11.113156|1380|4|6|13.227.143.147|192.168.43.153|443|46894|browsing
189|1|11.113177|32|4|6|192.168.43.153|13.227.143.147|46894|443|browsing
190|0|11.113347|50|4|6|13.227.143.147|192.168.43.153|443|46894|browsing
191|1|11.113988|32|4|6|192.168.43.153|13.227.143.147|46894|443|browsing
192|1|11.122322|196|4|6|192.168.43.153|13.227.143.147|46894|443|browsing
193|1|11.129959|123|4|6|192.168.43.153|13.227.143.147|46894|443|browsing
194|0|11.177275|32|4|6|13.227.143.147|192.168.43.153|443|46894|browsing
195|0|11.178597|1380|4|6|13.227.143.147|192.168.43.153|443|46894|browsing
196|1|11.178629|32|4|6|192.168.43.153|13.227.143.147|46894|443|browsing
197|0|11.179986|1380|4|6|13.227.143.147|192.168.43.153|443|46894|browsing
198|1|11.180008|32|4|6|192.168.43.153|13.227.143.147|46894|443|browsing
199|0|11.181407|1380|4|6|13.227.143.147|192.168.43.153|443|46894|browsing
200|1|11.181427|32|4|6|192.168.43.153|13.227.143.147|46894|443|browsing
201|0|11.181696|1380|4|6|13.227.143.147|192.168.43.153|443|46894|browsing
202|1|11.181710|32|4|6|192.168.43.153|13.227.143.147|46894|443|browsing
203|0|11.183027|1380|4|6|13.227.143.147|192.168.43.153|443|46894|browsing
204|1|11.183055|32|4|6|192.168.43.153|13.227.143.147|46894|443|browsing
205|0|11.183331|1380|4|6|13.227.143.147|192.168.43.153|443|46894|browsing
206|1|11.183348|32|4|6|192.168.43.153|13.227.143.147|46894|443|browsing
207|0|11.186053|1380|4|6|13.227.143.147|192.168.43.153|443|46894|browsing
208|1|11.186076|32|4|6|192.168.43.153|13.227.143.147|46894|443|browsing
209|0|11.186384|1380|4|6|13.227.143.147|192.168.43.153|443|46894|browsing
210|1|11.186394|32|4|6|192.168.43.153|13.227.143.147|46894|443|browsing
211|0|11.186538|1380|4|6|13.227.143.147|192.168.43.153|443|46894|browsing
212|1|11.186544|32|4|6|192.168.43.153|13.227.143.147|46894|443|browsing
213|0|11.187958|1380|4|6|13.227.143.147|192.168.43.153|443|46894|browsing
214|1|11.187980|32|4|6|192.168.43.153|13.227.143.147|46894|443|browsing
215|0|11.188294|1138|4|6|13.227.143.147|192.168.43.153|443|46894|browsing
216|1|11.188309|32|4|6|192.168.43.153|13.227.143.147|46894|443|browsing
217|1|11.629428|111|4|6|192.168.43.153|13.227.143.147|46894|443|browsing
218|1|11.629503|111|4|6|192.168.43.153|13.227.143.147|46894|443|browsing
219|0|11.678236|32|4|6|13.227.143.147|192.168.43.153|443|46894|browsing
220|1|11.680974|118|4|6|192.168.43.153|13.227.143.147|46894|443|browsing
221|1|11.681007|119|4|6|192.168.43.153|13.227.143.147|46894|443|browsing
222|1|11.681049|118|4|6|192.168.43.153|13.227.143.147|46894|443|browsing
223|1|11.681114|118|4|6|192.168.43.153|13.227.143.147|46894|443|browsing
224|0|11.682704|1380|4|6|13.227.143.147|192.168.43.153|443|46894|browsing
225|1|11.682719|32|4|6|192.168.43.153|13.227.143.147|46894|443|browsing
226|0|11.683987|1380|4|6|13.227.143.147|192.168.43.153|443|46894|browsing
227|1|11.684022|32|4|6|192.168.43.153|13.227.143.147|46894|443|browsing
228|0|11.687590|601|4|6|13.227.143.147|192.168.43.153|443|46894|browsing
229|1|11.687603|32|4|6|192.168.43.153|13.227.143.147|46894|443|browsing
230|0|11.687750|1380|4|6|13.227.143.147|192.168.43.153|443|46894|browsing
231|1|11.687758|32|4|6|192.168.43.153|13.227.143.147|46894|443|browsing
232|0|11.687917|1380|4|6|13.227.143.147|192.168.43.153|443|46894|browsing
233|1|11.687926|32|4|6|192.168.43.153|13.227.143.147|46894|443|browsing
234|0|11.688682|390|4|6|13.227.143.147|192.168.43.153|443|46894|browsing
235|1|11.688698|32|4|6|192.168.43.153|13.227.143.147|46894|443|browsing
236|1|11.705482|118|4|6|192.168.43.153|13.227.143.147|46894|443|browsing
237|1|11.705549|118|4|6|192.168.43.153|13.227.143.147|46894|443|browsing
238|0|11.737426|1380|4|6|13.227.143.147|192.168.43.153|443|46894|browsing
239|0|11.737619|1380|4|6|13.227.143.147|192.168.43.153|443|46894|browsing
240|1|11.737635|32|4|6|192.168.43.153|13.227.143.147|46894|443|browsing
241|0|11.737682|32|4|6|13.227.143.147|192.168.43.153|443|46894|browsing
242|1|11.737687|32|4|6|192.168.43.153|13.227.143.147|46894|443|browsing
243|0|11.737814|1380|4|6|13.227.143.147|192.168.43.153|443|46894|browsing
244|0|11.737820|171|4|6|13.227.143.147|192.168.43.153|443|46894|browsing
245|1|11.737825|32|4|6|192.168.43.153|13.227.143.147|46894|443|browsing
246|0|11.738952|63|4|6|13.227.143.147|192.168.43.153|443|46894|browsing
247|0|11.743601|1380|4|6|13.227.143.147|192.168.43.153|443|46894|browsing
248|1|11.743628|32|4|6|192.168.43.153|13.227.143.147|46894|443|browsing
249|0|11.743900|1380|4|6|13.227.143.147|192.168.43.153|443|46894|browsing
250|0|11.753318|1380|4|6|13.227.143.147|192.168.43.153|443|46894|browsing
251|1|11.753336|32|4|6|192.168.43.153|13.227.143.147|46894|443|browsing
252|0|11.753378|868|4|6|13.227.143.147|192.168.43.153|443|46894|browsing
253|0|11.757227|1380|4|6|13.227.143.147|192.168.43.153|443|46894|browsing
254|1|11.757236|32|4|6|192.168.43.153|13.227.143.147|46894|443|browsing
255|0|11.757388|1380|4|6|13.227.143.147|192.168.43.153|443|46894|browsing
256|0|11.757552|1380|4|6|13.227.143.147|192.168.43.153|443|46894|browsing
257|1|11.757565|32|4|6|192.168.43.153|13.227.143.147|46894|443|browsing
258|0|11.758820|1380|4|6|13.227.143.147|192.168.43.153|443|46894|browsing
259|0|11.759055|116|4|6|13.227.143.147|192.168.43.153|443|46894|browsing
260|1|11.759075|32|4|6|192.168.43.153|13.227.143.147|46894|443|browsing
261|0|11.759216|1380|4|6|13.227.143.147|192.168.43.153|443|46894|browsing
262|0|11.759381|1380|4|6|13.227.143.147|192.168.43.153|443|46894|browsing
263|1|11.759394|32|4|6|192.168.43.153|13.227.143.147|46894|443|browsing
264|0|11.759527|1293|4|6|13.227.143.147|192.168.43.153|443|46894|browsing
265|0|11.759644|934|4|6|13.227.143.147|192.168.43.153|443|46894|browsing
266|1|11.759666|32|4|6|192.168.43.153|13.227.143.147|46894|443|browsing
267|0|11.761085|1380|4|6|13.227.143.147|192.168.43.153|443|46894|browsing
268|0|11.761390|1380|4|6|13.227.143.147|192.168.43.153|443|46894|browsing
269|1|11.761418|32|4|6|192.168.43.153|13.227.143.147|46894|443|browsing
270|0|11.761561|1380|4|6|13.227.143.147|192.168.43.153|443|46894|browsing
271|0|11.761567|85|4|6|13.227.143.147|192.168.43.153|443|46894|browsing
272|1|11.761573|32|4|6|192.168.43.153|13.227.143.147|46894|443|browsing
273|0|11.761582|63|4|6|13.227.143.147|192.168.43.153|443|46894|browsing
274|0|11.763754|1380|4|6|13.227.143.147|192.168.43.153|443|46894|browsing
275|1|11.763774|32|4|6|192.168.43.153|13.227.143.147|46894|443|browsing
276|0|11.764662|1380|4|6|13.227.143.147|192.168.43.153|443|46894|browsing
277|0|11.768160|1380|4|6|13.227.143.147|192.168.43.153|443|46894|browsing
278|1|11.768190|32|4|6|192.168.43.153|13.227.143.147|46894|443|browsing
279|0|11.768407|446|4|6|13.227.143.147|192.168.43.153|443|46894|browsing
280|0|11.768415|63|4|6|13.227.143.147|192.168.43.153|443|46894|browsing
281|1|11.768808|32|4|6|192.168.43.153|13.227.143.147|46894|443|browsing
282|1|11.772567|118|4|6|192.168.43.153|13.227.143.147|46894|443|browsing
283|1|11.806512|118|4|6|192.168.43.153|13.227.143.147|46894|443|browsing
284|1|11.806560|118|4|6|192.168.43.153|13.227.143.147|46894|443|browsing
285|1|11.806604|118|4|6|192.168.43.153|13.227.143.147|46894|443|browsing
286|1|11.806647|119|4|6|192.168.43.153|13.227.143.147|46894|443|browsing
287|1|11.806690|119|4|6|192.168.43.153|13.227.143.147|46894|443|browsing
288|1|11.838475|137|4|6|192.168.43.153|13.227.143.147|46894|443|browsing
289|1|11.838515|145|4|6|192.168.43.153|13.227.143.147|46894|443|browsing
290|1|11.838554|132|4|6|192.168.43.153|13.227.143.147|46894|443|browsing
291|0|11.844148|1380|4|6|13.227.143.147|192.168.43.153|443|46894|browsing
292|0|11.844615|1380|4|6|13.227.143.147|192.168.43.153|443|46894|browsing
293|1|11.844656|32|4|6|192.168.43.153|13.227.143.147|46894|443|browsing
294|0|11.845742|1380|4|6|13.227.143.147|192.168.43.153|443|46894|browsing
295|0|11.847170|1380|4|6|13.227.143.147|192.168.43.153|443|46894|browsing
296|1|11.847201|32|4|6|192.168.43.153|13.227.143.147|46894|443|browsing
297|0|11.857912|1076|4|6|13.227.143.147|192.168.43.153|443|46894|browsing
298|0|11.892658|32|4|6|13.227.143.147|192.168.43.153|443|46894|browsing
299|0|11.894298|1380|4|6|13.227.143.147|192.168.43.153|443|46894|browsing
300|1|11.894305|32|4|6|192.168.43.153|13.227.143.147|46894|443|browsing
301|0|11.894468|1380|4|6|13.227.143.147|192.168.43.153|443|46894|browsing
302|0|11.895284|1380|4|6|13.227.143.147|192.168.43.153|443|46894|browsing
303|1|11.895295|32|4|6|192.168.43.153|13.227.143.147|46894|443|browsing
304|0|11.895443|1380|4|6|13.227.143.147|192.168.43.153|443|46894|browsing
305|0|11.895929|1380|4|6|13.227.143.147|192.168.43.153|443|46894|browsing
306|1|11.895935|32|4|6|192.168.43.153|13.227.143.147|46894|443|browsing
307|0|11.896096|1380|4|6|13.227.143.147|192.168.43.153|443|46894|browsing
308|0|11.896791|1380|4|6|13.227.143.147|192.168.43.153|443|46894|browsing
309|1|11.896809|32|4|6|192.168.43.153|13.227.143.147|46894|443|browsing
310|0|11.896929|1186|4|6|13.227.143.147|192.168.43.153|443|46894|browsing
311|0|11.921093|32|4|6|13.227.143.147|192.168.43.153|443|46894|browsing
312|0|11.934501|937|4|6|13.227.143.147|192.168.43.153|443|46894|browsing
313|1|11.934515|32|4|6|192.168.43.153|13.227.143.147|46894|443|browsing
314|0|11.934660|1380|4|6|13.227.143.147|192.168.43.153|443|46894|browsing
315|0|11.934826|1380|4|6|13.227.143.147|192.168.43.153|443|46894|browsing
316|1|11.934836|32|4|6|192.168.43.153|13.227.143.147|46894|443|browsing
317|0|11.935216|671|4|6|13.227.143.147|192.168.43.153|443|46894|browsing
318|0|11.944542|1380|4|6|13.227.143.147|192.168.43.153|443|46894|browsing
319|1|11.944581|32|4|6|192.168.43.153|13.227.143.147|46894|443|browsing
320|0|11.944673|1380|4|6|13.227.143.147|192.168.43.153|443|46894|browsing
321|0|11.944717|356|4|6|13.227.143.147|192.168.43.153|443|46894|browsing
322|1|11.944724|32|4|6|192.168.43.153|13.227.143.147|46894|443|browsing
323|0|11.981167|32|4|6|13.227.143.147|192.168.43.153|443|46894|browsing
324|0|11.994148|1199|4|6|13.227.143.147|192.168.43.153|443|46894|browsing
325|0|11.994421|1380|4|6|13.227.143.147|192.168.43.153|443|46894|browsing
326|1|11.994474|32|4|6|192.168.43.153|13.227.143.147|46894|443|browsing
327|0|11.994555|1380|4|6|13.227.143.147|192.168.43.153|443|46894|browsing
328|0|11.998070|1380|4|6|13.227.143.147|192.168.43.153|443|46894|browsing
329|1|11.998088|32|4|6|192.168.43.153|13.227.143.147|46894|443|browsing
330|0|11.999332|1380|4|6|13.227.143.147|192.168.43.153|443|46894|browsing
331|0|12.005370|1380|4|6|13.227.143.147|192.168.43.153|443|46894|browsing
332|1|12.005390|32|4|6|192.168.43.153|13.227.143.147|46894|443|browsing
333|0|12.005759|1380|4|6|13.227.143.147|192.168.43.153|443|46894|browsing
334|0|12.020295|1380|4|6|13.227.143.147|192.168.43.153|443|46894|browsing
335|1|12.020309|32|4|6|192.168.43.153|13.227.143.147|46894|443|browsing
336|0|12.020775|1380|4|6|13.227.143.147|192.168.43.153|443|46894|browsing
337|0|12.022394|1380|4|6|13.227.143.147|192.168.43.153|443|46894|browsing
338|1|12.022407|32|4|6|192.168.43.153|13.227.143.147|46894|443|browsing
339|0|12.025146|1339|4|6|13.227.143.147|192.168.43.153|443|46894|browsing
340|0|12.044699|1380|4|6|13.227.143.147|192.168.43.153|443|46894|browsing
341|1|12.044709|32|4|6|192.168.43.153|13.227.143.147|46894|443|browsing
342|0|12.045981|1380|4|6|13.227.143.147|192.168.43.153|443|46894|browsing
343|0|12.046323|1380|4|6|13.227.143.147|192.168.43.153|443|46894|browsing
344|1|12.046337|32|4|6|192.168.43.153|13.227.143.147|46894|443|browsing
345|0|12.046404|871|4|6|13.227.143.147|192.168.43.153|443|46894|browsing
346|0|12.046696|1380|4|6|13.227.143.147|192.168.43.153|443|46894|browsing
347|1|12.046724|32|4|6|192.168.43.153|13.227.143.147|46894|443|browsing
348|0|12.046780|508|4|6|13.227.143.147|192.168.43.153|443|46894|browsing
349|1|12.089276|32|4|6|192.168.43.153|13.227.143.147|46894|443|browsing
350|1|12.146577|188|4|6|192.168.43.153|13.227.143.147|46894|443|browsing
351|1|12.175980|108|4|6|192.168.43.153|13.227.143.147|46894|443|browsing
352|1|12.205779|135|4|6|192.168.43.153|13.227.143.147|46894|443|browsing
353|1|12.206192|117|4|6|192.168.43.153|13.227.143.147|46894|443|browsing
354|1|12.268188|133|4|6|192.168.43.153|13.227.143.147|46894|443|browsing
355|1|12.268514|125|4|6|192.168.43.153|13.227.143.147|46894|443|browsing
356|0|12.387322|1380|4|6|13.227.143.147|192.168.43.153|443|46894|browsing
357|1|12.387358|32|4|6|192.168.43.153|13.227.143.147|46894|443|browsing
358|0|12.387560|1089|4|6|13.227.143.147|192.168.43.153|443|46894|browsing
359|1|12.387574|32|4|6|192.168.43.153|13.227.143.147|46894|443|browsing
360|0|12.412250|1380|4|6|13.227.143.147|192.168.43.153|443|46894|browsing
361|1|12.412269|32|4|6|192.168.43.153|13.227.143.147|46894|443|browsing
362|0|12.413791|1380|4|6|13.227.143.147|192.168.43.153|443|46894|browsing
363|1|12.413815|32|4|6|192.168.43.153|13.227.143.147|46894|443|browsing
364|0|12.414835|1380|4|6|13.227.143.147|192.168.43.153|443|46894|browsing
365|1|12.414878|32|4|6|192.168.43.153|13.227.143.147|46894|443|browsing
366|0|12.415797|1380|4|6|13.227.143.147|192.168.43.153|443|46894|browsing
367|1|12.415814|32|4|6|192.168.43.153|13.227.143.147|46894|443|browsing
368|0|12.415982|160|4|6|13.227.143.147|192.168.43.153|443|46894|browsing
369|1|12.416081|32|4|6|192.168.43.153|13.227.143.147|46894|443|browsing
370|0|12.464360|947|4|6|13.227.143.147|192.168.43.153|443|46894|browsing
371|1|12.464379|32|4|6|192.168.43.153|13.227.143.147|46894|443|browsing
372|0|12.481416|1380|4|6|13.227.143.147|192.168.43.153|443|46894|browsing
373|1|12.481433|32|4|6|192.168.43.153|13.227.143.147|46894|443|browsing
374|0|12.481521|953|4|6|13.227.143.147|192.168.43.153|443|46894|browsing
375|1|12.481527|32|4|6|192.168.43.153|13.227.143.147|46894|443|browsing
376|0|12.490685|32|4|6|13.227.143.147|192.168.43.153|443|46894|browsing
377|0|12.493851|1380|4|6|13.227.143.147|192.168.43.153|443|46894|browsing
378|1|12.493882|32|4|6|192.168.43.153|13.227.143.147|46894|443|browsing
379|0|12.494215|1380|4|6|13.227.143.147|192.168.43.153|443|46894|browsing
380|1|12.494233|32|4|6|192.168.43.153|13.227.143.147|46894|443|browsing
381|0|12.494369|1380|4|6|13.227.143.147|192.168.43.153|443|46894|browsing
382|1|12.494379|32|4|6|192.168.43.153|13.227.143.147|46894|443|browsing
383|0|12.494544|1380|4|6|13.227.143.147|192.168.43.153|443|46894|browsing
384|1|12.494569|32|4|6|192.168.43.153|13.227.143.147|46894|443|browsing
385|0|12.496260|1380|4|6|13.227.143.147|192.168.43.153|443|46894|browsing
386|1|12.496289|32|4|6|192.168.43.153|13.227.143.147|46894|443|browsing
387|0|12.496558|1380|4|6|13.227.143.147|192.168.43.153|443|46894|browsing
388|1|12.496575|32|4|6|192.168.43.153|13.227.143.147|46894|443|browsing
389|0|12.496706|1380|4|6|13.227.143.147|192.168.43.153|443|46894|browsing
390|1|12.496718|32|4|6|192.168.43.153|13.227.143.147|46894|443|browsing
391|0|12.498765|1380|4|6|13.227.143.147|192.168.43.153|443|46894|browsing
392|1|12.498795|32|4|6|192.168.43.153|13.227.143.147|46894|443|browsing
393|0|12.500226|1380|4|6|13.227.143.147|192.168.43.153|443|46894|browsing
394|1|12.500257|32|4|6|192.168.43.153|13.227.143.147|46894|443|browsing
395|0|12.501788|1380|4|6|13.227.143.147|192.168.43.153|443|46894|browsing
396|1|12.501821|32|4|6|192.168.43.153|13.227.143.147|46894|443|browsing
397|0|12.502086|1380|4|6|13.227.143.147|192.168.43.153|443|46894|browsing
398|1|12.502104|32|4|6|192.168.43.153|13.227.143.147|46894|443|browsing
399|0|12.502236|1380|4|6|13.227.143.147|192.168.43.153|443|46894|browsing
400|1|12.502256|32|4|6|192.168.43.153|13.227.143.147|46894|443|browsing
401|0|12.503615|824|4|6|13.227.143.147|192.168.43.153|443|46894|browsing
402|1|12.503657|32|4|6|192.168.43.153|13.227.143.147|46894|443|browsing
403|1|13.700458|727|4|6|192.168.43.153|13.227.143.147|46894|443|browsing
404|0|13.854177|1380|4|6|13.227.143.147|192.168.43.153|443|46894|browsing
405|1|13.854193|32|4|6|192.168.43.153|13.227.143.147|46894|443|browsing
406|0|13.861500|1380|4|6|13.227.143.147|192.168.43.153|443|46894|browsing
407|1|13.861518|32|4|6|192.168.43.153|13.227.143.147|46894|443|browsing
408|0|13.861823|1380|4|6|13.227.143.147|192.168.43.153|443|46894|browsing
409|1|13.861831|32|4|6|192.168.43.153|13.227.143.147|46894|443|browsing
410|0|13.861985|1380|4|6|13.227.143.147|192.168.43.153|443|46894|browsing
411|1|13.861991|32|4|6|192.168.43.153|13.227.143.147|46894|443|browsing
412|0|13.872148|1380|4|6|13.227.143.147|192.168.43.153|443|46894|browsing
413|1|13.872168|32|4|6|192.168.43.153|13.227.143.147|46894|443|browsing
414|0|13.872532|1380|4|6|13.227.143.147|192.168.43.153|443|46894|browsing
415|1|13.872548|32|4|6|192.168.43.153|13.227.143.147|46894|443|browsing
416|0|13.872679|1380|4|6|13.227.143.147|192.168.43.153|443|46894|browsing
417|1|13.872687|32|4|6|192.168.43.153|13.227.143.147|46894|443|browsing
418|0|13.873329|1380|4|6|13.227.143.147|192.168.43.153|443|46894|browsing
419|1|13.873413|32|4|6|192.168.43.153|13.227.143.147|46894|443|browsing
420|0|13.885827|1380|4|6|13.227.143.147|192.168.43.153|443|46894|browsing
421|1|13.885845|32|4|6|192.168.43.153|13.227.143.147|46894|443|browsing
422|0|13.886289|1380|4|6|13.227.143.147|192.168.43.153|443|46894|browsing
423|1|13.886302|32|4|6|192.168.43.153|13.227.143.147|46894|443|browsing
424|0|13.891779|1380|4|6|13.227.143.147|192.168.43.153|443|46894|browsing
425|1|13.891786|32|4|6|192.168.43.153|13.227.143.147|46894|443|browsing
426|0|13.891944|1380|4|6|13.227.143.147|192.168.43.153|443|46894|browsing
427|1|13.891953|32|4|6|192.168.43.153|13.227.143.147|46894|443|browsing
428|0|13.893343|1380|4|6|13.227.143.147|192.168.43.153|443|46894|browsing
429|1|13.893356|32|4|6|192.168.43.153|13.227.143.147|46894|443|browsing
430|0|13.898611|1380|4|6|13.227.143.147|192.168.43.153|443|46894|browsing
431|1|13.898633|32|4|6|192.168.43.153|13.227.143.147|46894|443|browsing
432|0|13.906804|1380|4|6|13.227.143.147|192.168.43.153|443|46894|browsing
433|1|13.906893|32|4|6|192.168.43.153|13.227.143.147|46894|443|browsing
434|0|13.907160|1380|4|6|13.227.143.147|192.168.43.153|443|46894|browsing
435|1|13.907173|32|4|6|192.168.43.153|13.227.143.147|46894|443|browsing
436|0|13.912058|1380|4|6|13.227.143.147|192.168.43.153|443|46894|browsing
437|1|13.912077|32|4|6|192.168.43.153|13.227.143.147|46894|443|browsing
438|0|13.912727|1380|4|6|13.227.143.147|192.168.43.153|443|46894|browsing
439|1|13.912741|32|4|6|192.168.43.153|13.227.143.147|46894|443|browsing
440|0|13.920386|1380|4|6|13.227.143.147|192.168.43.153|443|46894|browsing
441|1|13.920410|32|4|6|192.168.43.153|13.227.143.147|46894|443|browsing
442|0|13.923485|1380|4|6|13.227.143.147|192.168.43.153|443|46894|browsing
443|1|13.923573|32|4|6|192.168.43.153|13.227.143.147|46894|443|browsing
444|0|13.923776|230|4|6|13.227.143.147|192.168.43.153|443|46894|browsing
445|1|13.923784|32|4|6|192.168.43.153|13.227.143.147|46894|443|browsing
446|1|19.046110|134|4|6|192.168.43.153|13.227.143.147|46894|443|browsing
447|0|19.152311|1380|4|6|13.227.143.147|192.168.43.153|443|46894|browsing
448|1|19.152340|32|4|6|192.168.43.153|13.227.143.147|46894|443|browsing
449|0|19.152562|412|4|6|13.227.143.147|192.168.43.153|443|46894|browsing
450|1|19.152573|32|4|6|192.168.43.153|13.227.143.147|46894|443|browsing
451|1|20.653399|140|4|6|192.168.43.153|13.227.143.147|46894|443|browsing
452|1|20.653463|240|4|6|192.168.43.153|13.227.143.147|46894|443|browsing
453|1|20.653508|133|4|6|192.168.43.153|13.227.143.147|46894|443|browsing
454|1|20.653553|121|4|6|192.168.43.153|13.227.143.147|46894|443|browsing
455|1|20.653619|148|4|6|192.168.43.153|13.227.143.147|46894|443|browsing
456|1|20.653663|129|4|6|192.168.43.153|13.227.143.147|46894|443|browsing
457|0|20.977194|32|4|6|13.227.143.147|192.168.43.153|443|46894|browsing
458|0|20.977339|1380|4|6|13.227.143.147|192.168.43.153|443|46894|browsing
459|1|20.977346|32|4|6|192.168.43.153|13.227.143.147|46894|443|browsing
460|0|20.978543|1380|4|6|13.227.143.147|192.168.43.153|443|46894|browsing
461|1|20.978553|32|4|6|192.168.43.153|13.227.143.147|46894|443|browsing
462|0|20.978955|1380|4|6|13.227.143.147|192.168.43.153|443|46894|browsing
463|1|20.978966|32|4|6|192.168.43.153|13.227.143.147|46894|443|browsing
464|0|20.979081|1173|4|6|13.227.143.147|192.168.43.153|443|46894|browsing
465|1|20.979089|32|4|6|192.168.43.153|13.227.143.147|46894|443|browsing
466|0|20.980003|1380|4|6|13.227.143.147|192.168.43.153|443|46894|browsing
467|1|20.980021|32|4|6|192.168.43.153|13.227.143.147|46894|443|browsing
468|0|20.980271|655|4|6|13.227.143.147|192.168.43.153|443|46894|browsing
469|1|20.980283|32|4|6|192.168.43.153|13.227.143.147|46894|443|browsing
470|0|20.980433|1380|4|6|13.227.143.147|192.168.43.153|443|46894|browsing
471|1|20.980443|32|4|6|192.168.43.153|13.227.143.147|46894|443|browsing
472|0|20.981587|1380|4|6|13.227.143.147|192.168.43.153|443|46894|browsing
473|1|20.981615|32|4|6|192.168.43.153|13.227.143.147|46894|443|browsing
474|0|20.981829|1038|4|6|13.227.143.147|192.168.43.153|443|46894|browsing
475|1|20.981839|32|4|6|192.168.43.153|13.227.143.147|46894|443|browsing
476|0|20.981848|32|4|6|13.227.143.147|192.168.43.153|443|46894|browsing
477|0|20.982963|1281|4|6|13.227.143.147|192.168.43.153|443|46894|browsing
478|1|20.982985|32|4|6|192.168.43.153|13.227.143.147|46894|443|browsing
479|0|20.984836|106|4|6|13.227.143.147|192.168.43.153|443|46894|browsing
480|1|20.984852|32|4|6|192.168.43.153|13.227.143.147|46894|443|browsing
481|1|24.595238|153|4|6|192.168.43.153|13.227.143.147|46894|443|browsing
482|0|24.822076|578|4|6|13.227.143.147|192.168.43.153|443|46894|browsing
483|1|24.822092|32|4|6|192.168.43.153|13.227.143.147|46894|443|browsing
484|1|24.822548|67|4|6|192.168.43.153|13.227.143.147|46894|443|browsing
485|0|24.980782|32|4|6|13.227.143.147|192.168.43.153|443|46894|browsing
486|1|31.108764|109|4|6|192.168.43.153|13.227.143.147|46894|443|browsing
487|1|31.118074|108|4|6|192.168.43.153|13.227.143.147|46894|443|browsing
488|1|31.164716|109|4|6|192.168.43.153|13.227.143.147|46894|443|browsing
489|1|31.164793|109|4|6|192.168.43.153|13.227.143.147|46894|443|browsing
490|1|31.164848|109|4|6|192.168.43.153|13.227.143.147|46894|443|browsing
491|1|31.164897|108|4|6|192.168.43.153|13.227.143.147|46894|443|browsing
492|1|31.164943|108|4|6|192.168.43.153|13.227.143.147|46894|443|browsing
493|1|31.165962|108|4|6|192.168.43.153|13.227.143.147|46894|443|browsing
494|1|31.166010|108|4|6|192.168.43.153|13.227.143.147|46894|443|browsing
495|1|31.166046|185|4|6|192.168.43.153|13.227.143.147|46894|443|browsing
496|0|31.174859|32|4|6|13.227.143.147|192.168.43.153|443|46894|browsing
497|1|31.174896|1380|4|6|192.168.43.153|13.227.143.147|46894|443|browsing
498|1|31.174914|522|4|6|192.168.43.153|13.227.143.147|46894|443|browsing
499|0|31.175271|1380|4|6|13.227.143.147|192.168.43.153|443|46894|browsing
500|1|31.175287|32|4|6|192.168.43.153|13.227.143.147|46894|443|browsing
501|0|31.176847|1380|4|6|13.227.143.147|192.168.43.153|443|46894|browsing
502|1|31.176875|32|4|6|192.168.43.153|13.227.143.147|46894|443|browsing
503|0|31.177180|1208|4|6|13.227.143.147|192.168.43.153|443|46894|browsing
504|1|31.177195|32|4|6|192.168.43.153|13.227.143.147|46894|443|browsing
505|0|31.177234|63|4|6|13.227.143.147|192.168.43.153|443|46894|browsing
506|1|31.177243|32|4|6|192.168.43.153|13.227.143.147|46894|443|browsing
507|0|31.178463|32|4|6|13.227.143.147|192.168.43.153|443|46894|browsing
508|0|31.182762|1380|4|6|13.227.143.147|192.168.43.153|443|46894|browsing
509|1|31.182784|32|4|6|192.168.43.153|13.227.143.147|46894|443|browsing
510|0|31.193342|1380|4|6|13.227.143.147|192.168.43.153|443|46894|browsing
511|1|31.193363|32|4|6|192.168.43.153|13.227.143.147|46894|443|browsing
512|0|31.193595|733|4|6|13.227.143.147|192.168.43.153|443|46894|browsing
513|1|31.193607|32|4|6|192.168.43.153|13.227.143.147|46894|443|browsing
514|0|31.252769|32|4|6|13.227.143.147|192.168.43.153|443|46894|browsing
515|0|31.253137|1380|4|6|13.227.143.147|192.168.43.153|443|46894|browsing
516|1|31.253149|32|4|6|192.168.43.153|13.227.143.147|46894|443|browsing
517|0|31.253282|1380|4|6|13.227.143.147|192.168.43.153|443|46894|browsing
518|1|31.253287|32|4|6|192.168.43.153|13.227.143.147|46894|443|browsing
519|0|31.256072|1164|4|6|13.227.143.147|192.168.43.153|443|46894|browsing
520|1|31.256096|32|4|6|192.168.43.153|13.227.143.147|46894|443|browsing
521|0|31.256293|63|4|6|13.227.143.147|192.168.43.153|443|46894|browsing
522|1|31.256300|32|4|6|192.168.43.153|13.227.143.147|46894|443|browsing
523|0|31.256464|1380|4|6|13.227.143.147|192.168.43.153|443|46894|browsing
524|1|31.256473|32|4|6|192.168.43.153|13.227.143.147|46894|443|browsing
525|0|31.256591|1115|4|6|13.227.143.147|192.168.43.153|443|46894|browsing
526|1|31.256596|32|4|6|192.168.43.153|13.227.143.147|46894|443|browsing
527|0|31.257252|1380|4|6|13.227.143.147|192.168.43.153|443|46894|browsing
528|1|31.257276|32|4|6|192.168.43.153|13.227.143.147|46894|443|browsing
529|0|31.267875|750|4|6|13.227.143.147|192.168.43.153|443|46894|browsing
530|1|31.267897|32|4|6|192.168.43.153|13.227.143.147|46894|443|browsing
531|0|31.268051|63|4|6|13.227.143.147|192.168.43.153|443|46894|browsing
532|1|31.268058|32|4|6|192.168.43.153|13.227.143.147|46894|443|browsing
533|0|31.273801|1380|4|6|13.227.143.147|192.168.43.153|443|46894|browsing
534|1|31.273827|32|4|6|192.168.43.153|13.227.143.147|46894|443|browsing
535|0|31.274074|1380|4|6|13.227.143.147|192.168.43.153|443|46894|browsing
536|1|31.274082|32|4|6|192.168.43.153|13.227.143.147|46894|443|browsing
537|0|31.274243|1183|4|6|13.227.143.147|192.168.43.153|443|46894|browsing
538|1|31.274248|32|4|6|192.168.43.153|13.227.143.147|46894|443|browsing
539|0|31.274256|63|4|6|13.227.143.147|192.168.43.153|443|46894|browsing
540|0|31.274278|32|4|6|13.227.143.147|192.168.43.153|443|46894|browsing
541|0|31.274280|32|4|6|13.227.143.147|192.168.43.153|443|46894|browsing
542|1|31.274290|32|4|6|192.168.43.153|13.227.143.147|46894|443|browsing
543|0|31.274842|1380|4|6|13.227.143.147|192.168.43.153|443|46894|browsing
544|0|31.274992|1380|4|6|13.227.143.147|192.168.43.153|443|46894|browsing
545|1|31.275715|32|4|6|192.168.43.153|13.227.143.147|46894|443|browsing
546|0|31.275755|1380|4|6|13.227.143.147|192.168.43.153|443|46894|browsing
547|0|31.276086|1349|4|6|13.227.143.147|192.168.43.153|443|46894|browsing
548|0|31.276096|63|4|6|13.227.143.147|192.168.43.153|443|46894|browsing
549|1|31.276198|32|4|6|192.168.43.153|13.227.143.147|46894|443|browsing
550|0|31.277361|1380|4|6|13.227.143.147|192.168.43.153|443|46894|browsing
551|0|31.277758|1380|4|6|13.227.143.147|192.168.43.153|443|46894|browsing
552|0|31.277875|1380|4|6|13.227.143.147|192.168.43.153|443|46894|browsing
553|1|31.278925|32|4|6|192.168.43.153|13.227.143.147|46894|443|browsing
554|0|31.293101|1380|4|6|13.227.143.147|192.168.43.153|443|46894|browsing
555|0|31.294699|1380|4|6|13.227.143.147|192.168.43.153|443|46894|browsing
556|1|31.294770|32|4|6|192.168.43.153|13.227.143.147|46894|443|browsing
557|0|31.296300|1380|4|6|13.227.143.147|192.168.43.153|443|46894|browsing
558|0|31.296592|1380|4|6|13.227.143.147|192.168.43.153|443|46894|browsing
559|1|31.296629|32|4|6|192.168.43.153|13.227.143.147|46894|443|browsing
560|0|31.296703|986|4|6|13.227.143.147|192.168.43.153|443|46894|browsing
561|0|31.296865|1380|4|6|13.227.143.147|192.168.43.153|443|46894|browsing
562|1|31.297343|32|4|6|192.168.43.153|13.227.143.147|46894|443|browsing
563|0|31.298092|1380|4|6|13.227.143.147|192.168.43.153|443|46894|browsing
564|0|31.298433|1380|4|6|13.227.143.147|192.168.43.153|443|46894|browsing
565|0|31.298468|338|4|6|13.227.143.147|192.168.43.153|443|46894|browsing
566|0|31.298470|32|4|6|13.227.143.147|192.168.43.153|443|46894|browsing
567|0|31.298646|1380|4|6|13.227.143.147|192.168.43.153|443|46894|browsing
568|1|31.298710|32|4|6|192.168.43.153|13.227.143.147|46894|443|browsing
569|0|31.300346|1380|4|6|13.227.143.147|192.168.43.153|443|46894|browsing
570|1|31.300376|44|4|6|192.168.43.153|13.227.143.147|46894|443|browsing
571|0|31.300687|1380|4|6|13.227.143.147|192.168.43.153|443|46894|browsing
572|1|31.300706|44|4|6|192.168.43.153|13.227.143.147|46894|443|browsing
573|0|31.301366|1380|4|6|13.227.143.147|192.168.43.153|443|46894|browsing
574|1|31.301392|44|4|6|192.168.43.153|13.227.143.147|46894|443|browsing
575|0|31.301410|285|4|6|13.227.143.147|192.168.43.153|443|46894|browsing
576|1|31.301435|44|4|6|192.168.43.153|13.227.143.147|46894|443|browsing
577|0|31.303001|1380|4|6|13.227.143.147|192.168.43.153|443|46894|browsing
578|0|31.303332|818|4|6|13.227.143.147|192.168.43.153|443|46894|browsing
579|0|31.303483|1380|4|6|13.227.143.147|192.168.43.153|443|46894|browsing
580|0|31.303643|1380|4|6|13.227.143.147|192.168.43.153|443|46894|browsing
581|0|31.303975|1380|4|6|13.227.143.147|192.168.43.153|443|46894|browsing
582|1|31.304000|44|4|6|192.168.43.153|13.227.143.147|46894|443|browsing
583|0|31.304136|1380|4|6|13.227.143.147|192.168.43.153|443|46894|browsing
584|1|31.304145|44|4|6|192.168.43.153|13.227.143.147|46894|443|browsing
585|0|31.304244|994|4|6|13.227.143.147|192.168.43.153|443|46894|browsing
586|1|31.304253|32|4|6|192.168.43.153|13.227.143.147|46894|443|browsing
587|0|31.305762|1380|4|6|13.227.143.147|192.168.43.153|443|46894|browsing
588|0|31.306073|1380|4|6|13.227.143.147|192.168.43.153|443|46894|browsing
589|1|31.306086|32|4|6|192.168.43.153|13.227.143.147|46894|443|browsing
590|0|31.306234|1380|4|6|13.227.143.147|192.168.43.153|443|46894|browsing
591|0|31.307420|1380|4|6|13.227.143.147|192.168.43.153|443|46894|browsing
592|0|31.307766|1380|4|6|13.227.143.147|192.168.43.153|443|46894|browsing
593|1|31.308837|32|4|6|192.168.43.153|13.227.143.147|46894|443|browsing
594|0|31.309106|1380|4|6|13.227.143.147|192.168.43.153|443|46894|browsing
595|0|31.309592|1380|4|6|13.227.143.147|192.168.43.153|443|46894|browsing
596|0|31.309741|1380|4|6|13.227.143.147|192.168.43.153|443|46894|browsing
597|0|31.310170|1380|4|6|13.227.143.147|192.168.43.153|443|46894|browsing
598|0|31.310528|1380|4|6|13.227.143.147|192.168.43.153|443|46894|browsing
599|0|31.310680|1380|4|6|13.227.143.147|192.168.43.153|443|46894|browsing
600|1|31.311177|32|4|6|192.168.43.153|13.227.143.147|46894|443|browsing
601|0|31.311609|1380|4|6|13.227.143.147|192.168.43.153|443|46894|browsing
602|0|31.312062|1380|4|6|13.227.143.147|192.168.43.153|443|46894|browsing
603|0|31.312459|1380|4|6|13.227.143.147|192.168.43.153|443|46894|browsing
604|0|31.312605|1380|4|6|13.227.143.147|192.168.43.153|443|46894|browsing
605|1|31.312783|32|4|6|192.168.43.153|13.227.143.147|46894|443|browsing
606|0|31.328945|1380|4|6|13.227.143.147|192.168.43.153|443|46894|browsing
607|0|31.329276|1380|4|6|13.227.143.147|192.168.43.153|443|46894|browsing
608|1|31.329324|32|4|6|192.168.43.153|13.227.143.147|46894|443|browsing
609|0|31.329476|1380|4|6|13.227.143.147|192.168.43.153|443|46894|browsing
610|0|31.329603|1380|4|6|13.227.143.147|192.168.43.153|443|46894|browsing
611|0|31.329752|1380|4|6|13.227.143.147|192.168.43.153|443|46894|browsing
612|1|31.329769|32|4|6|192.168.43.153|13.227.143.147|46894|443|browsing
613|0|31.331939|1380|4|6|13.227.143.147|192.168.43.153|443|46894|browsing
614|0|31.332301|1380|4|6|13.227.143.147|192.168.43.153|443|46894|browsing
615|0|31.332455|1380|4|6|13.227.143.147|192.168.43.153|443|46894|browsing
616|1|31.332470|32|4|6|192.168.43.153|13.227.143.147|46894|443|browsing
617|0|31.337876|1380|4|6|13.227.143.147|192.168.43.153|443|46894|browsing
618|0|31.340131|1380|4|6|13.227.143.147|192.168.43.153|443|46894|browsing
619|0|31.340414|1380|4|6|13.227.143.147|192.168.43.153|443|46894|browsing
620|1|31.340510|32|4|6|192.168.43.153|13.227.143.147|46894|443|browsing
621|0|31.340560|1380|4|6|13.227.143.147|192.168.43.153|443|46894|browsing
622|0|31.340720|1380|4|6|13.227.143.147|192.168.43.153|443|46894|browsing
623|1|31.340847|32|4|6|192.168.43.153|13.227.143.147|46894|443|browsing
624|0|31.340891|1380|4|6|13.227.143.147|192.168.43.153|443|46894|browsing
625|0|31.341046|1380|4|6|13.227.143.147|192.168.43.153|443|46894|browsing
626|1|31.341097|32|4|6|192.168.43.153|13.227.143.147|46894|443|browsing
627|0|31.341651|1380|4|6|13.227.143.147|192.168.43.153|443|46894|browsing
628|0|31.341803|1380|4|6|13.227.143.147|192.168.43.153|443|46894|browsing
629|0|31.341965|1380|4|6|13.227.143.147|192.168.43.153|443|46894|browsing
630|0|31.342129|1380|4|6|13.227.143.147|192.168.43.153|443|46894|browsing
631|0|31.342282|1380|4|6|13.227.143.147|192.168.43.153|443|46894|browsing
632|0|31.342457|1380|4|6|13.227.143.147|192.168.43.153|443|46894|browsing
633|0|31.342784|1380|4|6|13.227.143.147|192.168.43.153|443|46894|browsing
634|0|31.342936|1380|4|6|13.227.143.147|192.168.43.153|443|46894|browsing
635|0|31.343097|1380|4|6|13.227.143.147|192.168.43.153|443|46894|browsing
636|0|31.343257|1380|4|6|13.227.143.147|192.168.43.153|443|46894|browsing
637|0|31.343555|1380|4|6|13.227.143.147|192.168.43.153|443|46894|browsing
638|1|31.343768|32|4|6|192.168.43.153|13.227.143.147|46894|443|browsing
639|0|31.345050|1380|4|6|13.227.143.147|192.168.43.153|443|46894|browsing
640|0|31.345324|1380|4|6|13.227.143.147|192.168.43.153|443|46894|browsing
641|1|31.346131|32|4|6|192.168.43.153|13.227.143.147|46894|443|browsing
642|0|31.346316|1380|4|6|13.227.143.147|192.168.43.153|443|46894|browsing
643|0|31.347257|1380|4|6|13.227.143.147|192.168.43.153|443|46894|browsing
644|1|31.347507|32|4|6|192.168.43.153|13.227.143.147|46894|443|browsing
645|0|31.347579|1380|4|6|13.227.143.147|192.168.43.153|443|46894|browsing
646|0|31.347730|1380|4|6|13.227.143.147|192.168.43.153|443|46894|browsing
647|0|31.347884|1380|4|6|13.227.143.147|192.168.43.153|443|46894|browsing
648|1|31.348415|32|4|6|192.168.43.153|13.227.143.147|46894|443|browsing
649|0|31.348430|1380|4|6|13.227.143.147|192.168.43.153|443|46894|browsing
650|0|31.349767|1380|4|6|13.227.143.147|192.168.43.153|443|46894|browsing
651|1|31.349897|32|4|6|192.168.43.153|13.227.143.147|46894|443|browsing
652|0|31.351849|1380|4|6|13.227.143.147|192.168.43.153|443|46894|browsing
653|0|31.352238|1380|4|6|13.227.143.147|192.168.43.153|443|46894|browsing
654|0|31.352388|1380|4|6|13.227.143.147|192.168.43.153|443|46894|browsing
655|0|31.352547|1380|4|6|13.227.143.147|192.168.43.153|443|46894|browsing
656|0|31.352554|35|4|6|13.227.143.147|192.168.43.153|443|46894|browsing
657|1|31.352639|32|4|6|192.168.43.153|13.227.143.147|46894|443|browsing
658|0|31.355070|1380|4|6|13.227.143.147|192.168.43.153|443|46894|browsing
659|1|31.355097|44|4|6|192.168.43.153|13.227.143.147|46894|443|browsing
660|0|31.356568|1380|4|6|13.227.143.147|192.168.43.153|443|46894|browsing
661|1|31.356592|44|4|6|192.168.43.153|13.227.143.147|46894|443|browsing
662|1|39.024085|122|4|6|192.168.43.153|13.227.143.147|46894|443|browsing
663|0|39.093090|1380|4|6|13.227.143.147|192.168.43.153|443|46894|browsing
664|1|39.093136|32|4|6|192.168.43.153|13.227.143.147|46894|443|browsing
665|0|39.094700|1380|4|6|13.227.143.147|192.168.43.153|443|46894|browsing
666|1|39.094713|32|4|6|192.168.43.153|13.227.143.147|46894|443|browsing
667|0|39.096946|1380|4|6|13.227.143.147|192.168.43.153|443|46894|browsing
668|1|39.096958|32|4|6|192.168.43.153|13.227.143.147|46894|443|browsing
669|0|39.097294|1380|4|6|13.227.143.147|192.168.43.153|443|46894|browsing
670|1|39.097301|32|4|6|192.168.43.153|13.227.143.147|46894|443|browsing
671|0|39.097490|1380|4|6|13.227.143.147|192.168.43.153|443|46894|browsing
672|1|39.097501|32|4|6|192.168.43.153|13.227.143.147|46894|443|browsing
673|0|39.097513|273|4|6|13.227.143.147|192.168.43.153|443|46894|browsing
674|1|39.097535|32|4|6|192.168.43.153|13.227.143.147|46894|443|browsing
675|1|39.800130|116|4|6|192.168.43.153|13.227.143.147|46894|443|browsing
676|0|39.863525|1380|4|6|13.227.143.147|192.168.43.153|443|46894|browsing
677|1|39.863553|32|4|6|192.168.43.153|13.227.143.147|46894|443|browsing
678|0|39.863738|167|4|6|13.227.143.147|192.168.43.153|443|46894|browsing
679|1|39.863748|32|4|6|192.168.43.153|13.227.143.147|46894|443|browsing
680|1|39.888496|120|4|6|192.168.43.153|13.227.143.147|46894|443|browsing
681|1|40.123354|110|4|6|192.168.43.153|13.227.143.147|46894|443|browsing
682|1|40.123757|111|4|6|192.168.43.153|13.227.143.147|46894|443|browsing
683|1|40.123915|112|4|6|192.168.43.153|13.227.143.147|46894|443|browsing
684|0|40.130851|1380|4|6|13.227.143.147|192.168.43.153|443|46894|browsing
685|1|40.130881|32|4|6|192.168.43.153|13.227.143.147|46894|443|browsing
686|0|40.130963|1059|4|6|13.227.143.147|192.168.43.153|443|46894|browsing
687|1|40.130978|32|4|6|192.168.43.153|13.227.143.147|46894|443|browsing
688|0|40.130990|63|4|6|13.227.143.147|192.168.43.153|443|46894|browsing
689|1|40.130993|32|4|6|192.168.43.153|13.227.143.147|46894|443|browsing
690|0|40.179033|63|4|6|13.227.143.147|192.168.43.153|443|46894|browsing
691|1|40.179051|44|4|6|192.168.43.153|13.227.143.147|46894|443|browsing
692|0|40.180337|32|4|6|13.227.143.147|192.168.43.153|443|46894|browsing
693|0|40.182269|1380|4|6|13.227.143.147|192.168.43.153|443|46894|browsing
694|1|40.182283|32|4|6|192.168.43.153|13.227.143.147|46894|443|browsing
695|0|40.182573|1380|4|6|13.227.143.147|192.168.43.153|443|46894|browsing
696|1|40.182587|32|4|6|192.168.43.153|13.227.143.147|46894|443|browsing
697|0|40.183606|1155|4|6|13.227.143.147|192.168.43.153|443|46894|browsing
698|1|40.183632|32|4|6|192.168.43.153|13.227.143.147|46894|443|browsing
699|0|40.183794|63|4|6|13.227.143.147|192.168.43.153|443|46894|browsing
700|1|40.183804|32|4|6|192.168.43.153|13.227.143.147|46894|443|browsing
701|0|40.183961|1380|4|6|13.227.143.147|192.168.43.153|443|46894|browsing
702|1|40.183973|32|4|6|192.168.43.153|13.227.143.147|46894|443|browsing
703|0|40.184119|1380|4|6|13.227.143.147|192.168.43.153|443|46894|browsing
704|1|40.184127|32|4|6|192.168.43.153|13.227.143.147|46894|443|browsing
705|0|40.184273|1083|4|6|13.227.143.147|192.168.43.153|443|46894|browsing
706|1|40.184281|32|4|6|192.168.43.153|13.227.143.147|46894|443|browsing
707|0|40.184290|63|4|6|13.227.143.147|192.168.43.153|443|46894|browsing
708|1|40.184313|32|4|6|192.168.43.153|13.227.143.147|46894|443|browsing
709|1|40.210913|118|4|6|192.168.43.153|13.227.143.147|46894|443|browsing
710|1|40.210979|204|4|6|192.168.43.153|13.227.143.147|46894|443|browsing
711|1|40.211026|118|4|6|192.168.43.153|13.227.143.147|46894|443|browsing
712|1|40.211108|118|4|6|192.168.43.153|13.227.143.147|46894|443|browsing
713|1|40.211151|119|4|6|192.168.43.153|13.227.143.147|46894|443|browsing
714|0|40.212406|933|4|6|13.227.143.147|192.168.43.153|443|46894|browsing
715|1|40.212442|32|4|6|192.168.43.153|13.227.143.147|46894|443|browsing
716|0|40.213371|1380|4|6|13.227.143.147|192.168.43.153|443|46894|browsing
717|1|40.213395|32|4|6|192.168.43.153|13.227.143.147|46894|443|browsing
718|0|40.213695|974|4|6|13.227.143.147|192.168.43.153|443|46894|browsing
719|1|40.213707|32|4|6|192.168.43.153|13.227.143.147|46894|443|browsing
720|0|40.213722|63|4|6|13.227.143.147|192.168.43.153|443|46894|browsing
721|1|40.213755|32|4|6|192.168.43.153|13.227.143.147|46894|443|browsing
722|1|40.257762|118|4|6|192.168.43.153|13.227.143.147|46894|443|browsing
723|1|40.257838|118|4|6|192.168.43.153|13.227.143.147|46894|443|browsing
724|1|40.257891|118|4|6|192.168.43.153|13.227.143.147|46894|443|browsing
725|1|40.257939|118|4|6|192.168.43.153|13.227.143.147|46894|443|browsing
726|1|40.257988|118|4|6|192.168.43.153|13.227.143.147|46894|443|browsing
727|1|40.258036|118|4|6|192.168.43.153|13.227.143.147|46894|443|browsing
728|0|40.275585|1380|4|6|13.227.143.147|192.168.43.153|443|46894|browsing
729|1|40.275613|32|4|6|192.168.43.153|13.227.143.147|46894|443|browsing
730|0|40.275728|1380|4|6|13.227.143.147|192.168.43.153|443|46894|browsing
731|1|40.275735|32|4|6|192.168.43.153|13.227.143.147|46894|443|browsing
732|0|40.277620|772|4|6|13.227.143.147|192.168.43.153|443|46894|browsing
733|1|40.277657|32|4|6|192.168.43.153|13.227.143.147|46894|443|browsing
734|0|40.292328|1099|4|6|13.227.143.147|192.168.43.153|443|46894|browsing
735|1|40.292366|32|4|6|192.168.43.153|13.227.143.147|46894|443|browsing
736|0|40.292523|63|4|6|13.227.143.147|192.168.43.153|443|46894|browsing
737|1|40.297381|32|4|6|192.168.43.153|13.227.143.147|46894|443|browsing
738|0|40.303587|1380|4|6|13.227.143.147|192.168.43.153|443|46894|browsing
739|1|40.303607|32|4|6|192.168.43.153|13.227.143.147|46894|443|browsing
740|0|40.303742|1380|4|6|13.227.143.147|192.168.43.153|443|46894|browsing
741|1|40.303755|32|4|6|192.168.43.153|13.227.143.147|46894|443|browsing
742|0|40.303884|1188|4|6|13.227.143.147|192.168.43.153|443|46894|browsing
743|1|40.303892|32|4|6|192.168.43.153|13.227.143.147|46894|443|browsing
744|0|40.304763|63|4|6|13.227.143.147|192.168.43.153|443|46894|browsing
745|1|40.304877|32|4|6|192.168.43.153|13.227.143.147|46894|443|browsing
746|0|40.310393|1380|4|6|13.227.143.147|192.168.43.153|443|46894|browsing
747|1|40.310419|32|4|6|192.168.43.153|13.227.143.147|46894|443|browsing
748|0|40.310664|1380|4|6|13.227.143.147|192.168.43.153|443|46894|browsing
749|1|40.310680|32|4|6|192.168.43.153|13.227.143.147|46894|443|browsing
750|0|40.313399|1380|4|6|13.227.143.147|192.168.43.153|443|46894|browsing
751|1|40.313429|32|4|6|192.168.43.153|13.227.143.147|46894|443|browsing
752|0|40.313758|1380|4|6|13.227.143.147|192.168.43.153|443|46894|browsing
753|1|40.313780|32|4|6|192.168.43.153|13.227.143.147|46894|443|browsing
754|0|40.313904|1380|4|6|13.227.143.147|192.168.43.153|443|46894|browsing
755|1|40.313912|32|4|6|192.168.43.153|13.227.143.147|46894|443|browsing
756|0|40.315141|1380|4|6|13.227.143.147|192.168.43.153|443|46894|browsing
757|1|40.315170|32|4|6|192.168.43.153|13.227.143.147|46894|443|browsing
758|0|40.316930|1380|4|6|13.227.143.147|192.168.43.153|443|46894|browsing
759|1|40.316941|32|4|6|192.168.43.153|13.227.143.147|46894|443|browsing
760|0|40.318285|1380|4|6|13.227.143.147|192.168.43.153|443|46894|browsing
761|1|40.318310|32|4|6|192.168.43.153|13.227.143.147|46894|443|browsing
762|0|40.327838|1380|4|6|13.227.143.147|192.168.43.153|443|46894|browsing
763|1|40.327863|32|4|6|192.168.43.153|13.227.143.147|46894|443|browsing
764|0|40.329970|1380|4|6|13.227.143.147|192.168.43.153|443|46894|browsing
765|1|40.329996|32|4|6|192.168.43.153|13.227.143.147|46894|443|browsing
766|0|40.330348|1380|4|6|13.227.143.147|192.168.43.153|443|46894|browsing
767|1|40.330363|32|4|6|192.168.43.153|13.227.143.147|46894|443|browsing
768|0|40.331094|726|4|6|13.227.143.147|192.168.43.153|443|46894|browsing
769|1|40.331112|32|4|6|192.168.43.153|13.227.143.147|46894|443|browsing
770|0|40.331497|1380|4|6|13.227.143.147|192.168.43.153|443|46894|browsing
771|0|40.331609|1019|4|6|13.227.143.147|192.168.43.153|443|46894|browsing
772|1|40.331755|32|4|6|192.168.43.153|13.227.143.147|46894|443|browsing
773|0|40.331769|1380|4|6|13.227.143.147|192.168.43.153|443|46894|browsing
774|0|40.340948|1380|4|6|13.227.143.147|192.168.43.153|443|46894|browsing
775|1|40.341050|32|4|6|192.168.43.153|13.227.143.147|46894|443|browsing
776|0|40.348924|1200|4|6|13.227.143.147|192.168.43.153|443|46894|browsing
777|0|40.349110|63|4|6|13.227.143.147|192.168.43.153|443|46894|browsing
778|1|40.349121|32|4|6|192.168.43.153|13.227.143.147|46894|443|browsing
779|1|40.349205|32|4|6|192.168.43.153|13.227.143.147|46894|443|browsing
780|0|40.349240|32|4|6|13.227.143.147|192.168.43.153|443|46894|browsing
781|0|40.356364|1380|4|6|13.227.143.147|192.168.43.153|443|46894|browsing
782|0|40.373054|1380|4|6|13.227.143.147|192.168.43.153|443|46894|browsing
783|1|40.373162|32|4|6|192.168.43.153|13.227.143.147|46894|443|browsing
784|0|40.373418|1380|4|6|13.227.143.147|192.168.43.153|443|46894|browsing
785|0|40.373436|160|4|6|13.227.143.147|192.168.43.153|443|46894|browsing
786|0|40.373440|63|4|6|13.227.143.147|192.168.43.153|443|46894|browsing
787|1|40.373662|32|4|6|192.168.43.153|13.227.143.147|46894|443|browsing
788|0|40.375056|1380|4|6|13.227.143.147|192.168.43.153|443|46894|browsing
789|0|40.376497|1380|4|6|13.227.143.147|192.168.43.153|443|46894|browsing
790|1|40.376559|32|4|6|192.168.43.153|13.227.143.147|46894|443|browsing
791|0|40.376861|1380|4|6|13.227.143.147|192.168.43.153|443|46894|browsing
792|0|40.377016|1380|4|6|13.227.143.147|192.168.43.153|443|46894|browsing
793|1|40.377052|32|4|6|192.168.43.153|13.227.143.147|46894|443|browsing
794|0|40.379553|1380|4|6|13.227.143.147|192.168.43.153|443|46894|browsing
795|0|40.382236|1380|4|6|13.227.143.147|192.168.43.153|443|46894|browsing
796|1|40.382335|32|4|6|192.168.43.153|13.227.143.147|46894|443|browsing
797|0|40.382620|1380|4|6|13.227.143.147|192.168.43.153|443|46894|browsing
798|0|40.383328|1380|4|6|13.227.143.147|192.168.43.153|443|46894|browsing
799|0|40.383661|1380|4|6|13.227.143.147|192.168.43.153|443|46894|browsing
800|0|40.384721|1380|4|6|13.227.143.147|192.168.43.153|443|46894|browsing
801|0|40.385940|1380|4|6|13.227.143.147|192.168.43.153|443|46894|browsing
802|0|40.387223|1380|4|6|13.227.143.147|192.168.43.153|443|46894|browsing
803|0|40.387610|1380|4|6|13.227.143.147|192.168.43.153|443|46894|browsing
804|1|40.388001|32|4|6|192.168.43.153|13.227.143.147|46894|443|browsing
805|0|40.388675|1380|4|6|13.227.143.147|192.168.43.153|443|46894|browsing
806|0|40.388830|1380|4|6|13.227.143.147|192.168.43.153|443|46894|browsing
807|0|40.391483|1380|4|6|13.227.143.147|192.168.43.153|443|46894|browsing
808|0|40.391736|1380|4|6|13.227.143.147|192.168.43.153|443|46894|browsing
809|0|40.391863|1380|4|6|13.227.143.147|192.168.43.153|443|46894|browsing
810|1|40.392988|32|4|6|192.168.43.153|13.227.143.147|46894|443|browsing
811|0|40.393057|1380|4|6|13.227.143.147|192.168.43.153|443|46894|browsing
812|0|40.393430|1380|4|6|13.227.143.147|192.168.43.153|443|46894|browsing
813|0|40.393575|1380|4|6|13.227.143.147|192.168.43.153|443|46894|browsing
814|1|40.394034|32|4|6|192.168.43.153|13.227.143.147|46894|443|browsing
815|0|40.395154|1380|4|6|13.227.143.147|192.168.43.153|443|46894|browsing
816|0|40.395914|1380|4|6|13.227.143.147|192.168.43.153|443|46894|browsing
817|1|40.396092|32|4|6|192.168.43.153|13.227.143.147|46894|443|browsing
818|0|40.397273|1380|4|6|13.227.143.147|192.168.43.153|443|46894|browsing
819|0|40.397547|394|4|6|13.227.143.147|192.168.43.153|443|46894|browsing
820|1|40.397893|32|4|6|192.168.43.153|13.227.143.147|46894|443|browsing
821|1|40.428149|108|4|6|192.168.43.153|13.227.143.147|46894|443|browsing
822|0|40.513930|1380|4|6|13.227.143.147|192.168.43.153|443|46894|browsing
823|0|40.515301|1380|4|6|13.227.143.147|192.168.43.153|443|46894|browsing
824|1|40.516547|32|4|6|192.168.43.153|13.227.143.147|46894|443|browsing
825|0|40.516668|1380|4|6|13.227.143.147|192.168.43.153|443|46894|browsing
826|0|40.518204|1380|4|6|13.227.143.147|192.168.43.153|443|46894|browsing
827|1|40.518279|32|4|6|192.168.43.153|13.227.143.147|46894|443|browsing
828|0|40.533597|1380|4|6|13.227.143.147|192.168.43.153|443|46894|browsing
829|0|40.533767|172|4|6|13.227.143.147|192.168.43.153|443|46894|browsing
830|1|40.533785|32|4|6|192.168.43.153|13.227.143.147|46894|443|browsing
